transaction_id,customer_id,transaction_date,amount
TX-0000001,CUST-00001,2026-08-31,509.72
TX-0000002,CUST-00001,2026-07-23,614.65
TX-0000003,CUST-00001,2026-01-30,423.54
TX-0000004,CUST-00001,2026-01-19,643.91
TX-0000005,CUST-00001,2026-01-12,596.52
TX-0000006,CUST-00001,2025-12-20,432.03
TX-0000007,CUST-00001,2026-04-10,492.7
TX-0000008,CUST-00001,2026-01-06,631.69
TX-0000009,CUST-00001,2026-02-14,605.69
TX-0000010,CUST-00001,2026-04-10,510.85
TX-0000011,CUST-00001,2026-06-13,538.65
TX-0000012,CUST-00001,2025-12-15,415.95
TX-0000013,CUST-00001,2025-12-24,557.92
TX-0000014,CUST-00001,2026-01-29,589.52
TX-0000015,CUST-00001,2026-05-07,642.67
TX-0000016,CUST-00001,2026-02-04,623.28
TX-0000017,CUST-00001,2026-01-07,448.66
TX-0000018,CUST-00001,2026-03-28,516.68
TX-0000019,CUST-00001,2026-08-04,438.57
TX-0000020,CUST-00001,2025-11-27,570.76
TX-0000021,CUST-00001,2026-01-16,641.88
TX-0000022,CUST-00001,2025-12-01,481.46
TX-0000023,CUST-00001,2026-05-03,517.39
TX-0000024,CUST-00001,2026-04-07,447.37
TX-0000025,CUST-00002,2026-08-30,456.73
TX-0000026,CUST-00002,2026-04-02,567.45
TX-0000027,CUST-00002,2026-07-01,509.29
TX-0000028,CUST-00002,2025-12-21,575.07
TX-0000029,CUST-00002,2026-01-09,478.09
TX-0000030,CUST-00002,2025-12-21,601.19
TX-0000031,CUST-00002,2025-12-03,496.87
TX-0000032,CUST-00002,2026-05-25,570.62
TX-0000033,CUST-00002,2025-12-21,434.94
TX-0000034,CUST-00002,2026-06-20,401.84
TX-0000035,CUST-00002,2026-01-05,596.73
TX-0000036,CUST-00002,2026-02-07,576.29
TX-0000037,CUST-00002,2026-03-10,595.18
TX-0000038,CUST-00002,2026-04-07,542.19
TX-0000039,CUST-00002,2026-06-07,434.95
TX-0000040,CUST-00002,2026-07-14,567.1
TX-0000041,CUST-00002,2025-12-15,517.77
TX-0000042,CUST-00002,2026-03-07,591.25
TX-0000043,CUST-00002,2026-03-07,558.68
TX-0000044,CUST-00002,2026-03-11,539.8
TX-0000045,CUST-00002,2026-02-25,475.99
TX-0000046,CUST-00002,2026-08-07,509.18
TX-0000047,CUST-00002,2026-05-29,453.65
TX-0000048,CUST-00003,2026-08-28,458.48
TX-0000049,CUST-00003,2025-12-13,414.58
TX-0000050,CUST-00003,2025-11-25,470.35
TX-0000051,CUST-00003,2026-05-22,565.48
TX-0000052,CUST-00003,2026-03-23,539.26
TX-0000053,CUST-00003,2026-01-02,566.08
TX-0000054,CUST-00003,2026-04-16,501.6
TX-0000055,CUST-00003,2025-12-25,441.74
TX-0000056,CUST-00003,2026-07-14,405.68
TX-0000057,CUST-00003,2026-07-19,580.59
TX-0000058,CUST-00003,2026-01-21,515.47
TX-0000059,CUST-00003,2026-06-29,525.26
TX-0000060,CUST-00003,2026-03-25,438.08
TX-0000061,CUST-00003,2026-01-27,511.54
TX-0000062,CUST-00003,2026-06-06,495.26
TX-0000063,CUST-00003,2026-05-20,557.57
TX-0000064,CUST-00003,2025-11-13,490.45
TX-0000065,CUST-00003,2026-07-20,429.5
TX-0000066,CUST-00003,2026-05-01,640.47
TX-0000067,CUST-00003,2025-11-28,574.93
TX-0000068,CUST-00003,2026-01-08,466.47
TX-0000069,CUST-00003,2025-11-10,594.69
TX-0000070,CUST-00003,2026-01-01,579.22
TX-0000071,CUST-00003,2026-04-07,468.06
TX-0000072,CUST-00003,2026-04-08,424.1
TX-0000073,CUST-00003,2025-11-29,513.94
TX-0000074,CUST-00004,2026-08-26,476.49
TX-0000075,CUST-00004,2026-03-09,544.8
TX-0000076,CUST-00004,2026-06-22,614.15
TX-0000077,CUST-00004,2026-03-24,589.63
TX-0000078,CUST-00004,2026-01-18,508.02
TX-0000079,CUST-00004,2026-07-03,556.83
TX-0000080,CUST-00004,2026-02-26,562.46
TX-0000081,CUST-00004,2026-01-08,421.11
TX-0000082,CUST-00004,2026-04-15,410.4
TX-0000083,CUST-00004,2026-06-19,523.5
TX-0000084,CUST-00004,2026-05-09,436.13
TX-0000085,CUST-00004,2026-06-23,425.85
TX-0000086,CUST-00004,2026-02-25,442.65
TX-0000087,CUST-00004,2025-11-02,631.28
TX-0000088,CUST-00004,2026-02-27,486.72
TX-0000089,CUST-00004,2026-05-19,547.73
TX-0000090,CUST-00004,2026-08-05,639.64
TX-0000091,CUST-00004,2026-03-31,520.58
TX-0000092,CUST-00005,2026-08-25,521.66
TX-0000093,CUST-00005,2026-07-18,522.68
TX-0000094,CUST-00005,2026-06-26,634.46
TX-0000095,CUST-00005,2026-03-01,518.37
TX-0000096,CUST-00005,2025-11-12,466.74
TX-0000097,CUST-00005,2026-05-08,530.17
TX-0000098,CUST-00005,2026-05-21,509.73
TX-0000099,CUST-00005,2026-08-04,606.57
TX-0000100,CUST-00005,2026-03-09,624.04
TX-0000101,CUST-00005,2026-07-02,538.51
TX-0000102,CUST-00005,2026-02-02,427.14
TX-0000103,CUST-00005,2026-01-31,470.31
TX-0000104,CUST-00005,2026-01-14,564.86
TX-0000105,CUST-00005,2026-01-15,592.16
TX-0000106,CUST-00005,2026-02-16,426.94
TX-0000107,CUST-00005,2025-11-22,457.55
TX-0000108,CUST-00006,2026-08-30,538.71
TX-0000109,CUST-00006,2026-05-19,492.73
TX-0000110,CUST-00006,2025-12-22,602.06
TX-0000111,CUST-00006,2026-06-19,479.28
TX-0000112,CUST-00006,2025-11-17,472.73
TX-0000113,CUST-00006,2025-11-30,528.76
TX-0000114,CUST-00006,2026-06-04,634.01
TX-0000115,CUST-00006,2026-03-17,441.15
TX-0000116,CUST-00006,2026-08-03,508.77
TX-0000117,CUST-00006,2026-07-03,648.09
TX-0000118,CUST-00006,2025-12-04,587.15
TX-0000119,CUST-00006,2026-06-13,622.7
TX-0000120,CUST-00006,2025-12-04,529.71
TX-0000121,CUST-00006,2026-08-09,478.98
TX-0000122,CUST-00006,2026-01-07,565.42
TX-0000123,CUST-00006,2025-12-06,493.41
TX-0000124,CUST-00007,2026-08-31,465.62
TX-0000125,CUST-00007,2026-01-16,634.2
TX-0000126,CUST-00007,2026-08-07,460.24
TX-0000127,CUST-00007,2026-07-13,607.78
TX-0000128,CUST-00007,2026-01-16,438.32
TX-0000129,CUST-00007,2026-06-26,549.85
TX-0000130,CUST-00007,2026-08-04,618.64
TX-0000131,CUST-00007,2026-06-22,477.58
TX-0000132,CUST-00007,2026-05-17,594.35
TX-0000133,CUST-00007,2025-11-13,525.19
TX-0000134,CUST-00007,2025-11-23,435.97
TX-0000135,CUST-00007,2026-08-13,457.41
TX-0000136,CUST-00007,2026-08-11,432.96
TX-0000137,CUST-00007,2026-02-04,430.46
TX-0000138,CUST-00007,2025-11-25,526.58
TX-0000139,CUST-00007,2026-01-31,545.28
TX-0000140,CUST-00007,2025-12-13,449.94
TX-0000141,CUST-00007,2025-12-30,578.85
TX-0000142,CUST-00007,2025-12-24,584.75
TX-0000143,CUST-00007,2026-07-10,430.94
TX-0000144,CUST-00007,2026-07-24,631.89
TX-0000145,CUST-00007,2026-04-25,475.24
TX-0000146,CUST-00007,2026-03-25,522.15
TX-0000147,CUST-00007,2026-02-09,638.91
TX-0000148,CUST-00008,2026-08-27,631.2
TX-0000149,CUST-00008,2026-02-23,406.21
TX-0000150,CUST-00008,2026-03-07,558.49
TX-0000151,CUST-00008,2026-01-18,426.47
TX-0000152,CUST-00008,2026-07-04,504.78
TX-0000153,CUST-00008,2026-06-26,641.56
TX-0000154,CUST-00008,2026-02-24,633.26
TX-0000155,CUST-00008,2026-04-11,601.09
TX-0000156,CUST-00008,2026-04-01,596.19
TX-0000157,CUST-00008,2026-02-04,404.46
TX-0000158,CUST-00008,2026-07-12,607.36
TX-0000159,CUST-00008,2026-04-03,599.2
TX-0000160,CUST-00008,2026-06-07,532.69
TX-0000161,CUST-00008,2025-11-20,551.5
TX-0000162,CUST-00008,2025-12-08,550.78
TX-0000163,CUST-00008,2026-07-10,503.14
TX-0000164,CUST-00008,2026-04-28,506.47
TX-0000165,CUST-00008,2025-11-11,562.98
TX-0000166,CUST-00008,2025-12-08,513.47
TX-0000167,CUST-00009,2026-08-27,459.17
TX-0000168,CUST-00009,2025-12-16,586.5
TX-0000169,CUST-00009,2025-12-23,426.32
TX-0000170,CUST-00009,2026-03-30,416.64
TX-0000171,CUST-00009,2026-02-24,436.54
TX-0000172,CUST-00009,2026-05-14,606.17
TX-0000173,CUST-00009,2026-05-16,435.97
TX-0000174,CUST-00009,2026-02-23,630.24
TX-0000175,CUST-00009,2026-06-26,471.18
TX-0000176,CUST-00009,2026-04-05,438.4
TX-0000177,CUST-00009,2026-07-11,405.29
TX-0000178,CUST-00009,2026-06-18,413.85
TX-0000179,CUST-00009,2026-06-24,413.35
TX-0000180,CUST-00009,2026-03-18,547.79
TX-0000181,CUST-00009,2026-01-30,498.41
TX-0000182,CUST-00009,2025-11-05,479.5
TX-0000183,CUST-00009,2026-03-22,618.75
TX-0000184,CUST-00009,2026-03-13,612.78
TX-0000185,CUST-00010,2026-08-31,459.19
TX-0000186,CUST-00010,2026-06-26,462.35
TX-0000187,CUST-00010,2025-11-19,542.81
TX-0000188,CUST-00010,2026-04-20,412.31
TX-0000189,CUST-00010,2025-11-26,493.4
TX-0000190,CUST-00010,2026-03-20,425.42
TX-0000191,CUST-00010,2026-07-17,608.36
TX-0000192,CUST-00010,2026-08-02,631.21
TX-0000193,CUST-00010,2025-12-21,424.78
TX-0000194,CUST-00010,2025-12-19,625.66
TX-0000195,CUST-00010,2026-05-17,644.89
TX-0000196,CUST-00010,2025-12-31,594.87
TX-0000197,CUST-00010,2026-02-22,560.62
TX-0000198,CUST-00010,2026-01-06,433.64
TX-0000199,CUST-00010,2026-05-16,534.02
TX-0000200,CUST-00010,2026-03-23,614.39
TX-0000201,CUST-00010,2026-01-05,515.7
TX-0000202,CUST-00010,2026-04-29,559.89
TX-0000203,CUST-00010,2026-07-30,466.62
TX-0000204,CUST-00010,2026-07-08,519.47
TX-0000205,CUST-00010,2026-02-25,504.22
TX-0000206,CUST-00011,2026-08-30,491.6
TX-0000207,CUST-00011,2026-05-03,481.87
TX-0000208,CUST-00011,2026-06-24,494.87
TX-0000209,CUST-00011,2026-02-01,474.22
TX-0000210,CUST-00011,2026-02-05,637.21
TX-0000211,CUST-00011,2025-11-27,520.23
TX-0000212,CUST-00011,2026-04-06,482.09
TX-0000213,CUST-00011,2026-03-16,612.14
TX-0000214,CUST-00011,2026-06-19,563.15
TX-0000215,CUST-00011,2025-12-29,533.18
TX-0000216,CUST-00011,2026-07-26,558.23
TX-0000217,CUST-00011,2026-05-25,583.72
TX-0000218,CUST-00011,2026-02-26,450.6
TX-0000219,CUST-00011,2026-01-29,615.18
TX-0000220,CUST-00011,2025-11-17,433.03
TX-0000221,CUST-00011,2026-02-21,423.77
TX-0000222,CUST-00011,2026-03-03,581.43
TX-0000223,CUST-00011,2026-07-22,633.98
TX-0000224,CUST-00011,2025-11-15,434.35
TX-0000225,CUST-00012,2026-08-24,548.42
TX-0000226,CUST-00012,2025-12-24,595.66
TX-0000227,CUST-00012,2025-11-17,598.78
TX-0000228,CUST-00012,2025-11-13,463.35
TX-0000229,CUST-00012,2026-07-26,547.52
TX-0000230,CUST-00012,2026-07-13,554.04
TX-0000231,CUST-00012,2026-07-04,442.82
TX-0000232,CUST-00012,2026-03-01,543.11
TX-0000233,CUST-00012,2026-01-28,516.5
TX-0000234,CUST-00012,2026-03-14,590.98
TX-0000235,CUST-00012,2026-03-15,599.81
TX-0000236,CUST-00012,2026-03-22,549.9
TX-0000237,CUST-00012,2025-12-12,632.81
TX-0000238,CUST-00012,2026-07-06,429.28
TX-0000239,CUST-00012,2026-03-23,421.93
TX-0000240,CUST-00012,2026-02-03,504.65
TX-0000241,CUST-00012,2026-06-11,593.58
TX-0000242,CUST-00013,2026-08-26,624.59
TX-0000243,CUST-00013,2026-05-08,590.63
TX-0000244,CUST-00013,2025-12-28,467.63
TX-0000245,CUST-00013,2026-04-30,478.61
TX-0000246,CUST-00013,2025-11-11,439.4
TX-0000247,CUST-00013,2026-06-30,634.03
TX-0000248,CUST-00013,2026-01-13,509.48
TX-0000249,CUST-00013,2026-04-24,582.42
TX-0000250,CUST-00013,2025-11-14,538.25
TX-0000251,CUST-00013,2025-11-18,595.08
TX-0000252,CUST-00013,2026-07-03,519.84
TX-0000253,CUST-00013,2026-04-26,646.66
TX-0000254,CUST-00013,2025-12-13,579.44
TX-0000255,CUST-00013,2025-11-13,429.62
TX-0000256,CUST-00013,2025-12-04,612.63
TX-0000257,CUST-00013,2026-02-11,430.48
TX-0000258,CUST-00013,2026-08-02,547.06
TX-0000259,CUST-00013,2026-01-28,403.08
TX-0000260,CUST-00013,2026-01-18,513.58
TX-0000261,CUST-00013,2025-12-19,473.84
TX-0000262,CUST-00013,2026-05-14,514.64
TX-0000263,CUST-00013,2026-04-07,475.48
TX-0000264,CUST-00013,2026-01-13,629.61
TX-0000265,CUST-00013,2026-01-01,427.65
TX-0000266,CUST-00014,2026-08-28,619.8
TX-0000267,CUST-00014,2026-01-04,470.98
TX-0000268,CUST-00014,2025-12-18,426.6
TX-0000269,CUST-00014,2026-08-07,649.78
TX-0000270,CUST-00014,2026-02-05,562.53
TX-0000271,CUST-00014,2026-01-31,422.61
TX-0000272,CUST-00014,2025-12-01,407.25
TX-0000273,CUST-00014,2026-04-06,460.21
TX-0000274,CUST-00014,2026-07-04,594.19
TX-0000275,CUST-00014,2026-08-09,449.55
TX-0000276,CUST-00014,2025-11-27,564.07
TX-0000277,CUST-00014,2026-08-12,409.04
TX-0000278,CUST-00014,2026-08-12,412.91
TX-0000279,CUST-00014,2025-11-07,551.48
TX-0000280,CUST-00014,2025-12-28,459.64
TX-0000281,CUST-00014,2026-06-05,612.35
TX-0000282,CUST-00014,2026-07-28,600.24
TX-0000283,CUST-00014,2026-07-10,631.95
TX-0000284,CUST-00014,2026-01-05,574.53
TX-0000285,CUST-00014,2026-04-08,609.5
TX-0000286,CUST-00014,2026-08-02,450.45
TX-0000287,CUST-00014,2026-01-27,431.23
TX-0000288,CUST-00014,2026-03-23,586.3
TX-0000289,CUST-00014,2026-07-20,557.5
TX-0000290,CUST-00014,2025-12-14,438.8
TX-0000291,CUST-00014,2026-07-29,583.66
TX-0000292,CUST-00015,2026-08-30,577.48
TX-0000293,CUST-00015,2026-05-30,645.05
TX-0000294,CUST-00015,2026-03-23,552.89
TX-0000295,CUST-00015,2026-07-31,554.08
TX-0000296,CUST-00015,2026-06-14,410.59
TX-0000297,CUST-00015,2025-12-07,577.39
TX-0000298,CUST-00015,2026-05-02,443.28
TX-0000299,CUST-00015,2026-07-20,445.88
TX-0000300,CUST-00015,2026-02-28,645.01
TX-0000301,CUST-00015,2026-04-07,596.02
TX-0000302,CUST-00015,2025-12-10,559.1
TX-0000303,CUST-00015,2026-03-05,436.28
TX-0000304,CUST-00015,2026-03-14,636.51
TX-0000305,CUST-00015,2026-05-22,544.5
TX-0000306,CUST-00015,2026-06-03,574.94
TX-0000307,CUST-00015,2026-02-11,635.15
TX-0000308,CUST-00016,2026-08-30,527.09
TX-0000309,CUST-00016,2025-11-28,501.01
TX-0000310,CUST-00016,2026-04-02,429.8
TX-0000311,CUST-00016,2025-11-18,433.52
TX-0000312,CUST-00016,2026-05-28,476.18
TX-0000313,CUST-00016,2026-01-04,506.98
TX-0000314,CUST-00016,2026-02-22,558.66
TX-0000315,CUST-00016,2026-07-03,502.95
TX-0000316,CUST-00016,2026-04-21,454.41
TX-0000317,CUST-00016,2026-02-25,547.08
TX-0000318,CUST-00016,2026-05-17,409.01
TX-0000319,CUST-00016,2026-04-01,504.6
TX-0000320,CUST-00016,2026-04-02,456.4
TX-0000321,CUST-00016,2026-05-08,543.11
TX-0000322,CUST-00016,2026-03-07,575.5
TX-0000323,CUST-00016,2026-03-01,561.99
TX-0000324,CUST-00016,2026-02-11,479.05
TX-0000325,CUST-00017,2026-08-30,537.29
TX-0000326,CUST-00017,2026-03-18,507.85
TX-0000327,CUST-00017,2026-02-18,490.16
TX-0000328,CUST-00017,2025-12-28,528.18
TX-0000329,CUST-00017,2026-01-18,621.6
TX-0000330,CUST-00017,2025-12-16,630.26
TX-0000331,CUST-00017,2026-03-25,530.07
TX-0000332,CUST-00017,2026-06-06,599.97
TX-0000333,CUST-00017,2026-05-18,609.35
TX-0000334,CUST-00017,2026-08-04,523.54
TX-0000335,CUST-00017,2026-07-13,418.01
TX-0000336,CUST-00017,2025-12-24,610.5
TX-0000337,CUST-00017,2026-07-31,470.15
TX-0000338,CUST-00017,2026-03-30,483.53
TX-0000339,CUST-00017,2026-06-27,478.47
TX-0000340,CUST-00017,2025-12-01,585.67
TX-0000341,CUST-00017,2026-08-11,606.79
TX-0000342,CUST-00017,2026-04-19,614.14
TX-0000343,CUST-00017,2026-05-01,438.4
TX-0000344,CUST-00017,2026-02-06,550.21
TX-0000345,CUST-00017,2026-07-12,491.23
TX-0000346,CUST-00017,2026-07-25,639.61
TX-0000347,CUST-00017,2025-11-05,593.03
TX-0000348,CUST-00017,2026-01-08,477.74
TX-0000349,CUST-00018,2026-08-26,496.96
TX-0000350,CUST-00018,2026-01-22,560.22
TX-0000351,CUST-00018,2026-01-31,402.68
TX-0000352,CUST-00018,2026-06-13,531.27
TX-0000353,CUST-00018,2026-01-21,440.94
TX-0000354,CUST-00018,2026-06-25,609.08
TX-0000355,CUST-00018,2025-11-11,647.28
TX-0000356,CUST-00018,2026-03-06,609.77
TX-0000357,CUST-00018,2026-02-07,647.58
TX-0000358,CUST-00018,2026-07-02,512.06
TX-0000359,CUST-00018,2026-05-10,498.14
TX-0000360,CUST-00018,2026-07-20,588.83
TX-0000361,CUST-00018,2026-03-28,508.44
TX-0000362,CUST-00018,2026-03-31,437.67
TX-0000363,CUST-00018,2026-06-03,445.23
TX-0000364,CUST-00018,2025-11-26,411.16
TX-0000365,CUST-00018,2026-06-18,458.21
TX-0000366,CUST-00019,2026-08-29,546.61
TX-0000367,CUST-00019,2026-03-28,523.32
TX-0000368,CUST-00019,2026-05-30,421.03
TX-0000369,CUST-00019,2026-06-06,610.9
TX-0000370,CUST-00019,2026-03-09,559.4
TX-0000371,CUST-00019,2026-02-10,567.55
TX-0000372,CUST-00019,2026-02-21,590.73
TX-0000373,CUST-00019,2026-07-29,491.65
TX-0000374,CUST-00019,2025-12-06,534.88
TX-0000375,CUST-00019,2026-05-10,611.12
TX-0000376,CUST-00019,2026-03-16,520.64
TX-0000377,CUST-00019,2026-01-07,613.0
TX-0000378,CUST-00019,2026-04-14,526.2
TX-0000379,CUST-00019,2025-11-28,546.78
TX-0000380,CUST-00019,2026-04-27,612.57
TX-0000381,CUST-00019,2026-05-09,524.7
TX-0000382,CUST-00019,2026-03-20,532.85
TX-0000383,CUST-00019,2026-07-16,499.64
TX-0000384,CUST-00020,2026-08-24,557.71
TX-0000385,CUST-00020,2026-08-07,444.38
TX-0000386,CUST-00020,2026-05-05,447.9
TX-0000387,CUST-00020,2026-02-17,406.21
TX-0000388,CUST-00020,2025-11-18,512.05
TX-0000389,CUST-00020,2026-06-30,476.88
TX-0000390,CUST-00020,2026-02-20,401.83
TX-0000391,CUST-00020,2026-06-22,469.51
TX-0000392,CUST-00020,2026-01-21,558.44
TX-0000393,CUST-00020,2025-12-24,645.45
TX-0000394,CUST-00020,2026-02-14,519.38
TX-0000395,CUST-00020,2026-02-05,590.36
TX-0000396,CUST-00020,2025-11-25,580.17
TX-0000397,CUST-00020,2026-02-13,640.8
TX-0000398,CUST-00020,2025-12-30,616.7
TX-0000399,CUST-00020,2026-03-18,428.53
TX-0000400,CUST-00020,2026-01-13,510.02
TX-0000401,CUST-00020,2025-11-08,538.28
TX-0000402,CUST-00020,2026-02-04,642.45
TX-0000403,CUST-00020,2026-06-27,646.14
TX-0000404,CUST-00020,2026-05-19,583.44
TX-0000405,CUST-00020,2026-02-09,587.5
TX-0000406,CUST-00020,2026-05-03,430.97
TX-0000407,CUST-00020,2026-03-18,410.24
TX-0000408,CUST-00020,2025-12-31,522.42
TX-0000409,CUST-00020,2025-12-07,646.39
TX-0000410,CUST-00021,2026-08-28,502.89
TX-0000411,CUST-00021,2025-11-08,598.42
TX-0000412,CUST-00021,2026-06-11,421.2
TX-0000413,CUST-00021,2026-03-08,600.51
TX-0000414,CUST-00021,2026-04-09,631.18
TX-0000415,CUST-00021,2025-12-22,409.24
TX-0000416,CUST-00021,2025-11-15,493.18
TX-0000417,CUST-00021,2026-07-31,427.32
TX-0000418,CUST-00021,2026-01-08,568.83
TX-0000419,CUST-00021,2026-01-22,593.43
TX-0000420,CUST-00021,2026-01-15,616.36
TX-0000421,CUST-00021,2026-01-15,600.22
TX-0000422,CUST-00021,2025-11-28,412.24
TX-0000423,CUST-00021,2026-06-08,555.47
TX-0000424,CUST-00021,2026-04-09,614.53
TX-0000425,CUST-00021,2026-08-12,528.66
TX-0000426,CUST-00021,2026-03-15,569.32
TX-0000427,CUST-00021,2026-08-05,500.34
TX-0000428,CUST-00021,2026-02-20,623.91
TX-0000429,CUST-00022,2026-08-26,613.2
TX-0000430,CUST-00022,2026-06-05,487.01
TX-0000431,CUST-00022,2025-11-27,613.34
TX-0000432,CUST-00022,2026-05-18,547.58
TX-0000433,CUST-00022,2026-07-10,499.24
TX-0000434,CUST-00022,2026-05-25,621.64
TX-0000435,CUST-00022,2026-01-30,446.9
TX-0000436,CUST-00022,2026-07-18,485.48
TX-0000437,CUST-00022,2026-04-12,579.41
TX-0000438,CUST-00022,2025-12-24,649.69
TX-0000439,CUST-00022,2026-01-03,474.09
TX-0000440,CUST-00022,2026-04-17,434.21
TX-0000441,CUST-00022,2026-06-19,543.72
TX-0000442,CUST-00022,2025-10-31,575.22
TX-0000443,CUST-00022,2026-07-25,548.8
TX-0000444,CUST-00022,2026-04-22,628.82
TX-0000445,CUST-00022,2026-05-05,524.23
TX-0000446,CUST-00022,2026-07-04,491.34
TX-0000447,CUST-00023,2026-08-31,450.49
TX-0000448,CUST-00023,2026-05-22,404.42
TX-0000449,CUST-00023,2026-04-09,558.64
TX-0000450,CUST-00023,2026-04-10,485.82
TX-0000451,CUST-00023,2026-04-19,639.8
TX-0000452,CUST-00023,2026-03-26,587.99
TX-0000453,CUST-00023,2026-03-15,471.14
TX-0000454,CUST-00023,2026-04-28,624.25
TX-0000455,CUST-00023,2026-06-10,481.34
TX-0000456,CUST-00023,2026-05-21,627.27
TX-0000457,CUST-00023,2026-03-19,585.58
TX-0000458,CUST-00023,2026-02-21,547.69
TX-0000459,CUST-00023,2026-02-11,474.85
TX-0000460,CUST-00023,2026-05-23,460.34
TX-0000461,CUST-00023,2026-05-17,438.86
TX-0000462,CUST-00023,2026-08-16,618.58
TX-0000463,CUST-00024,2026-08-29,597.99
TX-0000464,CUST-00024,2026-03-07,595.96
TX-0000465,CUST-00024,2025-12-12,509.6
TX-0000466,CUST-00024,2026-04-01,648.68
TX-0000467,CUST-00024,2026-06-03,568.65
TX-0000468,CUST-00024,2025-12-25,625.64
TX-0000469,CUST-00024,2026-04-02,596.9
TX-0000470,CUST-00024,2026-06-23,540.54
TX-0000471,CUST-00024,2026-04-15,425.47
TX-0000472,CUST-00024,2026-02-09,638.84
TX-0000473,CUST-00024,2025-11-21,528.18
TX-0000474,CUST-00024,2026-04-13,408.96
TX-0000475,CUST-00024,2026-01-16,639.94
TX-0000476,CUST-00024,2026-07-16,410.27
TX-0000477,CUST-00024,2026-03-04,461.52
TX-0000478,CUST-00024,2026-07-27,513.78
TX-0000479,CUST-00025,2026-08-29,478.14
TX-0000480,CUST-00025,2025-12-15,412.74
TX-0000481,CUST-00025,2026-07-14,496.13
TX-0000482,CUST-00025,2025-12-02,415.13
TX-0000483,CUST-00025,2026-01-28,451.76
TX-0000484,CUST-00025,2026-03-28,475.52
TX-0000485,CUST-00025,2026-04-24,504.15
TX-0000486,CUST-00025,2026-05-24,400.42
TX-0000487,CUST-00025,2026-07-14,615.69
TX-0000488,CUST-00025,2026-07-14,400.31
TX-0000489,CUST-00025,2026-03-23,522.38
TX-0000490,CUST-00025,2026-04-20,483.27
TX-0000491,CUST-00025,2026-04-14,595.15
TX-0000492,CUST-00025,2026-03-17,610.3
TX-0000493,CUST-00025,2026-06-01,480.62
TX-0000494,CUST-00025,2025-11-27,460.62
TX-0000495,CUST-00025,2026-03-31,570.81
TX-0000496,CUST-00025,2026-01-14,457.06
TX-0000497,CUST-00025,2026-05-12,632.6
TX-0000498,CUST-00025,2026-03-26,412.14
TX-0000499,CUST-00025,2026-04-05,577.89
TX-0000500,CUST-00026,2026-08-30,411.84
TX-0000501,CUST-00026,2026-08-10,434.55
TX-0000502,CUST-00026,2025-11-27,402.31
TX-0000503,CUST-00026,2025-12-26,447.08
TX-0000504,CUST-00026,2026-08-07,427.66
TX-0000505,CUST-00026,2026-04-02,555.04
TX-0000506,CUST-00026,2026-06-08,542.3
TX-0000507,CUST-00026,2026-02-01,547.55
TX-0000508,CUST-00026,2025-12-16,401.19
TX-0000509,CUST-00026,2026-03-17,613.34
TX-0000510,CUST-00026,2026-02-20,440.69
TX-0000511,CUST-00026,2025-11-05,593.23
TX-0000512,CUST-00026,2025-12-15,463.57
TX-0000513,CUST-00026,2026-03-10,629.7
TX-0000514,CUST-00026,2026-04-08,550.86
TX-0000515,CUST-00026,2026-07-24,646.16
TX-0000516,CUST-00026,2026-05-04,603.29
TX-0000517,CUST-00027,2026-08-30,599.8
TX-0000518,CUST-00027,2026-05-23,550.18
TX-0000519,CUST-00027,2026-06-15,503.51
TX-0000520,CUST-00027,2025-12-24,479.41
TX-0000521,CUST-00027,2026-07-24,407.46
TX-0000522,CUST-00027,2026-04-28,486.62
TX-0000523,CUST-00027,2026-08-10,441.37
TX-0000524,CUST-00027,2025-12-18,581.3
TX-0000525,CUST-00027,2026-01-26,584.65
TX-0000526,CUST-00027,2026-07-11,479.29
TX-0000527,CUST-00027,2025-12-05,548.46
TX-0000528,CUST-00027,2026-01-06,431.51
TX-0000529,CUST-00027,2026-07-06,573.27
TX-0000530,CUST-00027,2026-01-01,443.24
TX-0000531,CUST-00027,2026-03-24,647.94
TX-0000532,CUST-00027,2025-11-25,401.0
TX-0000533,CUST-00027,2026-08-11,648.27
TX-0000534,CUST-00027,2026-04-27,546.16
TX-0000535,CUST-00027,2026-07-10,624.33
TX-0000536,CUST-00028,2026-08-31,534.05
TX-0000537,CUST-00028,2026-06-26,555.45
TX-0000538,CUST-00028,2026-05-31,412.63
TX-0000539,CUST-00028,2026-07-10,548.64
TX-0000540,CUST-00028,2026-05-24,565.91
TX-0000541,CUST-00028,2026-06-23,609.06
TX-0000542,CUST-00028,2026-08-11,548.93
TX-0000543,CUST-00028,2025-12-18,457.82
TX-0000544,CUST-00028,2025-12-10,463.42
TX-0000545,CUST-00028,2026-06-25,552.69
TX-0000546,CUST-00028,2026-03-12,499.04
TX-0000547,CUST-00028,2026-03-18,569.41
TX-0000548,CUST-00028,2026-01-22,541.73
TX-0000549,CUST-00028,2026-01-24,589.61
TX-0000550,CUST-00028,2025-11-09,504.82
TX-0000551,CUST-00028,2025-11-21,528.65
TX-0000552,CUST-00028,2026-08-13,599.01
TX-0000553,CUST-00028,2026-04-17,530.06
TX-0000554,CUST-00028,2026-04-22,423.52
TX-0000555,CUST-00028,2026-02-10,622.41
TX-0000556,CUST-00028,2026-04-26,570.65
TX-0000557,CUST-00028,2026-05-06,437.34
TX-0000558,CUST-00028,2025-11-15,444.61
TX-0000559,CUST-00028,2025-11-27,449.89
TX-0000560,CUST-00028,2025-12-15,628.15
TX-0000561,CUST-00029,2026-08-30,517.45
TX-0000562,CUST-00029,2026-02-13,583.37
TX-0000563,CUST-00029,2025-12-08,494.76
TX-0000564,CUST-00029,2026-07-21,529.25
TX-0000565,CUST-00029,2026-01-16,582.78
TX-0000566,CUST-00029,2025-11-18,595.74
TX-0000567,CUST-00029,2026-03-06,426.15
TX-0000568,CUST-00029,2026-01-28,625.99
TX-0000569,CUST-00029,2025-12-12,599.52
TX-0000570,CUST-00029,2026-08-15,424.97
TX-0000571,CUST-00029,2026-06-18,585.9
TX-0000572,CUST-00029,2026-06-17,405.79
TX-0000573,CUST-00029,2025-11-09,494.29
TX-0000574,CUST-00029,2025-11-23,579.83
TX-0000575,CUST-00029,2025-12-06,498.66
TX-0000576,CUST-00029,2026-05-08,479.78
TX-0000577,CUST-00029,2026-02-23,545.25
TX-0000578,CUST-00029,2026-08-13,502.28
TX-0000579,CUST-00030,2026-08-27,516.91
TX-0000580,CUST-00030,2025-11-19,449.19
TX-0000581,CUST-00030,2026-05-01,494.3
TX-0000582,CUST-00030,2026-04-22,432.78
TX-0000583,CUST-00030,2026-05-17,440.72
TX-0000584,CUST-00030,2026-01-29,484.87
TX-0000585,CUST-00030,2026-01-17,638.72
TX-0000586,CUST-00030,2026-06-04,424.73
TX-0000587,CUST-00030,2026-02-27,588.38
TX-0000588,CUST-00030,2025-12-04,469.53
TX-0000589,CUST-00030,2025-11-07,450.52
TX-0000590,CUST-00030,2026-06-21,530.5
TX-0000591,CUST-00030,2026-04-05,517.1
TX-0000592,CUST-00030,2026-05-31,411.29
TX-0000593,CUST-00030,2026-07-18,520.37
TX-0000594,CUST-00030,2025-11-12,563.13
TX-0000595,CUST-00030,2025-12-04,523.88
TX-0000596,CUST-00030,2026-07-12,463.11
TX-0000597,CUST-00030,2026-05-15,473.69
TX-0000598,CUST-00030,2026-01-07,619.18
TX-0000599,CUST-00030,2026-07-14,625.41
TX-0000600,CUST-00030,2025-11-05,645.59
TX-0000601,CUST-00031,2026-08-29,417.96
TX-0000602,CUST-00031,2025-11-19,434.45
TX-0000603,CUST-00031,2026-05-20,538.22
TX-0000604,CUST-00031,2025-12-25,424.24
TX-0000605,CUST-00031,2025-12-16,554.19
TX-0000606,CUST-00031,2026-03-19,535.59
TX-0000607,CUST-00031,2026-06-28,463.31
TX-0000608,CUST-00031,2026-07-15,440.08
TX-0000609,CUST-00031,2025-12-15,546.06
TX-0000610,CUST-00031,2026-01-16,583.78
TX-0000611,CUST-00031,2026-05-22,492.81
TX-0000612,CUST-00031,2026-07-14,501.21
TX-0000613,CUST-00031,2026-01-10,593.09
TX-0000614,CUST-00031,2026-02-24,451.7
TX-0000615,CUST-00031,2025-11-19,430.16
TX-0000616,CUST-00031,2026-01-19,624.03
TX-0000617,CUST-00031,2026-07-17,466.13
TX-0000618,CUST-00031,2026-02-19,611.62
TX-0000619,CUST-00031,2026-06-24,503.39
TX-0000620,CUST-00031,2026-06-23,512.46
TX-0000621,CUST-00031,2026-06-06,577.56
TX-0000622,CUST-00031,2026-03-04,612.83
TX-0000623,CUST-00031,2025-12-08,484.83
TX-0000624,CUST-00031,2026-01-21,532.71
TX-0000625,CUST-00031,2026-06-05,461.2
TX-0000626,CUST-00031,2026-08-04,440.31
TX-0000627,CUST-00032,2026-08-24,594.34
TX-0000628,CUST-00032,2025-11-29,529.42
TX-0000629,CUST-00032,2026-04-03,522.65
TX-0000630,CUST-00032,2026-03-12,534.14
TX-0000631,CUST-00032,2026-04-29,508.64
TX-0000632,CUST-00032,2026-07-03,431.42
TX-0000633,CUST-00032,2026-07-15,638.06
TX-0000634,CUST-00032,2026-03-25,638.3
TX-0000635,CUST-00032,2026-04-25,440.89
TX-0000636,CUST-00032,2026-03-04,451.93
TX-0000637,CUST-00032,2025-12-03,463.3
TX-0000638,CUST-00032,2026-08-01,429.74
TX-0000639,CUST-00032,2026-08-09,629.21
TX-0000640,CUST-00032,2026-05-10,552.03
TX-0000641,CUST-00032,2025-11-06,516.25
TX-0000642,CUST-00032,2026-04-17,532.97
TX-0000643,CUST-00033,2026-08-26,647.15
TX-0000644,CUST-00033,2025-12-22,604.58
TX-0000645,CUST-00033,2026-01-12,517.19
TX-0000646,CUST-00033,2025-12-18,438.22
TX-0000647,CUST-00033,2025-11-22,485.35
TX-0000648,CUST-00033,2025-11-19,412.53
TX-0000649,CUST-00033,2026-05-06,598.61
TX-0000650,CUST-00033,2026-07-27,555.68
TX-0000651,CUST-00033,2026-01-10,598.41
TX-0000652,CUST-00033,2026-06-12,452.99
TX-0000653,CUST-00033,2025-11-21,509.5
TX-0000654,CUST-00033,2026-01-09,559.75
TX-0000655,CUST-00033,2026-08-11,648.34
TX-0000656,CUST-00033,2025-12-04,470.22
TX-0000657,CUST-00033,2026-07-25,514.57
TX-0000658,CUST-00033,2026-04-10,432.26
TX-0000659,CUST-00033,2026-06-29,558.07
TX-0000660,CUST-00033,2026-06-29,498.23
TX-0000661,CUST-00034,2026-08-24,581.55
TX-0000662,CUST-00034,2026-05-11,515.27
TX-0000663,CUST-00034,2026-02-03,564.99
TX-0000664,CUST-00034,2026-02-20,518.2
TX-0000665,CUST-00034,2026-03-13,637.52
TX-0000666,CUST-00034,2026-05-04,444.31
TX-0000667,CUST-00034,2025-11-01,569.52
TX-0000668,CUST-00034,2025-12-11,410.06
TX-0000669,CUST-00034,2026-05-19,512.41
TX-0000670,CUST-00034,2025-11-28,587.4
TX-0000671,CUST-00034,2026-04-02,647.95
TX-0000672,CUST-00034,2026-03-11,565.0
TX-0000673,CUST-00034,2026-04-29,475.62
TX-0000674,CUST-00034,2025-11-12,491.58
TX-0000675,CUST-00034,2026-04-19,584.63
TX-0000676,CUST-00034,2026-04-17,540.45
TX-0000677,CUST-00034,2026-02-22,579.95
TX-0000678,CUST-00034,2026-03-17,626.77
TX-0000679,CUST-00034,2026-06-16,504.83
TX-0000680,CUST-00034,2026-02-06,485.59
TX-0000681,CUST-00034,2026-03-30,502.04
TX-0000682,CUST-00034,2026-04-06,431.45
TX-0000683,CUST-00034,2026-05-09,422.93
TX-0000684,CUST-00035,2026-08-26,565.73
TX-0000685,CUST-00035,2026-02-06,404.94
TX-0000686,CUST-00035,2025-12-25,481.64
TX-0000687,CUST-00035,2026-06-16,594.54
TX-0000688,CUST-00035,2026-01-09,615.16
TX-0000689,CUST-00035,2026-06-02,566.96
TX-0000690,CUST-00035,2025-12-06,432.34
TX-0000691,CUST-00035,2026-05-25,434.66
TX-0000692,CUST-00035,2026-05-23,470.88
TX-0000693,CUST-00035,2026-01-31,627.58
TX-0000694,CUST-00035,2025-11-11,450.63
TX-0000695,CUST-00035,2026-03-10,575.35
TX-0000696,CUST-00035,2026-02-27,638.23
TX-0000697,CUST-00035,2026-02-19,463.78
TX-0000698,CUST-00035,2026-07-24,556.37
TX-0000699,CUST-00035,2026-05-12,644.03
TX-0000700,CUST-00035,2026-04-08,499.92
TX-0000701,CUST-00036,2026-08-26,500.02
TX-0000702,CUST-00036,2026-08-05,618.78
TX-0000703,CUST-00036,2026-04-30,552.56
TX-0000704,CUST-00036,2026-04-07,633.98
TX-0000705,CUST-00036,2026-05-10,613.5
TX-0000706,CUST-00036,2026-05-12,536.14
TX-0000707,CUST-00036,2026-04-07,522.46
TX-0000708,CUST-00036,2026-02-12,483.53
TX-0000709,CUST-00036,2026-04-19,461.05
TX-0000710,CUST-00036,2025-11-24,630.97
TX-0000711,CUST-00036,2025-11-18,610.83
TX-0000712,CUST-00036,2025-11-06,586.25
TX-0000713,CUST-00036,2026-06-06,591.17
TX-0000714,CUST-00036,2026-01-06,520.15
TX-0000715,CUST-00036,2026-01-24,514.11
TX-0000716,CUST-00036,2026-06-04,561.2
TX-0000717,CUST-00036,2026-05-16,472.33
TX-0000718,CUST-00036,2026-05-30,546.49
TX-0000719,CUST-00036,2026-05-22,502.5
TX-0000720,CUST-00036,2026-06-10,604.01
TX-0000721,CUST-00036,2026-03-02,615.14
TX-0000722,CUST-00037,2026-08-30,484.03
TX-0000723,CUST-00037,2026-08-13,599.38
TX-0000724,CUST-00037,2026-06-10,609.79
TX-0000725,CUST-00037,2026-07-07,593.58
TX-0000726,CUST-00037,2026-07-14,428.93
TX-0000727,CUST-00037,2026-04-26,649.65
TX-0000728,CUST-00037,2025-11-19,448.15
TX-0000729,CUST-00037,2026-07-03,505.7
TX-0000730,CUST-00037,2025-12-08,554.92
TX-0000731,CUST-00037,2025-11-23,645.21
TX-0000732,CUST-00037,2025-11-21,417.41
TX-0000733,CUST-00037,2026-07-07,597.68
TX-0000734,CUST-00037,2026-04-02,467.66
TX-0000735,CUST-00037,2025-12-06,565.86
TX-0000736,CUST-00037,2026-01-25,427.96
TX-0000737,CUST-00037,2025-12-21,444.09
TX-0000738,CUST-00037,2026-03-24,505.87
TX-0000739,CUST-00037,2026-03-11,525.19
TX-0000740,CUST-00037,2026-01-01,571.54
TX-0000741,CUST-00037,2026-02-10,648.01
TX-0000742,CUST-00038,2026-08-31,529.11
TX-0000743,CUST-00038,2026-02-03,423.8
TX-0000744,CUST-00038,2026-01-21,644.17
TX-0000745,CUST-00038,2026-05-24,479.58
TX-0000746,CUST-00038,2026-04-07,506.19
TX-0000747,CUST-00038,2026-05-03,412.85
TX-0000748,CUST-00038,2026-02-06,488.33
TX-0000749,CUST-00038,2026-02-03,596.87
TX-0000750,CUST-00038,2025-12-22,605.31
TX-0000751,CUST-00038,2026-04-26,504.17
TX-0000752,CUST-00038,2026-05-17,587.21
TX-0000753,CUST-00038,2026-06-30,600.35
TX-0000754,CUST-00038,2026-03-29,623.26
TX-0000755,CUST-00038,2026-03-07,435.98
TX-0000756,CUST-00038,2025-12-09,424.02
TX-0000757,CUST-00038,2026-05-21,438.38
TX-0000758,CUST-00038,2026-03-17,416.88
TX-0000759,CUST-00038,2026-06-13,413.2
TX-0000760,CUST-00038,2026-08-16,509.08
TX-0000761,CUST-00038,2026-07-19,593.66
TX-0000762,CUST-00038,2026-08-07,563.06
TX-0000763,CUST-00038,2026-05-11,605.78
TX-0000764,CUST-00038,2026-06-30,436.72
TX-0000765,CUST-00038,2026-06-01,615.2
TX-0000766,CUST-00038,2025-12-25,534.74
TX-0000767,CUST-00038,2026-08-04,604.8
TX-0000768,CUST-00039,2026-08-31,584.45
TX-0000769,CUST-00039,2026-04-26,464.36
TX-0000770,CUST-00039,2026-06-20,588.08
TX-0000771,CUST-00039,2026-03-26,587.57
TX-0000772,CUST-00039,2026-05-20,516.17
TX-0000773,CUST-00039,2026-05-04,454.8
TX-0000774,CUST-00039,2026-02-13,452.09
TX-0000775,CUST-00039,2026-01-14,429.73
TX-0000776,CUST-00039,2026-05-12,421.5
TX-0000777,CUST-00039,2026-06-27,443.84
TX-0000778,CUST-00039,2026-07-30,605.78
TX-0000779,CUST-00039,2026-04-25,647.6
TX-0000780,CUST-00039,2025-11-08,434.3
TX-0000781,CUST-00039,2026-02-11,512.18
TX-0000782,CUST-00039,2026-06-25,498.23
TX-0000783,CUST-00039,2025-12-10,643.9
TX-0000784,CUST-00039,2026-04-09,618.21
TX-0000785,CUST-00039,2026-06-23,455.2
TX-0000786,CUST-00039,2025-11-20,564.02
TX-0000787,CUST-00039,2026-05-26,583.68
TX-0000788,CUST-00040,2026-08-31,537.73
TX-0000789,CUST-00040,2026-05-03,607.14
TX-0000790,CUST-00040,2026-01-26,406.64
TX-0000791,CUST-00040,2025-11-24,412.36
TX-0000792,CUST-00040,2026-02-26,521.55
TX-0000793,CUST-00040,2026-05-26,465.05
TX-0000794,CUST-00040,2026-04-19,589.48
TX-0000795,CUST-00040,2026-05-09,606.65
TX-0000796,CUST-00040,2026-03-10,496.34
TX-0000797,CUST-00040,2026-07-10,467.67
TX-0000798,CUST-00040,2026-03-21,478.69
TX-0000799,CUST-00040,2026-02-15,541.02
TX-0000800,CUST-00040,2026-02-05,416.52
TX-0000801,CUST-00040,2026-08-14,400.27
TX-0000802,CUST-00040,2026-06-17,623.63
TX-0000803,CUST-00040,2026-01-07,561.57
TX-0000804,CUST-00040,2026-06-28,622.57
TX-0000805,CUST-00040,2025-12-23,517.49
TX-0000806,CUST-00040,2026-04-03,633.89
TX-0000807,CUST-00040,2026-05-12,414.87
TX-0000808,CUST-00040,2026-06-16,546.44
TX-0000809,CUST-00040,2026-05-23,448.87
TX-0000810,CUST-00041,2026-08-26,424.79
TX-0000811,CUST-00041,2026-06-11,451.75
TX-0000812,CUST-00041,2026-03-16,505.68
TX-0000813,CUST-00041,2026-06-22,433.67
TX-0000814,CUST-00041,2026-06-21,615.07
TX-0000815,CUST-00041,2026-05-12,490.19
TX-0000816,CUST-00041,2026-03-15,413.82
TX-0000817,CUST-00041,2026-05-02,466.2
TX-0000818,CUST-00041,2026-04-14,552.62
TX-0000819,CUST-00041,2026-06-14,622.09
TX-0000820,CUST-00041,2026-01-24,632.42
TX-0000821,CUST-00041,2026-07-14,426.85
TX-0000822,CUST-00041,2026-04-02,428.83
TX-0000823,CUST-00041,2026-02-16,430.49
TX-0000824,CUST-00041,2025-11-10,613.1
TX-0000825,CUST-00041,2026-01-09,604.95
TX-0000826,CUST-00042,2026-08-26,649.17
TX-0000827,CUST-00042,2026-06-13,411.04
TX-0000828,CUST-00042,2026-04-19,480.98
TX-0000829,CUST-00042,2026-07-18,637.16
TX-0000830,CUST-00042,2026-02-28,601.55
TX-0000831,CUST-00042,2025-12-26,442.59
TX-0000832,CUST-00042,2025-11-06,524.66
TX-0000833,CUST-00042,2026-05-21,523.42
TX-0000834,CUST-00042,2025-11-08,495.18
TX-0000835,CUST-00042,2025-12-28,499.38
TX-0000836,CUST-00042,2026-02-26,432.01
TX-0000837,CUST-00042,2026-06-11,480.27
TX-0000838,CUST-00042,2026-06-17,425.82
TX-0000839,CUST-00042,2026-08-03,616.54
TX-0000840,CUST-00042,2026-02-25,489.67
TX-0000841,CUST-00042,2026-04-08,502.17
TX-0000842,CUST-00042,2026-04-11,558.29
TX-0000843,CUST-00042,2025-12-26,631.69
TX-0000844,CUST-00042,2025-11-19,497.87
TX-0000845,CUST-00042,2026-05-26,482.32
TX-0000846,CUST-00042,2026-04-05,541.98
TX-0000847,CUST-00043,2026-08-28,564.69
TX-0000848,CUST-00043,2026-04-30,538.6
TX-0000849,CUST-00043,2026-05-14,486.43
TX-0000850,CUST-00043,2026-03-15,494.65
TX-0000851,CUST-00043,2026-07-18,441.52
TX-0000852,CUST-00043,2025-11-10,580.78
TX-0000853,CUST-00043,2026-04-25,453.63
TX-0000854,CUST-00043,2026-01-09,540.67
TX-0000855,CUST-00043,2026-01-10,464.36
TX-0000856,CUST-00043,2025-11-10,606.7
TX-0000857,CUST-00043,2025-11-22,549.35
TX-0000858,CUST-00043,2025-11-04,567.24
TX-0000859,CUST-00043,2026-07-30,636.38
TX-0000860,CUST-00043,2026-07-15,498.12
TX-0000861,CUST-00043,2025-11-23,544.74
TX-0000862,CUST-00043,2026-02-19,401.15
TX-0000863,CUST-00043,2026-08-03,570.1
TX-0000864,CUST-00043,2026-07-21,540.67
TX-0000865,CUST-00043,2026-08-06,585.86
TX-0000866,CUST-00043,2026-06-06,613.04
TX-0000867,CUST-00043,2026-03-25,516.44
TX-0000868,CUST-00044,2026-08-28,596.66
TX-0000869,CUST-00044,2025-12-06,482.68
TX-0000870,CUST-00044,2025-12-06,493.27
TX-0000871,CUST-00044,2026-07-28,541.27
TX-0000872,CUST-00044,2026-05-28,440.15
TX-0000873,CUST-00044,2026-07-02,593.73
TX-0000874,CUST-00044,2026-03-25,534.12
TX-0000875,CUST-00044,2026-07-23,641.35
TX-0000876,CUST-00044,2025-11-12,613.91
TX-0000877,CUST-00044,2025-11-21,446.9
TX-0000878,CUST-00044,2026-02-25,619.54
TX-0000879,CUST-00044,2026-07-11,493.62
TX-0000880,CUST-00044,2026-07-16,602.74
TX-0000881,CUST-00044,2026-06-05,520.44
TX-0000882,CUST-00044,2026-03-06,645.54
TX-0000883,CUST-00044,2025-11-27,551.8
TX-0000884,CUST-00045,2026-08-28,504.4
TX-0000885,CUST-00045,2026-04-30,429.6
TX-0000886,CUST-00045,2026-06-11,598.69
TX-0000887,CUST-00045,2025-12-18,471.1
TX-0000888,CUST-00045,2026-01-17,475.95
TX-0000889,CUST-00045,2025-12-07,405.99
TX-0000890,CUST-00045,2026-03-22,530.11
TX-0000891,CUST-00045,2026-04-03,572.53
TX-0000892,CUST-00045,2026-02-16,440.85
TX-0000893,CUST-00045,2026-02-04,494.18
TX-0000894,CUST-00045,2026-07-06,554.68
TX-0000895,CUST-00045,2026-08-02,515.43
TX-0000896,CUST-00045,2025-11-21,530.56
TX-0000897,CUST-00045,2026-06-13,434.91
TX-0000898,CUST-00045,2026-03-26,447.12
TX-0000899,CUST-00045,2026-05-07,424.2
TX-0000900,CUST-00045,2026-06-18,636.83
TX-0000901,CUST-00045,2026-04-20,602.24
TX-0000902,CUST-00045,2026-06-05,643.6
TX-0000903,CUST-00045,2026-07-21,562.92
TX-0000904,CUST-00045,2025-12-05,617.85
TX-0000905,CUST-00045,2026-02-14,507.26
TX-0000906,CUST-00045,2026-05-02,507.77
TX-0000907,CUST-00045,2026-08-03,533.65
TX-0000908,CUST-00045,2026-03-30,648.39
TX-0000909,CUST-00045,2025-11-13,410.1
TX-0000910,CUST-00046,2026-08-30,475.44
TX-0000911,CUST-00046,2026-04-27,625.75
TX-0000912,CUST-00046,2026-08-03,633.97
TX-0000913,CUST-00046,2025-11-29,609.37
TX-0000914,CUST-00046,2026-07-13,414.96
TX-0000915,CUST-00046,2025-11-21,608.68
TX-0000916,CUST-00046,2026-07-02,533.72
TX-0000917,CUST-00046,2025-12-10,628.94
TX-0000918,CUST-00046,2026-03-07,499.31
TX-0000919,CUST-00046,2025-11-07,511.25
TX-0000920,CUST-00046,2026-07-29,642.19
TX-0000921,CUST-00046,2026-01-02,477.66
TX-0000922,CUST-00046,2026-06-23,471.51
TX-0000923,CUST-00046,2026-06-20,641.09
TX-0000924,CUST-00046,2026-07-20,616.83
TX-0000925,CUST-00046,2026-03-14,576.96
TX-0000926,CUST-00046,2025-12-22,643.97
TX-0000927,CUST-00046,2026-05-04,610.54
TX-0000928,CUST-00046,2025-11-20,431.73
TX-0000929,CUST-00046,2026-05-22,598.95
TX-0000930,CUST-00046,2026-03-13,535.87
TX-0000931,CUST-00046,2026-06-15,624.73
TX-0000932,CUST-00046,2025-11-12,576.21
TX-0000933,CUST-00047,2026-08-25,514.1
TX-0000934,CUST-00047,2026-05-23,496.59
TX-0000935,CUST-00047,2026-04-29,497.88
TX-0000936,CUST-00047,2026-01-16,422.44
TX-0000937,CUST-00047,2026-07-19,594.97
TX-0000938,CUST-00047,2026-06-16,511.52
TX-0000939,CUST-00047,2025-11-18,553.06
TX-0000940,CUST-00047,2026-05-13,408.79
TX-0000941,CUST-00047,2026-06-27,451.45
TX-0000942,CUST-00047,2025-12-20,643.93
TX-0000943,CUST-00047,2026-06-09,528.94
TX-0000944,CUST-00047,2025-12-05,634.04
TX-0000945,CUST-00047,2025-11-05,459.09
TX-0000946,CUST-00047,2026-05-01,412.28
TX-0000947,CUST-00047,2026-06-28,415.83
TX-0000948,CUST-00047,2026-06-29,448.78
TX-0000949,CUST-00047,2026-03-01,628.11
TX-0000950,CUST-00047,2026-02-03,534.3
TX-0000951,CUST-00047,2026-02-13,450.47
TX-0000952,CUST-00047,2025-12-08,600.15
TX-0000953,CUST-00047,2026-02-15,616.03
TX-0000954,CUST-00048,2026-08-27,486.98
TX-0000955,CUST-00048,2026-03-31,422.64
TX-0000956,CUST-00048,2026-06-09,509.46
TX-0000957,CUST-00048,2025-12-13,636.42
TX-0000958,CUST-00048,2026-04-27,592.69
TX-0000959,CUST-00048,2026-04-14,535.12
TX-0000960,CUST-00048,2026-06-21,480.18
TX-0000961,CUST-00048,2026-06-24,563.3
TX-0000962,CUST-00048,2026-02-02,508.69
TX-0000963,CUST-00048,2026-01-06,457.16
TX-0000964,CUST-00048,2026-01-19,442.22
TX-0000965,CUST-00048,2026-01-07,634.17
TX-0000966,CUST-00048,2026-06-20,426.83
TX-0000967,CUST-00048,2026-03-14,524.41
TX-0000968,CUST-00048,2026-03-17,527.05
TX-0000969,CUST-00048,2026-05-26,509.17
TX-0000970,CUST-00048,2025-11-02,521.57
TX-0000971,CUST-00048,2025-11-23,519.49
TX-0000972,CUST-00048,2026-04-14,416.71
TX-0000973,CUST-00048,2026-06-05,548.24
TX-0000974,CUST-00048,2026-06-09,559.4
TX-0000975,CUST-00048,2026-02-23,412.71
TX-0000976,CUST-00048,2025-11-06,517.25
TX-0000977,CUST-00048,2026-05-24,624.19
TX-0000978,CUST-00048,2026-03-30,415.08
TX-0000979,CUST-00048,2026-01-19,605.55
TX-0000980,CUST-00049,2026-08-26,507.04
TX-0000981,CUST-00049,2026-01-01,559.48
TX-0000982,CUST-00049,2026-01-04,614.06
TX-0000983,CUST-00049,2026-02-13,486.92
TX-0000984,CUST-00049,2026-01-02,565.63
TX-0000985,CUST-00049,2026-02-01,640.15
TX-0000986,CUST-00049,2026-02-22,492.73
TX-0000987,CUST-00049,2026-04-12,603.03
TX-0000988,CUST-00049,2026-07-29,526.44
TX-0000989,CUST-00049,2026-01-14,514.93
TX-0000990,CUST-00049,2026-02-22,453.87
TX-0000991,CUST-00049,2026-01-11,432.79
TX-0000992,CUST-00049,2026-04-27,449.65
TX-0000993,CUST-00049,2026-02-14,586.82
TX-0000994,CUST-00049,2026-01-15,623.67
TX-0000995,CUST-00049,2026-05-26,427.68
TX-0000996,CUST-00049,2025-12-26,639.01
TX-0000997,CUST-00049,2026-06-28,449.42
TX-0000998,CUST-00049,2026-05-10,472.83
TX-0000999,CUST-00049,2026-03-14,620.71
TX-0001000,CUST-00049,2026-06-24,590.14
TX-0001001,CUST-00049,2026-01-22,443.8
TX-0001002,CUST-00049,2025-12-30,489.42
TX-0001003,CUST-00049,2026-03-28,436.86
TX-0001004,CUST-00050,2026-08-28,477.08
TX-0001005,CUST-00050,2026-01-24,431.82
TX-0001006,CUST-00050,2026-03-10,576.26
TX-0001007,CUST-00050,2026-04-15,417.48
TX-0001008,CUST-00050,2026-03-29,595.55
TX-0001009,CUST-00050,2026-07-13,587.0
TX-0001010,CUST-00050,2025-12-24,512.06
TX-0001011,CUST-00050,2026-05-27,605.14
TX-0001012,CUST-00050,2026-06-06,490.2
TX-0001013,CUST-00050,2026-06-09,444.09
TX-0001014,CUST-00050,2026-04-02,498.02
TX-0001015,CUST-00050,2025-11-27,460.23
TX-0001016,CUST-00050,2026-01-11,478.46
TX-0001017,CUST-00050,2026-05-01,468.2
TX-0001018,CUST-00050,2026-07-07,509.71
TX-0001019,CUST-00050,2025-12-11,475.74
TX-0001020,CUST-00050,2026-04-30,459.0
TX-0001021,CUST-00050,2026-07-28,590.79
TX-0001022,CUST-00050,2025-11-21,524.48
TX-0001023,CUST-00051,2026-08-26,616.79
TX-0001024,CUST-00051,2026-03-30,649.71
TX-0001025,CUST-00051,2026-02-18,622.44
TX-0001026,CUST-00051,2026-03-21,627.15
TX-0001027,CUST-00051,2025-12-29,515.23
TX-0001028,CUST-00051,2026-01-21,420.29
TX-0001029,CUST-00051,2026-08-07,519.3
TX-0001030,CUST-00051,2026-03-24,523.58
TX-0001031,CUST-00051,2026-04-17,542.04
TX-0001032,CUST-00051,2026-02-09,538.04
TX-0001033,CUST-00051,2025-12-16,427.16
TX-0001034,CUST-00051,2026-06-16,456.29
TX-0001035,CUST-00051,2025-12-28,611.96
TX-0001036,CUST-00051,2026-02-02,648.71
TX-0001037,CUST-00051,2025-12-06,622.47
TX-0001038,CUST-00051,2026-07-06,478.59
TX-0001039,CUST-00051,2026-04-19,467.02
TX-0001040,CUST-00051,2026-02-13,551.57
TX-0001041,CUST-00051,2025-11-17,486.16
TX-0001042,CUST-00051,2026-02-17,539.25
TX-0001043,CUST-00051,2026-05-19,442.45
TX-0001044,CUST-00051,2026-01-11,448.8
TX-0001045,CUST-00051,2026-07-26,637.32
TX-0001046,CUST-00052,2026-08-25,608.53
TX-0001047,CUST-00052,2026-01-31,570.33
TX-0001048,CUST-00052,2026-06-17,443.87
TX-0001049,CUST-00052,2025-11-04,603.0
TX-0001050,CUST-00052,2026-05-27,628.32
TX-0001051,CUST-00052,2026-05-17,435.01
TX-0001052,CUST-00052,2026-01-29,603.62
TX-0001053,CUST-00052,2025-11-10,458.81
TX-0001054,CUST-00052,2026-05-24,641.13
TX-0001055,CUST-00052,2026-08-09,466.15
TX-0001056,CUST-00052,2026-04-10,508.13
TX-0001057,CUST-00052,2026-01-01,463.26
TX-0001058,CUST-00052,2026-01-01,592.96
TX-0001059,CUST-00052,2026-01-12,494.58
TX-0001060,CUST-00052,2025-12-15,453.27
TX-0001061,CUST-00052,2026-02-28,401.08
TX-0001062,CUST-00052,2026-03-01,648.52
TX-0001063,CUST-00052,2026-06-12,409.66
TX-0001064,CUST-00052,2026-06-12,529.73
TX-0001065,CUST-00052,2026-01-04,602.49
TX-0001066,CUST-00053,2026-08-31,586.77
TX-0001067,CUST-00053,2026-04-26,492.89
TX-0001068,CUST-00053,2026-06-28,447.21
TX-0001069,CUST-00053,2026-06-22,502.51
TX-0001070,CUST-00053,2026-01-17,519.85
TX-0001071,CUST-00053,2025-12-14,560.56
TX-0001072,CUST-00053,2026-07-09,572.6
TX-0001073,CUST-00053,2025-11-09,502.96
TX-0001074,CUST-00053,2026-06-08,500.84
TX-0001075,CUST-00053,2025-11-26,461.47
TX-0001076,CUST-00053,2026-07-23,582.45
TX-0001077,CUST-00053,2026-01-13,424.45
TX-0001078,CUST-00053,2026-07-10,517.06
TX-0001079,CUST-00053,2026-06-20,446.34
TX-0001080,CUST-00053,2026-06-10,515.96
TX-0001081,CUST-00053,2026-05-26,599.02
TX-0001082,CUST-00053,2026-03-16,626.9
TX-0001083,CUST-00054,2026-08-25,468.53
TX-0001084,CUST-00054,2026-05-27,463.68
TX-0001085,CUST-00054,2026-08-04,433.76
TX-0001086,CUST-00054,2025-11-15,500.51
TX-0001087,CUST-00054,2026-04-18,456.17
TX-0001088,CUST-00054,2025-12-12,499.8
TX-0001089,CUST-00054,2026-07-17,408.78
TX-0001090,CUST-00054,2026-06-25,559.81
TX-0001091,CUST-00054,2026-06-26,595.73
TX-0001092,CUST-00054,2026-06-11,629.35
TX-0001093,CUST-00054,2026-06-01,612.75
TX-0001094,CUST-00054,2025-12-12,456.92
TX-0001095,CUST-00054,2025-12-09,412.63
TX-0001096,CUST-00054,2025-12-06,476.45
TX-0001097,CUST-00054,2026-03-10,554.73
TX-0001098,CUST-00054,2026-01-06,432.07
TX-0001099,CUST-00054,2026-06-26,595.21
TX-0001100,CUST-00054,2025-11-16,582.09
TX-0001101,CUST-00054,2026-07-25,510.31
TX-0001102,CUST-00054,2025-12-04,531.86
TX-0001103,CUST-00054,2026-07-28,586.19
TX-0001104,CUST-00054,2025-12-20,587.34
TX-0001105,CUST-00054,2026-04-12,471.96
TX-0001106,CUST-00055,2026-08-31,525.72
TX-0001107,CUST-00055,2026-06-10,526.32
TX-0001108,CUST-00055,2025-12-15,545.66
TX-0001109,CUST-00055,2026-04-26,596.72
TX-0001110,CUST-00055,2026-01-01,628.29
TX-0001111,CUST-00055,2026-06-07,584.13
TX-0001112,CUST-00055,2026-06-05,569.49
TX-0001113,CUST-00055,2026-03-20,447.13
TX-0001114,CUST-00055,2026-04-09,598.81
TX-0001115,CUST-00055,2025-11-16,580.46
TX-0001116,CUST-00055,2026-07-03,629.46
TX-0001117,CUST-00055,2025-11-09,488.01
TX-0001118,CUST-00055,2026-02-10,559.56
TX-0001119,CUST-00055,2026-04-03,646.66
TX-0001120,CUST-00055,2026-02-27,423.45
TX-0001121,CUST-00055,2026-04-21,618.88
TX-0001122,CUST-00055,2026-03-22,471.01
TX-0001123,CUST-00055,2026-01-04,495.7
TX-0001124,CUST-00055,2026-04-02,644.99
TX-0001125,CUST-00055,2025-12-08,475.33
TX-0001126,CUST-00055,2026-06-18,592.55
TX-0001127,CUST-00055,2026-05-12,551.59
TX-0001128,CUST-00055,2025-11-23,564.62
TX-0001129,CUST-00055,2025-12-23,406.11
TX-0001130,CUST-00055,2025-11-28,455.04
TX-0001131,CUST-00055,2026-01-26,540.88
TX-0001132,CUST-00056,2026-08-27,413.8
TX-0001133,CUST-00056,2025-12-22,487.07
TX-0001134,CUST-00056,2025-12-09,407.72
TX-0001135,CUST-00056,2026-04-16,499.11
TX-0001136,CUST-00056,2025-11-16,412.72
TX-0001137,CUST-00056,2026-03-12,587.43
TX-0001138,CUST-00056,2026-05-31,616.65
TX-0001139,CUST-00056,2026-01-15,586.52
TX-0001140,CUST-00056,2025-12-03,453.98
TX-0001141,CUST-00056,2026-04-18,532.82
TX-0001142,CUST-00056,2026-01-02,461.42
TX-0001143,CUST-00056,2026-04-18,457.69
TX-0001144,CUST-00056,2026-08-05,639.63
TX-0001145,CUST-00056,2026-07-13,577.5
TX-0001146,CUST-00056,2026-02-12,586.0
TX-0001147,CUST-00056,2026-07-14,532.9
TX-0001148,CUST-00056,2026-03-30,512.38
TX-0001149,CUST-00056,2026-05-16,560.11
TX-0001150,CUST-00056,2026-06-16,622.01
TX-0001151,CUST-00056,2026-07-27,602.94
TX-0001152,CUST-00056,2026-05-05,544.65
TX-0001153,CUST-00057,2026-08-30,643.09
TX-0001154,CUST-00057,2026-02-03,625.72
TX-0001155,CUST-00057,2025-11-26,483.04
TX-0001156,CUST-00057,2026-05-25,442.28
TX-0001157,CUST-00057,2026-06-16,422.5
TX-0001158,CUST-00057,2026-04-29,430.03
TX-0001159,CUST-00057,2026-07-26,647.46
TX-0001160,CUST-00057,2026-08-07,418.51
TX-0001161,CUST-00057,2026-07-09,606.81
TX-0001162,CUST-00057,2026-07-22,545.06
TX-0001163,CUST-00057,2026-01-07,557.73
TX-0001164,CUST-00057,2026-05-20,620.54
TX-0001165,CUST-00057,2026-02-15,530.53
TX-0001166,CUST-00057,2026-04-19,578.19
TX-0001167,CUST-00057,2026-04-10,486.52
TX-0001168,CUST-00057,2026-07-27,516.91
TX-0001169,CUST-00057,2026-06-28,599.14
TX-0001170,CUST-00058,2026-08-25,438.38
TX-0001171,CUST-00058,2025-12-26,461.59
TX-0001172,CUST-00058,2025-12-14,482.55
TX-0001173,CUST-00058,2026-02-07,571.51
TX-0001174,CUST-00058,2025-12-09,419.44
TX-0001175,CUST-00058,2026-06-13,591.26
TX-0001176,CUST-00058,2026-05-15,454.16
TX-0001177,CUST-00058,2026-02-06,572.23
TX-0001178,CUST-00058,2025-11-24,473.75
TX-0001179,CUST-00058,2026-06-01,542.21
TX-0001180,CUST-00058,2026-05-20,538.57
TX-0001181,CUST-00058,2026-04-06,555.47
TX-0001182,CUST-00058,2026-02-18,555.89
TX-0001183,CUST-00058,2026-05-09,433.77
TX-0001184,CUST-00058,2026-01-25,568.69
TX-0001185,CUST-00058,2026-02-18,570.65
TX-0001186,CUST-00058,2026-07-20,511.71
TX-0001187,CUST-00058,2026-04-08,502.26
TX-0001188,CUST-00059,2026-08-31,510.24
TX-0001189,CUST-00059,2026-06-14,585.73
TX-0001190,CUST-00059,2025-12-19,459.27
TX-0001191,CUST-00059,2025-12-23,536.45
TX-0001192,CUST-00059,2025-11-16,590.11
TX-0001193,CUST-00059,2026-04-04,524.8
TX-0001194,CUST-00059,2026-01-23,554.93
TX-0001195,CUST-00059,2025-11-25,522.95
TX-0001196,CUST-00059,2026-02-15,532.16
TX-0001197,CUST-00059,2026-02-26,584.38
TX-0001198,CUST-00059,2026-04-22,417.96
TX-0001199,CUST-00059,2026-03-23,520.4
TX-0001200,CUST-00059,2026-05-13,630.42
TX-0001201,CUST-00059,2026-03-29,517.08
TX-0001202,CUST-00059,2026-03-23,640.55
TX-0001203,CUST-00059,2026-04-10,445.22
TX-0001204,CUST-00059,2026-07-06,454.23
TX-0001205,CUST-00059,2026-07-20,400.14
TX-0001206,CUST-00059,2026-05-04,507.99
TX-0001207,CUST-00059,2026-01-09,583.37
TX-0001208,CUST-00059,2026-06-16,408.04
TX-0001209,CUST-00059,2026-03-07,438.57
TX-0001210,CUST-00059,2025-11-14,635.27
TX-0001211,CUST-00059,2026-06-30,556.66
TX-0001212,CUST-00059,2026-04-26,481.56
TX-0001213,CUST-00059,2026-02-15,503.06
TX-0001214,CUST-00060,2026-08-29,457.67
TX-0001215,CUST-00060,2025-11-18,626.45
TX-0001216,CUST-00060,2026-03-25,589.02
TX-0001217,CUST-00060,2026-05-04,612.43
TX-0001218,CUST-00060,2025-11-03,455.99
TX-0001219,CUST-00060,2026-05-07,471.72
TX-0001220,CUST-00060,2026-06-04,465.72
TX-0001221,CUST-00060,2026-01-13,545.61
TX-0001222,CUST-00060,2025-11-04,647.57
TX-0001223,CUST-00060,2026-05-09,531.69
TX-0001224,CUST-00060,2026-02-13,614.99
TX-0001225,CUST-00060,2026-05-15,633.23
TX-0001226,CUST-00060,2026-06-17,532.14
TX-0001227,CUST-00060,2026-06-11,608.21
TX-0001228,CUST-00060,2026-05-20,509.95
TX-0001229,CUST-00060,2026-04-09,646.41
TX-0001230,CUST-00060,2025-11-07,626.53
TX-0001231,CUST-00060,2025-11-14,599.61
TX-0001232,CUST-00060,2026-05-30,480.21
TX-0001233,CUST-00060,2026-07-23,536.82
TX-0001234,CUST-00060,2026-03-08,526.38
TX-0001235,CUST-00060,2026-04-19,559.17
TX-0001236,CUST-00060,2026-04-20,587.29
TX-0001237,CUST-00060,2026-04-16,483.39
TX-0001238,CUST-00061,2026-08-29,447.18
TX-0001239,CUST-00061,2026-07-09,612.63
TX-0001240,CUST-00061,2026-07-29,511.57
TX-0001241,CUST-00061,2026-06-11,589.84
TX-0001242,CUST-00061,2026-06-25,538.5
TX-0001243,CUST-00061,2026-08-08,479.09
TX-0001244,CUST-00061,2026-06-03,444.25
TX-0001245,CUST-00061,2026-02-09,468.76
TX-0001246,CUST-00061,2026-08-12,416.24
TX-0001247,CUST-00061,2026-07-30,545.43
TX-0001248,CUST-00061,2026-08-08,405.43
TX-0001249,CUST-00061,2025-12-16,438.85
TX-0001250,CUST-00061,2026-06-10,551.64
TX-0001251,CUST-00061,2026-04-10,510.71
TX-0001252,CUST-00061,2026-04-08,417.95
TX-0001253,CUST-00061,2025-12-29,623.26
TX-0001254,CUST-00061,2026-03-11,402.75
TX-0001255,CUST-00061,2026-06-25,625.98
TX-0001256,CUST-00061,2026-02-01,537.37
TX-0001257,CUST-00061,2026-07-03,450.7
TX-0001258,CUST-00061,2026-07-05,565.0
TX-0001259,CUST-00062,2026-08-26,638.29
TX-0001260,CUST-00062,2026-02-22,523.52
TX-0001261,CUST-00062,2025-11-22,475.07
TX-0001262,CUST-00062,2026-03-28,489.92
TX-0001263,CUST-00062,2026-01-14,456.1
TX-0001264,CUST-00062,2026-07-29,488.05
TX-0001265,CUST-00062,2026-05-01,577.85
TX-0001266,CUST-00062,2026-08-06,509.79
TX-0001267,CUST-00062,2026-06-02,561.0
TX-0001268,CUST-00062,2026-02-19,594.16
TX-0001269,CUST-00062,2026-06-09,602.63
TX-0001270,CUST-00062,2026-01-21,425.7
TX-0001271,CUST-00062,2026-02-16,518.76
TX-0001272,CUST-00062,2026-02-21,461.39
TX-0001273,CUST-00062,2025-12-08,410.64
TX-0001274,CUST-00062,2026-06-09,513.72
TX-0001275,CUST-00062,2026-07-19,503.48
TX-0001276,CUST-00062,2026-06-22,606.1
TX-0001277,CUST-00063,2026-08-27,450.34
TX-0001278,CUST-00063,2026-03-14,632.39
TX-0001279,CUST-00063,2026-08-07,631.24
TX-0001280,CUST-00063,2026-03-20,637.98
TX-0001281,CUST-00063,2026-08-09,590.75
TX-0001282,CUST-00063,2026-06-18,642.55
TX-0001283,CUST-00063,2025-11-27,642.68
TX-0001284,CUST-00063,2025-12-31,537.58
TX-0001285,CUST-00063,2026-07-21,612.45
TX-0001286,CUST-00063,2025-11-18,553.46
TX-0001287,CUST-00063,2026-02-18,504.31
TX-0001288,CUST-00063,2026-03-22,542.96
TX-0001289,CUST-00063,2026-06-30,584.94
TX-0001290,CUST-00063,2026-01-24,418.75
TX-0001291,CUST-00063,2026-01-17,612.24
TX-0001292,CUST-00063,2026-01-19,518.12
TX-0001293,CUST-00063,2026-03-20,478.05
TX-0001294,CUST-00063,2026-07-06,642.36
TX-0001295,CUST-00063,2026-01-16,492.25
TX-0001296,CUST-00063,2026-04-27,443.7
TX-0001297,CUST-00063,2026-06-11,515.98
TX-0001298,CUST-00063,2026-03-17,635.64
TX-0001299,CUST-00063,2026-01-15,453.81
TX-0001300,CUST-00063,2026-02-06,614.89
TX-0001301,CUST-00063,2026-04-27,612.93
TX-0001302,CUST-00063,2026-02-25,460.42
TX-0001303,CUST-00064,2026-08-27,464.47
TX-0001304,CUST-00064,2025-11-21,573.23
TX-0001305,CUST-00064,2026-03-11,646.83
TX-0001306,CUST-00064,2026-07-01,422.1
TX-0001307,CUST-00064,2025-12-11,568.55
TX-0001308,CUST-00064,2026-05-08,417.81
TX-0001309,CUST-00064,2026-01-09,518.83
TX-0001310,CUST-00064,2026-01-10,471.28
TX-0001311,CUST-00064,2026-08-05,483.76
TX-0001312,CUST-00064,2025-12-14,530.02
TX-0001313,CUST-00064,2026-08-02,610.68
TX-0001314,CUST-00064,2026-04-07,638.24
TX-0001315,CUST-00064,2026-06-19,562.7
TX-0001316,CUST-00064,2026-07-10,621.27
TX-0001317,CUST-00064,2026-05-24,522.32
TX-0001318,CUST-00064,2026-07-03,438.17
TX-0001319,CUST-00064,2026-07-06,571.88
TX-0001320,CUST-00064,2026-07-30,471.65
TX-0001321,CUST-00064,2026-06-14,434.95
TX-0001322,CUST-00064,2026-04-09,503.59
TX-0001323,CUST-00064,2026-05-28,530.47
TX-0001324,CUST-00065,2026-08-29,553.6
TX-0001325,CUST-00065,2026-08-05,493.43
TX-0001326,CUST-00065,2026-01-10,562.83
TX-0001327,CUST-00065,2026-07-15,403.44
TX-0001328,CUST-00065,2026-05-11,462.07
TX-0001329,CUST-00065,2026-04-06,498.52
TX-0001330,CUST-00065,2026-08-13,602.58
TX-0001331,CUST-00065,2026-04-29,532.61
TX-0001332,CUST-00065,2026-07-04,548.38
TX-0001333,CUST-00065,2026-08-08,528.78
TX-0001334,CUST-00065,2025-12-14,486.21
TX-0001335,CUST-00065,2026-04-16,425.07
TX-0001336,CUST-00065,2025-12-20,595.71
TX-0001337,CUST-00065,2025-11-19,405.57
TX-0001338,CUST-00065,2026-06-05,550.34
TX-0001339,CUST-00065,2026-01-09,471.2
TX-0001340,CUST-00065,2026-03-25,596.89
TX-0001341,CUST-00065,2026-02-15,632.29
TX-0001342,CUST-00065,2026-01-16,645.25
TX-0001343,CUST-00065,2026-08-02,511.23
TX-0001344,CUST-00066,2026-08-24,436.69
TX-0001345,CUST-00066,2026-07-14,484.07
TX-0001346,CUST-00066,2025-11-01,404.06
TX-0001347,CUST-00066,2026-07-11,513.13
TX-0001348,CUST-00066,2025-12-12,480.98
TX-0001349,CUST-00066,2026-06-27,519.95
TX-0001350,CUST-00066,2025-11-04,518.72
TX-0001351,CUST-00066,2026-06-11,432.73
TX-0001352,CUST-00066,2026-07-26,636.35
TX-0001353,CUST-00066,2025-12-28,466.45
TX-0001354,CUST-00066,2026-03-19,422.68
TX-0001355,CUST-00066,2026-08-07,505.91
TX-0001356,CUST-00066,2025-11-17,525.6
TX-0001357,CUST-00066,2025-11-05,642.78
TX-0001358,CUST-00066,2026-05-28,526.14
TX-0001359,CUST-00066,2026-06-24,614.88
TX-0001360,CUST-00066,2026-04-04,469.87
TX-0001361,CUST-00066,2025-12-07,613.87
TX-0001362,CUST-00066,2026-04-20,532.68
TX-0001363,CUST-00066,2026-06-06,644.13
TX-0001364,CUST-00066,2026-06-17,475.35
TX-0001365,CUST-00066,2026-04-17,407.77
TX-0001366,CUST-00067,2026-08-28,570.01
TX-0001367,CUST-00067,2026-06-17,445.33
TX-0001368,CUST-00067,2026-04-29,568.7
TX-0001369,CUST-00067,2026-05-30,488.8
TX-0001370,CUST-00067,2026-05-19,487.22
TX-0001371,CUST-00067,2026-01-21,516.63
TX-0001372,CUST-00067,2026-07-16,490.32
TX-0001373,CUST-00067,2025-12-14,542.99
TX-0001374,CUST-00067,2026-08-02,453.46
TX-0001375,CUST-00067,2025-11-30,485.66
TX-0001376,CUST-00067,2026-03-06,409.74
TX-0001377,CUST-00067,2026-03-26,430.98
TX-0001378,CUST-00067,2026-02-01,459.62
TX-0001379,CUST-00067,2026-01-13,432.69
TX-0001380,CUST-00067,2025-11-28,601.74
TX-0001381,CUST-00067,2025-11-19,551.63
TX-0001382,CUST-00067,2026-04-17,577.59
TX-0001383,CUST-00067,2026-01-22,648.2
TX-0001384,CUST-00067,2026-03-16,485.38
TX-0001385,CUST-00067,2026-06-28,529.79
TX-0001386,CUST-00067,2026-01-03,533.31
TX-0001387,CUST-00067,2026-06-24,553.28
TX-0001388,CUST-00068,2026-08-29,631.92
TX-0001389,CUST-00068,2026-06-02,466.14
TX-0001390,CUST-00068,2026-08-03,427.06
TX-0001391,CUST-00068,2026-05-11,460.06
TX-0001392,CUST-00068,2026-05-28,408.2
TX-0001393,CUST-00068,2026-05-29,469.84
TX-0001394,CUST-00068,2026-06-21,494.66
TX-0001395,CUST-00068,2025-11-08,496.29
TX-0001396,CUST-00068,2026-05-10,481.98
TX-0001397,CUST-00068,2026-02-23,422.43
TX-0001398,CUST-00068,2026-08-07,450.53
TX-0001399,CUST-00068,2026-02-25,589.16
TX-0001400,CUST-00068,2025-11-05,632.13
TX-0001401,CUST-00068,2025-12-30,526.05
TX-0001402,CUST-00068,2026-03-16,478.65
TX-0001403,CUST-00068,2026-07-26,593.48
TX-0001404,CUST-00069,2026-08-25,623.88
TX-0001405,CUST-00069,2025-12-13,508.59
TX-0001406,CUST-00069,2026-01-19,591.72
TX-0001407,CUST-00069,2025-12-24,477.11
TX-0001408,CUST-00069,2026-03-23,632.31
TX-0001409,CUST-00069,2026-07-15,648.57
TX-0001410,CUST-00069,2026-07-31,592.52
TX-0001411,CUST-00069,2026-07-15,564.06
TX-0001412,CUST-00069,2026-02-01,408.54
TX-0001413,CUST-00069,2026-01-03,599.81
TX-0001414,CUST-00069,2026-03-15,550.6
TX-0001415,CUST-00069,2025-12-09,424.47
TX-0001416,CUST-00069,2025-11-05,468.98
TX-0001417,CUST-00069,2026-04-14,410.61
TX-0001418,CUST-00069,2026-04-01,512.05
TX-0001419,CUST-00069,2026-05-27,498.18
TX-0001420,CUST-00069,2026-07-28,506.28
TX-0001421,CUST-00069,2025-12-03,467.59
TX-0001422,CUST-00069,2025-11-22,623.44
TX-0001423,CUST-00069,2026-04-11,481.95
TX-0001424,CUST-00069,2026-07-27,525.63
TX-0001425,CUST-00069,2026-04-13,464.34
TX-0001426,CUST-00069,2026-07-27,525.67
TX-0001427,CUST-00069,2026-06-28,487.98
TX-0001428,CUST-00070,2026-08-27,503.35
TX-0001429,CUST-00070,2025-11-10,605.98
TX-0001430,CUST-00070,2026-05-31,642.44
TX-0001431,CUST-00070,2026-03-24,596.18
TX-0001432,CUST-00070,2025-11-10,609.53
TX-0001433,CUST-00070,2025-11-21,435.53
TX-0001434,CUST-00070,2026-03-15,442.49
TX-0001435,CUST-00070,2026-05-18,604.56
TX-0001436,CUST-00070,2026-02-27,465.86
TX-0001437,CUST-00070,2025-11-18,632.4
TX-0001438,CUST-00070,2026-07-11,540.97
TX-0001439,CUST-00070,2026-05-30,580.26
TX-0001440,CUST-00070,2026-07-27,549.46
TX-0001441,CUST-00070,2026-08-09,603.98
TX-0001442,CUST-00070,2026-07-24,528.06
TX-0001443,CUST-00070,2026-07-24,464.64
TX-0001444,CUST-00070,2026-02-05,429.67
TX-0001445,CUST-00070,2026-05-30,634.26
TX-0001446,CUST-00070,2025-12-01,446.49
TX-0001447,CUST-00070,2026-07-09,480.82
TX-0001448,CUST-00070,2026-02-26,579.52
TX-0001449,CUST-00070,2026-03-31,510.66
TX-0001450,CUST-00071,2026-08-30,649.94
TX-0001451,CUST-00071,2026-07-17,513.84
TX-0001452,CUST-00071,2026-06-03,618.13
TX-0001453,CUST-00071,2026-03-31,630.59
TX-0001454,CUST-00071,2025-12-02,421.94
TX-0001455,CUST-00071,2026-07-14,632.41
TX-0001456,CUST-00071,2026-05-09,636.87
TX-0001457,CUST-00071,2026-05-18,488.79
TX-0001458,CUST-00071,2026-01-17,513.11
TX-0001459,CUST-00071,2026-04-19,447.51
TX-0001460,CUST-00071,2025-12-14,624.59
TX-0001461,CUST-00071,2026-06-04,576.32
TX-0001462,CUST-00071,2026-02-28,416.79
TX-0001463,CUST-00071,2026-08-04,563.43
TX-0001464,CUST-00071,2026-03-01,484.75
TX-0001465,CUST-00071,2026-02-10,423.51
TX-0001466,CUST-00071,2025-12-05,637.46
TX-0001467,CUST-00071,2026-01-14,619.07
TX-0001468,CUST-00071,2025-12-16,434.12
TX-0001469,CUST-00071,2026-05-16,492.09
TX-0001470,CUST-00071,2026-04-04,534.29
TX-0001471,CUST-00071,2026-05-23,415.16
TX-0001472,CUST-00071,2026-03-14,492.22
TX-0001473,CUST-00072,2026-08-29,449.24
TX-0001474,CUST-00072,2026-04-27,465.47
TX-0001475,CUST-00072,2026-05-13,556.74
TX-0001476,CUST-00072,2026-04-26,486.35
TX-0001477,CUST-00072,2025-11-03,533.48
TX-0001478,CUST-00072,2026-01-07,494.72
TX-0001479,CUST-00072,2026-05-31,546.88
TX-0001480,CUST-00072,2025-11-12,530.5
TX-0001481,CUST-00072,2025-11-28,627.45
TX-0001482,CUST-00072,2025-12-31,414.68
TX-0001483,CUST-00072,2025-11-05,507.27
TX-0001484,CUST-00072,2026-01-27,646.68
TX-0001485,CUST-00072,2026-08-09,514.59
TX-0001486,CUST-00072,2026-07-19,540.5
TX-0001487,CUST-00072,2026-01-26,431.64
TX-0001488,CUST-00072,2026-01-12,526.92
TX-0001489,CUST-00072,2025-12-20,580.86
TX-0001490,CUST-00072,2025-12-10,557.24
TX-0001491,CUST-00072,2026-04-09,553.11
TX-0001492,CUST-00072,2026-01-11,610.61
TX-0001493,CUST-00072,2026-08-02,617.26
TX-0001494,CUST-00072,2026-08-04,539.05
TX-0001495,CUST-00072,2026-07-01,454.07
TX-0001496,CUST-00073,2026-08-25,505.06
TX-0001497,CUST-00073,2026-02-07,447.03
TX-0001498,CUST-00073,2026-01-22,484.76
TX-0001499,CUST-00073,2026-01-22,451.09
TX-0001500,CUST-00073,2026-03-22,423.4
TX-0001501,CUST-00073,2025-11-30,591.05
TX-0001502,CUST-00073,2026-05-24,449.95
TX-0001503,CUST-00073,2026-05-19,643.02
TX-0001504,CUST-00073,2026-02-24,577.05
TX-0001505,CUST-00073,2026-02-18,476.91
TX-0001506,CUST-00073,2026-01-25,474.78
TX-0001507,CUST-00073,2026-07-30,582.12
TX-0001508,CUST-00073,2025-11-27,410.79
TX-0001509,CUST-00073,2026-08-09,582.37
TX-0001510,CUST-00073,2026-05-13,637.22
TX-0001511,CUST-00073,2026-01-07,517.91
TX-0001512,CUST-00073,2025-12-05,521.51
TX-0001513,CUST-00073,2026-04-08,481.16
TX-0001514,CUST-00073,2026-03-04,530.43
TX-0001515,CUST-00073,2026-04-10,549.54
TX-0001516,CUST-00073,2026-02-15,624.53
TX-0001517,CUST-00073,2025-10-31,419.69
TX-0001518,CUST-00073,2026-08-10,496.17
TX-0001519,CUST-00073,2026-06-20,488.03
TX-0001520,CUST-00074,2026-08-30,443.63
TX-0001521,CUST-00074,2025-12-24,591.02
TX-0001522,CUST-00074,2026-03-27,629.81
TX-0001523,CUST-00074,2025-11-17,408.15
TX-0001524,CUST-00074,2026-07-27,500.82
TX-0001525,CUST-00074,2026-05-24,420.07
TX-0001526,CUST-00074,2026-06-02,646.51
TX-0001527,CUST-00074,2026-07-12,452.24
TX-0001528,CUST-00074,2026-06-20,543.41
TX-0001529,CUST-00074,2025-12-21,524.5
TX-0001530,CUST-00074,2026-03-03,494.18
TX-0001531,CUST-00074,2026-05-20,606.69
TX-0001532,CUST-00074,2026-07-07,507.1
TX-0001533,CUST-00074,2026-06-17,572.44
TX-0001534,CUST-00074,2025-12-11,492.39
TX-0001535,CUST-00074,2026-02-10,541.94
TX-0001536,CUST-00074,2026-07-27,442.58
TX-0001537,CUST-00074,2026-03-21,417.28
TX-0001538,CUST-00074,2026-01-20,472.01
TX-0001539,CUST-00075,2026-08-31,416.6
TX-0001540,CUST-00075,2026-01-27,615.64
TX-0001541,CUST-00075,2025-12-21,422.23
TX-0001542,CUST-00075,2025-12-06,405.94
TX-0001543,CUST-00075,2026-07-31,613.41
TX-0001544,CUST-00075,2026-04-04,458.68
TX-0001545,CUST-00075,2026-03-13,506.56
TX-0001546,CUST-00075,2025-12-07,598.88
TX-0001547,CUST-00075,2026-03-30,525.17
TX-0001548,CUST-00075,2026-04-24,647.27
TX-0001549,CUST-00075,2026-07-05,607.68
TX-0001550,CUST-00075,2026-05-26,412.94
TX-0001551,CUST-00075,2026-04-02,621.58
TX-0001552,CUST-00075,2025-11-28,566.3
TX-0001553,CUST-00075,2026-02-02,465.83
TX-0001554,CUST-00075,2026-07-30,504.64
TX-0001555,CUST-00075,2026-05-04,530.36
TX-0001556,CUST-00075,2026-04-17,515.56
TX-0001557,CUST-00075,2026-05-15,476.37
TX-0001558,CUST-00075,2025-12-13,462.71
TX-0001559,CUST-00075,2026-05-04,437.49
TX-0001560,CUST-00075,2026-06-17,618.03
TX-0001561,CUST-00075,2026-02-26,433.45
TX-0001562,CUST-00076,2026-08-28,611.92
TX-0001563,CUST-00076,2026-04-11,459.38
TX-0001564,CUST-00076,2026-07-02,402.15
TX-0001565,CUST-00076,2026-05-21,411.81
TX-0001566,CUST-00076,2026-01-08,646.8
TX-0001567,CUST-00076,2026-05-10,411.22
TX-0001568,CUST-00076,2026-01-12,417.97
TX-0001569,CUST-00076,2026-05-08,548.03
TX-0001570,CUST-00076,2026-01-10,489.8
TX-0001571,CUST-00076,2026-05-18,402.73
TX-0001572,CUST-00076,2026-02-25,647.81
TX-0001573,CUST-00076,2026-04-23,464.4
TX-0001574,CUST-00076,2026-06-20,430.98
TX-0001575,CUST-00076,2026-02-20,538.81
TX-0001576,CUST-00076,2026-02-25,598.07
TX-0001577,CUST-00076,2026-04-02,588.27
TX-0001578,CUST-00076,2025-12-02,601.44
TX-0001579,CUST-00076,2026-03-16,461.82
TX-0001580,CUST-00076,2026-03-08,474.35
TX-0001581,CUST-00076,2026-03-14,482.45
TX-0001582,CUST-00076,2025-11-21,570.47
TX-0001583,CUST-00076,2026-03-24,643.65
TX-0001584,CUST-00076,2026-04-17,534.36
TX-0001585,CUST-00077,2026-08-24,426.82
TX-0001586,CUST-00077,2025-11-04,459.18
TX-0001587,CUST-00077,2026-03-12,416.84
TX-0001588,CUST-00077,2026-01-04,632.87
TX-0001589,CUST-00077,2026-07-05,449.5
TX-0001590,CUST-00077,2025-12-14,591.33
TX-0001591,CUST-00077,2026-07-13,625.07
TX-0001592,CUST-00077,2026-07-10,581.43
TX-0001593,CUST-00077,2026-07-21,572.96
TX-0001594,CUST-00077,2026-05-27,557.91
TX-0001595,CUST-00077,2026-01-06,607.05
TX-0001596,CUST-00077,2025-12-02,579.59
TX-0001597,CUST-00077,2026-02-23,480.62
TX-0001598,CUST-00077,2026-06-16,574.32
TX-0001599,CUST-00077,2025-11-10,546.88
TX-0001600,CUST-00077,2026-04-14,566.09
TX-0001601,CUST-00077,2026-04-07,589.03
TX-0001602,CUST-00077,2026-03-20,649.42
TX-0001603,CUST-00077,2026-06-25,450.6
TX-0001604,CUST-00077,2026-05-05,534.86
TX-0001605,CUST-00077,2026-03-25,542.89
TX-0001606,CUST-00078,2026-08-31,501.07
TX-0001607,CUST-00078,2026-01-13,545.74
TX-0001608,CUST-00078,2026-03-03,564.33
TX-0001609,CUST-00078,2026-06-24,580.05
TX-0001610,CUST-00078,2026-02-15,597.56
TX-0001611,CUST-00078,2025-11-20,556.19
TX-0001612,CUST-00078,2026-03-16,551.55
TX-0001613,CUST-00078,2026-07-18,425.3
TX-0001614,CUST-00078,2026-05-31,531.85
TX-0001615,CUST-00078,2026-03-11,618.25
TX-0001616,CUST-00078,2026-02-04,422.6
TX-0001617,CUST-00078,2026-06-26,548.07
TX-0001618,CUST-00078,2026-06-14,583.5
TX-0001619,CUST-00078,2026-04-30,606.86
TX-0001620,CUST-00078,2026-02-28,547.84
TX-0001621,CUST-00078,2026-01-21,484.65
TX-0001622,CUST-00079,2026-08-28,580.83
TX-0001623,CUST-00079,2025-12-10,529.94
TX-0001624,CUST-00079,2026-05-11,492.06
TX-0001625,CUST-00079,2026-07-30,435.75
TX-0001626,CUST-00079,2026-06-29,448.26
TX-0001627,CUST-00079,2026-04-29,636.04
TX-0001628,CUST-00079,2025-11-06,526.29
TX-0001629,CUST-00079,2026-06-08,426.44
TX-0001630,CUST-00079,2026-08-03,484.58
TX-0001631,CUST-00079,2025-12-24,495.84
TX-0001632,CUST-00079,2025-12-28,593.13
TX-0001633,CUST-00079,2025-12-28,427.71
TX-0001634,CUST-00079,2025-11-30,552.16
TX-0001635,CUST-00079,2025-11-13,500.53
TX-0001636,CUST-00079,2025-11-11,412.74
TX-0001637,CUST-00079,2025-11-23,620.92
TX-0001638,CUST-00079,2025-11-04,530.54
TX-0001639,CUST-00079,2026-03-09,452.94
TX-0001640,CUST-00079,2026-02-01,604.86
TX-0001641,CUST-00079,2026-03-24,408.47
TX-0001642,CUST-00079,2026-01-05,570.75
TX-0001643,CUST-00079,2025-11-16,607.29
TX-0001644,CUST-00079,2025-12-16,469.3
TX-0001645,CUST-00079,2026-07-29,635.09
TX-0001646,CUST-00079,2026-07-28,634.27
TX-0001647,CUST-00080,2026-08-27,515.65
TX-0001648,CUST-00080,2026-02-10,504.94
TX-0001649,CUST-00080,2026-06-01,429.86
TX-0001650,CUST-00080,2026-07-16,458.18
TX-0001651,CUST-00080,2026-05-02,609.16
TX-0001652,CUST-00080,2026-07-02,456.67
TX-0001653,CUST-00080,2025-11-02,537.15
TX-0001654,CUST-00080,2026-06-12,440.8
TX-0001655,CUST-00080,2025-12-25,540.83
TX-0001656,CUST-00080,2026-04-30,556.54
TX-0001657,CUST-00080,2026-04-11,628.05
TX-0001658,CUST-00080,2026-06-30,628.36
TX-0001659,CUST-00080,2025-11-15,625.62
TX-0001660,CUST-00080,2025-12-19,557.82
TX-0001661,CUST-00080,2026-02-18,555.04
TX-0001662,CUST-00080,2026-02-11,572.62
TX-0001663,CUST-00080,2026-08-02,404.12
TX-0001664,CUST-00080,2025-11-12,546.4
TX-0001665,CUST-00080,2026-07-03,595.37
TX-0001666,CUST-00080,2026-04-27,403.1
TX-0001667,CUST-00080,2026-05-14,527.43
TX-0001668,CUST-00080,2026-03-21,509.25
TX-0001669,CUST-00080,2025-12-19,484.93
TX-0001670,CUST-00080,2026-06-02,531.89
TX-0001671,CUST-00081,2026-08-24,642.48
TX-0001672,CUST-00081,2026-02-15,443.23
TX-0001673,CUST-00081,2026-05-10,473.49
TX-0001674,CUST-00081,2026-06-01,535.83
TX-0001675,CUST-00081,2026-03-20,560.94
TX-0001676,CUST-00081,2026-05-09,637.5
TX-0001677,CUST-00081,2026-05-20,573.19
TX-0001678,CUST-00081,2026-06-03,406.26
TX-0001679,CUST-00081,2026-05-27,515.93
TX-0001680,CUST-00081,2025-12-20,407.75
TX-0001681,CUST-00081,2026-02-14,569.58
TX-0001682,CUST-00081,2026-05-31,586.68
TX-0001683,CUST-00081,2026-03-15,550.99
TX-0001684,CUST-00081,2026-03-27,499.02
TX-0001685,CUST-00081,2026-07-29,424.99
TX-0001686,CUST-00081,2026-07-18,563.75
TX-0001687,CUST-00081,2025-10-30,403.95
TX-0001688,CUST-00081,2026-02-08,539.4
TX-0001689,CUST-00081,2026-01-07,606.69
TX-0001690,CUST-00081,2026-06-25,536.3
TX-0001691,CUST-00082,2026-08-27,614.74
TX-0001692,CUST-00082,2026-01-26,430.57
TX-0001693,CUST-00082,2026-04-26,631.55
TX-0001694,CUST-00082,2026-08-05,609.05
TX-0001695,CUST-00082,2026-01-19,419.19
TX-0001696,CUST-00082,2026-06-18,400.97
TX-0001697,CUST-00082,2025-12-08,511.31
TX-0001698,CUST-00082,2026-05-09,441.5
TX-0001699,CUST-00082,2026-07-19,512.77
TX-0001700,CUST-00082,2026-04-20,591.92
TX-0001701,CUST-00082,2026-01-02,623.28
TX-0001702,CUST-00082,2026-02-08,431.1
TX-0001703,CUST-00082,2026-01-16,473.85
TX-0001704,CUST-00082,2025-11-25,422.18
TX-0001705,CUST-00082,2025-11-19,501.71
TX-0001706,CUST-00082,2025-11-17,637.67
TX-0001707,CUST-00082,2025-12-17,502.8
TX-0001708,CUST-00082,2026-02-03,514.19
TX-0001709,CUST-00083,2026-08-26,407.9
TX-0001710,CUST-00083,2026-04-02,436.04
TX-0001711,CUST-00083,2026-02-17,458.14
TX-0001712,CUST-00083,2026-07-28,566.51
TX-0001713,CUST-00083,2026-05-03,621.66
TX-0001714,CUST-00083,2026-03-14,604.81
TX-0001715,CUST-00083,2026-03-24,593.22
TX-0001716,CUST-00083,2026-07-04,467.78
TX-0001717,CUST-00083,2026-03-24,449.37
TX-0001718,CUST-00083,2026-03-05,615.22
TX-0001719,CUST-00083,2025-12-20,625.54
TX-0001720,CUST-00083,2025-11-25,619.37
TX-0001721,CUST-00083,2025-11-11,457.08
TX-0001722,CUST-00083,2025-11-28,632.96
TX-0001723,CUST-00083,2026-03-02,505.62
TX-0001724,CUST-00083,2026-05-05,540.09
TX-0001725,CUST-00083,2026-05-06,472.14
TX-0001726,CUST-00083,2025-11-01,460.33
TX-0001727,CUST-00083,2026-07-19,524.14
TX-0001728,CUST-00083,2026-03-10,621.94
TX-0001729,CUST-00083,2026-02-13,530.24
TX-0001730,CUST-00083,2026-06-04,507.15
TX-0001731,CUST-00083,2026-04-01,452.32
TX-0001732,CUST-00083,2026-04-26,605.73
TX-0001733,CUST-00084,2026-08-30,590.0
TX-0001734,CUST-00084,2026-01-23,543.72
TX-0001735,CUST-00084,2026-06-01,615.73
TX-0001736,CUST-00084,2026-05-25,620.4
TX-0001737,CUST-00084,2025-11-26,582.35
TX-0001738,CUST-00084,2025-12-31,566.14
TX-0001739,CUST-00084,2026-07-27,611.59
TX-0001740,CUST-00084,2025-11-05,505.04
TX-0001741,CUST-00084,2026-04-25,603.48
TX-0001742,CUST-00084,2026-01-15,513.22
TX-0001743,CUST-00084,2026-06-17,631.74
TX-0001744,CUST-00084,2026-04-25,541.37
TX-0001745,CUST-00084,2026-01-10,426.49
TX-0001746,CUST-00084,2026-06-12,610.17
TX-0001747,CUST-00084,2025-11-28,499.14
TX-0001748,CUST-00084,2026-04-25,461.5
TX-0001749,CUST-00084,2026-03-08,522.9
TX-0001750,CUST-00084,2025-12-29,623.79
TX-0001751,CUST-00084,2026-01-17,417.53
TX-0001752,CUST-00084,2026-03-05,516.82
TX-0001753,CUST-00084,2026-03-07,553.57
TX-0001754,CUST-00084,2026-04-10,499.66
TX-0001755,CUST-00084,2026-05-19,517.97
TX-0001756,CUST-00085,2026-08-27,518.04
TX-0001757,CUST-00085,2026-03-23,604.46
TX-0001758,CUST-00085,2026-07-25,586.41
TX-0001759,CUST-00085,2026-05-07,600.14
TX-0001760,CUST-00085,2026-05-27,613.41
TX-0001761,CUST-00085,2026-06-30,545.67
TX-0001762,CUST-00085,2026-01-01,471.33
TX-0001763,CUST-00085,2026-01-14,459.7
TX-0001764,CUST-00085,2026-06-25,567.85
TX-0001765,CUST-00085,2026-06-01,527.79
TX-0001766,CUST-00085,2026-04-24,637.16
TX-0001767,CUST-00085,2026-04-26,618.93
TX-0001768,CUST-00085,2026-03-24,646.74
TX-0001769,CUST-00085,2025-12-06,441.47
TX-0001770,CUST-00085,2026-03-11,604.91
TX-0001771,CUST-00085,2026-08-03,498.33
TX-0001772,CUST-00085,2025-12-13,617.68
TX-0001773,CUST-00085,2026-01-28,533.19
TX-0001774,CUST-00086,2026-08-31,603.07
TX-0001775,CUST-00086,2026-08-10,577.39
TX-0001776,CUST-00086,2026-04-05,623.12
TX-0001777,CUST-00086,2026-05-08,457.49
TX-0001778,CUST-00086,2026-06-29,560.7
TX-0001779,CUST-00086,2026-07-27,643.0
TX-0001780,CUST-00086,2026-06-07,462.42
TX-0001781,CUST-00086,2026-08-08,434.87
TX-0001782,CUST-00086,2025-12-14,456.6
TX-0001783,CUST-00086,2026-03-20,525.79
TX-0001784,CUST-00086,2025-11-07,403.04
TX-0001785,CUST-00086,2026-03-22,539.12
TX-0001786,CUST-00086,2026-03-23,601.86
TX-0001787,CUST-00086,2026-02-07,488.82
TX-0001788,CUST-00086,2026-04-22,441.98
TX-0001789,CUST-00086,2025-12-19,585.2
TX-0001790,CUST-00086,2026-01-05,434.17
TX-0001791,CUST-00086,2026-03-22,498.36
TX-0001792,CUST-00086,2025-12-05,400.68
TX-0001793,CUST-00086,2026-06-21,474.69
TX-0001794,CUST-00087,2026-08-27,468.01
TX-0001795,CUST-00087,2026-05-09,515.01
TX-0001796,CUST-00087,2026-07-27,445.38
TX-0001797,CUST-00087,2026-03-15,576.67
TX-0001798,CUST-00087,2025-11-03,543.82
TX-0001799,CUST-00087,2026-07-17,611.1
TX-0001800,CUST-00087,2026-06-13,443.74
TX-0001801,CUST-00087,2026-01-07,490.14
TX-0001802,CUST-00087,2026-06-23,595.69
TX-0001803,CUST-00087,2026-06-15,446.67
TX-0001804,CUST-00087,2025-11-03,524.26
TX-0001805,CUST-00087,2026-08-03,456.32
TX-0001806,CUST-00087,2026-03-14,581.0
TX-0001807,CUST-00087,2025-12-17,420.2
TX-0001808,CUST-00087,2026-04-19,620.52
TX-0001809,CUST-00087,2025-12-28,617.42
TX-0001810,CUST-00088,2026-08-27,568.54
TX-0001811,CUST-00088,2026-04-10,531.27
TX-0001812,CUST-00088,2026-02-07,629.78
TX-0001813,CUST-00088,2026-02-26,425.13
TX-0001814,CUST-00088,2026-05-15,418.11
TX-0001815,CUST-00088,2026-03-21,636.2
TX-0001816,CUST-00088,2026-04-08,568.84
TX-0001817,CUST-00088,2025-12-23,610.28
TX-0001818,CUST-00088,2025-11-03,440.45
TX-0001819,CUST-00088,2026-06-11,599.88
TX-0001820,CUST-00088,2025-12-03,412.22
TX-0001821,CUST-00088,2026-02-22,588.52
TX-0001822,CUST-00088,2026-05-03,562.15
TX-0001823,CUST-00088,2026-07-15,528.51
TX-0001824,CUST-00088,2026-05-30,433.81
TX-0001825,CUST-00088,2025-12-31,429.24
TX-0001826,CUST-00088,2026-07-14,559.45
TX-0001827,CUST-00088,2026-05-15,487.85
TX-0001828,CUST-00088,2026-06-12,572.97
TX-0001829,CUST-00088,2026-01-21,571.71
TX-0001830,CUST-00088,2026-03-12,633.74
TX-0001831,CUST-00088,2026-03-12,496.35
TX-0001832,CUST-00088,2025-12-17,418.78
TX-0001833,CUST-00089,2026-08-28,647.11
TX-0001834,CUST-00089,2026-07-21,611.65
TX-0001835,CUST-00089,2026-03-01,556.69
TX-0001836,CUST-00089,2026-03-14,488.32
TX-0001837,CUST-00089,2026-02-01,592.6
TX-0001838,CUST-00089,2026-08-11,649.56
TX-0001839,CUST-00089,2026-03-26,415.33
TX-0001840,CUST-00089,2026-02-21,548.96
TX-0001841,CUST-00089,2026-07-11,461.19
TX-0001842,CUST-00089,2026-03-04,482.19
TX-0001843,CUST-00089,2026-01-17,445.95
TX-0001844,CUST-00089,2026-08-07,441.44
TX-0001845,CUST-00089,2026-08-01,618.31
TX-0001846,CUST-00089,2026-04-16,573.38
TX-0001847,CUST-00089,2026-08-02,407.07
TX-0001848,CUST-00089,2026-03-18,539.67
TX-0001849,CUST-00089,2026-05-25,549.18
TX-0001850,CUST-00089,2026-07-14,508.65
TX-0001851,CUST-00089,2025-11-23,471.95
TX-0001852,CUST-00089,2026-02-21,569.79
TX-0001853,CUST-00089,2026-07-29,638.97
TX-0001854,CUST-00089,2025-11-22,645.19
TX-0001855,CUST-00089,2026-01-15,516.3
TX-0001856,CUST-00089,2025-12-20,455.0
TX-0001857,CUST-00090,2026-08-25,455.49
TX-0001858,CUST-00090,2026-01-13,512.8
TX-0001859,CUST-00090,2026-06-14,515.7
TX-0001860,CUST-00090,2025-12-18,570.96
TX-0001861,CUST-00090,2025-11-12,560.79
TX-0001862,CUST-00090,2026-02-06,467.62
TX-0001863,CUST-00090,2026-02-17,492.93
TX-0001864,CUST-00090,2026-07-28,596.74
TX-0001865,CUST-00090,2026-03-08,508.25
TX-0001866,CUST-00090,2026-04-08,461.34
TX-0001867,CUST-00090,2026-04-27,452.36
TX-0001868,CUST-00090,2026-02-24,458.14
TX-0001869,CUST-00090,2026-07-20,416.05
TX-0001870,CUST-00090,2026-01-04,494.12
TX-0001871,CUST-00090,2026-05-23,495.06
TX-0001872,CUST-00090,2026-04-10,603.76
TX-0001873,CUST-00090,2026-03-11,480.21
TX-0001874,CUST-00090,2026-01-06,634.89
TX-0001875,CUST-00090,2025-11-11,565.22
TX-0001876,CUST-00090,2026-04-09,586.95
TX-0001877,CUST-00090,2025-11-04,514.47
TX-0001878,CUST-00091,2026-08-28,479.43
TX-0001879,CUST-00091,2026-03-17,426.06
TX-0001880,CUST-00091,2025-12-19,503.71
TX-0001881,CUST-00091,2026-07-09,502.61
TX-0001882,CUST-00091,2026-05-20,539.23
TX-0001883,CUST-00091,2025-11-21,409.06
TX-0001884,CUST-00091,2025-12-03,555.36
TX-0001885,CUST-00091,2026-04-05,405.07
TX-0001886,CUST-00091,2025-11-24,462.39
TX-0001887,CUST-00091,2026-07-11,454.2
TX-0001888,CUST-00091,2026-07-03,468.64
TX-0001889,CUST-00091,2026-04-21,532.26
TX-0001890,CUST-00091,2026-07-09,400.25
TX-0001891,CUST-00091,2026-06-28,423.39
TX-0001892,CUST-00091,2026-05-17,537.42
TX-0001893,CUST-00091,2026-05-12,537.1
TX-0001894,CUST-00091,2026-04-19,455.46
TX-0001895,CUST-00091,2026-08-07,635.34
TX-0001896,CUST-00091,2026-01-24,427.08
TX-0001897,CUST-00091,2026-07-08,436.64
TX-0001898,CUST-00091,2026-03-04,645.32
TX-0001899,CUST-00091,2026-02-18,552.57
TX-0001900,CUST-00091,2026-01-17,646.67
TX-0001901,CUST-00092,2026-08-31,451.0
TX-0001902,CUST-00092,2025-11-12,555.77
TX-0001903,CUST-00092,2026-07-12,505.02
TX-0001904,CUST-00092,2026-04-29,632.81
TX-0001905,CUST-00092,2026-04-17,437.31
TX-0001906,CUST-00092,2025-11-05,494.78
TX-0001907,CUST-00092,2026-05-23,562.19
TX-0001908,CUST-00092,2025-11-14,414.4
TX-0001909,CUST-00092,2026-04-26,630.72
TX-0001910,CUST-00092,2026-03-08,576.1
TX-0001911,CUST-00092,2026-03-22,437.3
TX-0001912,CUST-00092,2026-03-17,568.38
TX-0001913,CUST-00092,2026-05-14,514.06
TX-0001914,CUST-00092,2026-07-03,461.03
TX-0001915,CUST-00092,2025-12-09,613.6
TX-0001916,CUST-00092,2026-08-07,577.22
TX-0001917,CUST-00092,2026-03-11,649.85
TX-0001918,CUST-00092,2026-08-14,440.26
TX-0001919,CUST-00092,2026-02-25,568.54
TX-0001920,CUST-00092,2026-07-30,547.45
TX-0001921,CUST-00093,2026-08-29,547.04
TX-0001922,CUST-00093,2026-05-09,491.3
TX-0001923,CUST-00093,2026-01-28,548.57
TX-0001924,CUST-00093,2025-11-27,451.91
TX-0001925,CUST-00093,2026-03-07,620.48
TX-0001926,CUST-00093,2026-01-02,566.71
TX-0001927,CUST-00093,2026-04-02,480.4
TX-0001928,CUST-00093,2025-11-27,421.47
TX-0001929,CUST-00093,2026-06-06,402.8
TX-0001930,CUST-00093,2025-12-20,646.66
TX-0001931,CUST-00093,2026-06-12,603.72
TX-0001932,CUST-00093,2026-02-06,442.16
TX-0001933,CUST-00093,2026-05-26,504.57
TX-0001934,CUST-00093,2026-03-14,481.1
TX-0001935,CUST-00093,2025-12-30,639.42
TX-0001936,CUST-00093,2025-11-22,618.82
TX-0001937,CUST-00093,2026-07-02,594.17
TX-0001938,CUST-00093,2026-04-03,436.99
TX-0001939,CUST-00093,2025-11-27,529.47
TX-0001940,CUST-00093,2026-01-30,484.1
TX-0001941,CUST-00093,2026-07-01,402.95
TX-0001942,CUST-00093,2026-02-01,461.99
TX-0001943,CUST-00093,2025-11-27,599.32
TX-0001944,CUST-00094,2026-08-26,425.19
TX-0001945,CUST-00094,2026-07-10,548.04
TX-0001946,CUST-00094,2026-05-30,535.74
TX-0001947,CUST-00094,2025-12-16,480.11
TX-0001948,CUST-00094,2026-05-23,543.46
TX-0001949,CUST-00094,2026-05-31,445.83
TX-0001950,CUST-00094,2026-03-31,562.7
TX-0001951,CUST-00094,2026-05-29,432.05
TX-0001952,CUST-00094,2025-11-19,526.43
TX-0001953,CUST-00094,2026-06-17,604.88
TX-0001954,CUST-00094,2026-02-06,577.5
TX-0001955,CUST-00094,2026-02-18,579.03
TX-0001956,CUST-00094,2025-12-05,553.4
TX-0001957,CUST-00094,2026-01-12,469.55
TX-0001958,CUST-00094,2026-07-14,551.56
TX-0001959,CUST-00094,2026-01-11,416.59
TX-0001960,CUST-00094,2026-06-04,415.18
TX-0001961,CUST-00094,2025-11-19,537.22
TX-0001962,CUST-00094,2026-06-27,552.6
TX-0001963,CUST-00094,2025-11-20,597.72
TX-0001964,CUST-00094,2025-12-20,477.39
TX-0001965,CUST-00094,2025-12-07,537.24
TX-0001966,CUST-00094,2026-03-04,518.22
TX-0001967,CUST-00094,2026-07-05,563.78
TX-0001968,CUST-00094,2026-06-13,644.81
TX-0001969,CUST-00094,2026-02-16,424.52
TX-0001970,CUST-00095,2026-08-25,461.21
TX-0001971,CUST-00095,2026-02-22,586.42
TX-0001972,CUST-00095,2026-04-19,421.12
TX-0001973,CUST-00095,2026-01-02,547.5
TX-0001974,CUST-00095,2026-05-08,427.69
TX-0001975,CUST-00095,2026-07-19,587.71
TX-0001976,CUST-00095,2026-05-12,473.23
TX-0001977,CUST-00095,2025-11-30,590.52
TX-0001978,CUST-00095,2026-03-13,574.55
TX-0001979,CUST-00095,2026-05-23,577.24
TX-0001980,CUST-00095,2026-06-01,637.04
TX-0001981,CUST-00095,2026-07-15,481.54
TX-0001982,CUST-00095,2026-04-19,458.67
TX-0001983,CUST-00095,2026-04-20,585.58
TX-0001984,CUST-00095,2026-07-09,518.56
TX-0001985,CUST-00095,2026-03-01,478.54
TX-0001986,CUST-00095,2026-04-21,435.32
TX-0001987,CUST-00095,2026-05-26,614.92
TX-0001988,CUST-00095,2026-02-09,550.6
TX-0001989,CUST-00095,2026-04-25,597.48
TX-0001990,CUST-00095,2026-04-26,416.11
TX-0001991,CUST-00095,2026-05-30,457.53
TX-0001992,CUST-00095,2026-07-05,646.34
TX-0001993,CUST-00096,2026-08-26,401.25
TX-0001994,CUST-00096,2026-02-16,446.08
TX-0001995,CUST-00096,2025-11-29,558.89
TX-0001996,CUST-00096,2026-04-25,631.07
TX-0001997,CUST-00096,2026-04-07,591.18
TX-0001998,CUST-00096,2026-04-06,587.38
TX-0001999,CUST-00096,2026-06-22,643.85
TX-0002000,CUST-00096,2026-04-02,560.63
TX-0002001,CUST-00096,2025-12-30,629.67
TX-0002002,CUST-00096,2026-06-02,621.64
TX-0002003,CUST-00096,2025-12-19,424.39
TX-0002004,CUST-00096,2026-02-08,595.71
TX-0002005,CUST-00096,2025-12-08,553.65
TX-0002006,CUST-00096,2026-03-23,554.34
TX-0002007,CUST-00096,2025-12-14,437.92
TX-0002008,CUST-00096,2026-06-11,467.47
TX-0002009,CUST-00096,2025-12-26,549.44
TX-0002010,CUST-00096,2026-04-08,461.12
TX-0002011,CUST-00096,2026-05-12,620.7
TX-0002012,CUST-00096,2026-04-27,511.51
TX-0002013,CUST-00096,2026-02-07,502.43
TX-0002014,CUST-00096,2026-06-21,582.91
TX-0002015,CUST-00096,2026-05-13,512.11
TX-0002016,CUST-00097,2026-08-31,603.94
TX-0002017,CUST-00097,2025-11-15,580.89
TX-0002018,CUST-00097,2026-08-13,617.27
TX-0002019,CUST-00097,2025-12-01,484.37
TX-0002020,CUST-00097,2026-07-23,552.74
TX-0002021,CUST-00097,2026-02-24,466.82
TX-0002022,CUST-00097,2026-06-13,455.49
TX-0002023,CUST-00097,2026-07-15,564.83
TX-0002024,CUST-00097,2025-12-26,595.23
TX-0002025,CUST-00097,2026-01-12,479.07
TX-0002026,CUST-00097,2026-04-06,451.31
TX-0002027,CUST-00097,2026-04-09,536.7
TX-0002028,CUST-00097,2026-04-27,629.77
TX-0002029,CUST-00097,2025-12-10,629.01
TX-0002030,CUST-00097,2026-04-27,612.57
TX-0002031,CUST-00097,2025-11-15,516.37
TX-0002032,CUST-00097,2026-06-02,411.87
TX-0002033,CUST-00097,2026-07-24,497.57
TX-0002034,CUST-00097,2026-07-02,464.42
TX-0002035,CUST-00097,2026-06-29,638.3
TX-0002036,CUST-00097,2026-08-01,448.85
TX-0002037,CUST-00098,2026-08-24,560.24
TX-0002038,CUST-00098,2026-01-05,569.0
TX-0002039,CUST-00098,2026-01-19,482.87
TX-0002040,CUST-00098,2026-02-06,446.67
TX-0002041,CUST-00098,2026-05-21,634.43
TX-0002042,CUST-00098,2026-05-15,463.8
TX-0002043,CUST-00098,2026-02-21,577.79
TX-0002044,CUST-00098,2026-02-03,512.82
TX-0002045,CUST-00098,2026-06-27,558.11
TX-0002046,CUST-00098,2026-06-25,568.33
TX-0002047,CUST-00098,2025-10-29,467.65
TX-0002048,CUST-00098,2026-05-24,440.54
TX-0002049,CUST-00098,2025-12-24,483.09
TX-0002050,CUST-00098,2026-05-07,513.54
TX-0002051,CUST-00098,2026-01-27,447.6
TX-0002052,CUST-00098,2026-06-15,535.43
TX-0002053,CUST-00098,2026-02-13,432.22
TX-0002054,CUST-00098,2026-01-25,635.99
TX-0002055,CUST-00098,2026-06-04,506.7
TX-0002056,CUST-00098,2025-11-26,424.58
TX-0002057,CUST-00098,2026-05-23,410.74
TX-0002058,CUST-00098,2026-01-16,590.26
TX-0002059,CUST-00098,2026-03-02,610.76
TX-0002060,CUST-00099,2026-08-31,494.13
TX-0002061,CUST-00099,2026-01-07,475.83
TX-0002062,CUST-00099,2026-04-06,443.26
TX-0002063,CUST-00099,2025-11-06,415.92
TX-0002064,CUST-00099,2026-04-23,606.75
TX-0002065,CUST-00099,2026-02-15,583.77
TX-0002066,CUST-00099,2026-07-05,577.93
TX-0002067,CUST-00099,2025-12-15,445.95
TX-0002068,CUST-00099,2026-06-30,400.21
TX-0002069,CUST-00099,2026-02-27,488.46
TX-0002070,CUST-00099,2026-04-26,430.95
TX-0002071,CUST-00099,2026-06-24,482.94
TX-0002072,CUST-00099,2025-12-17,417.56
TX-0002073,CUST-00099,2026-07-31,629.01
TX-0002074,CUST-00099,2026-01-07,478.03
TX-0002075,CUST-00099,2025-11-10,641.09
TX-0002076,CUST-00100,2026-08-24,578.73
TX-0002077,CUST-00100,2026-07-22,550.2
TX-0002078,CUST-00100,2026-01-25,424.05
TX-0002079,CUST-00100,2026-03-08,447.14
TX-0002080,CUST-00100,2026-07-19,551.03
TX-0002081,CUST-00100,2026-02-03,646.65
TX-0002082,CUST-00100,2026-01-30,577.69
TX-0002083,CUST-00100,2026-03-26,646.15
TX-0002084,CUST-00100,2026-01-28,410.05
TX-0002085,CUST-00100,2026-01-11,616.75
TX-0002086,CUST-00100,2026-04-28,401.09
TX-0002087,CUST-00100,2026-02-12,526.81
TX-0002088,CUST-00100,2025-11-15,464.33
TX-0002089,CUST-00100,2025-12-17,522.88
TX-0002090,CUST-00100,2026-06-21,414.42
TX-0002091,CUST-00100,2025-11-15,420.14
TX-0002092,CUST-00100,2026-01-14,616.02
TX-0002093,CUST-00101,2026-08-30,472.08
TX-0002094,CUST-00101,2026-02-23,448.76
TX-0002095,CUST-00101,2026-08-08,538.36
TX-0002096,CUST-00101,2026-06-15,574.98
TX-0002097,CUST-00101,2026-02-12,497.01
TX-0002098,CUST-00101,2026-03-04,538.75
TX-0002099,CUST-00101,2026-07-20,438.58
TX-0002100,CUST-00101,2026-03-15,632.95
TX-0002101,CUST-00101,2026-01-10,630.68
TX-0002102,CUST-00101,2026-01-16,629.17
TX-0002103,CUST-00101,2026-02-11,632.06
TX-0002104,CUST-00101,2026-07-22,504.18
TX-0002105,CUST-00101,2026-08-14,415.64
TX-0002106,CUST-00101,2025-11-09,427.37
TX-0002107,CUST-00101,2026-07-19,487.93
TX-0002108,CUST-00101,2025-11-12,575.32
TX-0002109,CUST-00101,2026-01-02,547.55
TX-0002110,CUST-00102,2026-08-26,586.98
TX-0002111,CUST-00102,2026-02-18,488.7
TX-0002112,CUST-00102,2026-08-08,470.15
TX-0002113,CUST-00102,2025-12-16,482.65
TX-0002114,CUST-00102,2026-05-25,602.97
TX-0002115,CUST-00102,2026-05-21,589.98
TX-0002116,CUST-00102,2026-01-25,434.75
TX-0002117,CUST-00102,2025-11-05,601.96
TX-0002118,CUST-00102,2026-01-31,448.71
TX-0002119,CUST-00102,2026-05-05,562.02
TX-0002120,CUST-00102,2026-03-27,509.84
TX-0002121,CUST-00102,2026-07-05,428.03
TX-0002122,CUST-00102,2026-03-17,424.98
TX-0002123,CUST-00102,2026-08-07,441.06
TX-0002124,CUST-00102,2026-07-05,638.53
TX-0002125,CUST-00102,2026-06-03,471.22
TX-0002126,CUST-00102,2026-05-02,480.52
TX-0002127,CUST-00103,2026-08-26,540.74
TX-0002128,CUST-00103,2025-12-30,629.79
TX-0002129,CUST-00103,2026-05-18,428.71
TX-0002130,CUST-00103,2026-05-19,539.05
TX-0002131,CUST-00103,2026-05-05,600.48
TX-0002132,CUST-00103,2026-05-17,619.86
TX-0002133,CUST-00103,2026-03-30,642.84
TX-0002134,CUST-00103,2026-04-16,538.25
TX-0002135,CUST-00103,2026-05-26,522.24
TX-0002136,CUST-00103,2026-05-25,409.33
TX-0002137,CUST-00103,2025-12-25,425.36
TX-0002138,CUST-00103,2026-05-25,477.19
TX-0002139,CUST-00103,2026-03-03,410.74
TX-0002140,CUST-00103,2026-06-27,419.83
TX-0002141,CUST-00103,2026-01-25,417.94
TX-0002142,CUST-00103,2025-12-15,519.27
TX-0002143,CUST-00103,2026-05-07,457.02
TX-0002144,CUST-00103,2025-11-06,447.19
TX-0002145,CUST-00103,2026-01-06,637.89
TX-0002146,CUST-00103,2025-11-17,435.04
TX-0002147,CUST-00103,2025-11-11,548.69
TX-0002148,CUST-00103,2026-01-27,560.42
TX-0002149,CUST-00103,2026-01-21,576.03
TX-0002150,CUST-00103,2026-06-21,604.95
TX-0002151,CUST-00103,2026-03-27,533.34
TX-0002152,CUST-00104,2026-08-30,426.31
TX-0002153,CUST-00104,2026-04-02,566.16
TX-0002154,CUST-00104,2026-08-06,468.91
TX-0002155,CUST-00104,2026-07-01,423.56
TX-0002156,CUST-00104,2026-06-22,559.68
TX-0002157,CUST-00104,2026-07-08,557.12
TX-0002158,CUST-00104,2026-04-17,422.54
TX-0002159,CUST-00104,2026-04-06,508.34
TX-0002160,CUST-00104,2026-05-07,580.11
TX-0002161,CUST-00104,2026-03-13,544.76
TX-0002162,CUST-00104,2026-03-28,521.75
TX-0002163,CUST-00104,2026-05-02,641.57
TX-0002164,CUST-00104,2026-01-12,524.24
TX-0002165,CUST-00104,2026-07-09,519.81
TX-0002166,CUST-00104,2026-08-08,635.63
TX-0002167,CUST-00104,2026-04-10,479.79
TX-0002168,CUST-00104,2026-06-04,649.85
TX-0002169,CUST-00104,2026-05-12,579.67
TX-0002170,CUST-00104,2026-08-02,415.47
TX-0002171,CUST-00105,2026-08-30,549.9
TX-0002172,CUST-00105,2026-07-13,417.89
TX-0002173,CUST-00105,2025-11-22,634.23
TX-0002174,CUST-00105,2026-01-03,536.51
TX-0002175,CUST-00105,2026-02-21,472.97
TX-0002176,CUST-00105,2026-06-22,415.99
TX-0002177,CUST-00105,2026-01-17,425.45
TX-0002178,CUST-00105,2026-01-02,421.39
TX-0002179,CUST-00105,2026-05-19,403.12
TX-0002180,CUST-00105,2025-12-31,508.51
TX-0002181,CUST-00105,2026-01-26,600.34
TX-0002182,CUST-00105,2026-06-19,551.08
TX-0002183,CUST-00105,2025-12-17,501.63
TX-0002184,CUST-00105,2025-12-06,612.19
TX-0002185,CUST-00105,2026-03-24,455.76
TX-0002186,CUST-00105,2026-03-31,636.04
TX-0002187,CUST-00106,2026-08-29,460.67
TX-0002188,CUST-00106,2026-08-07,491.67
TX-0002189,CUST-00106,2026-05-11,487.84
TX-0002190,CUST-00106,2026-03-18,620.78
TX-0002191,CUST-00106,2025-11-30,473.08
TX-0002192,CUST-00106,2026-03-19,485.03
TX-0002193,CUST-00106,2026-04-30,605.44
TX-0002194,CUST-00106,2026-07-01,425.88
TX-0002195,CUST-00106,2026-04-08,525.75
TX-0002196,CUST-00106,2026-02-04,598.88
TX-0002197,CUST-00106,2025-12-06,547.41
TX-0002198,CUST-00106,2026-01-06,498.18
TX-0002199,CUST-00106,2026-03-18,408.22
TX-0002200,CUST-00106,2026-07-12,409.68
TX-0002201,CUST-00106,2026-06-18,482.24
TX-0002202,CUST-00106,2026-03-26,489.08
TX-0002203,CUST-00106,2025-11-21,540.15
TX-0002204,CUST-00106,2026-03-31,569.49
TX-0002205,CUST-00106,2025-12-12,566.74
TX-0002206,CUST-00106,2026-05-16,486.55
TX-0002207,CUST-00106,2025-12-11,546.29
TX-0002208,CUST-00106,2026-02-26,478.67
TX-0002209,CUST-00106,2026-02-28,482.58
TX-0002210,CUST-00107,2026-08-26,433.76
TX-0002211,CUST-00107,2026-02-08,510.26
TX-0002212,CUST-00107,2026-03-14,623.18
TX-0002213,CUST-00107,2026-08-01,613.79
TX-0002214,CUST-00107,2026-04-30,440.79
TX-0002215,CUST-00107,2026-03-20,506.08
TX-0002216,CUST-00107,2026-02-05,402.53
TX-0002217,CUST-00107,2025-11-24,513.73
TX-0002218,CUST-00107,2026-08-02,638.57
TX-0002219,CUST-00107,2026-05-22,616.57
TX-0002220,CUST-00107,2026-02-03,630.6
TX-0002221,CUST-00107,2026-03-06,450.67
TX-0002222,CUST-00107,2025-11-09,571.31
TX-0002223,CUST-00107,2026-03-08,636.13
TX-0002224,CUST-00107,2026-07-02,509.82
TX-0002225,CUST-00107,2026-05-27,434.57
TX-0002226,CUST-00107,2026-06-04,574.66
TX-0002227,CUST-00107,2025-11-07,407.09
TX-0002228,CUST-00107,2025-12-08,585.11
TX-0002229,CUST-00108,2026-08-24,427.54
TX-0002230,CUST-00108,2026-07-19,572.99
TX-0002231,CUST-00108,2025-12-10,561.99
TX-0002232,CUST-00108,2026-07-21,608.61
TX-0002233,CUST-00108,2026-03-21,530.86
TX-0002234,CUST-00108,2025-11-24,619.5
TX-0002235,CUST-00108,2026-04-14,603.13
TX-0002236,CUST-00108,2026-03-15,462.93
TX-0002237,CUST-00108,2026-01-15,526.49
TX-0002238,CUST-00108,2026-07-12,564.71
TX-0002239,CUST-00108,2026-03-09,433.49
TX-0002240,CUST-00108,2026-03-17,413.6
TX-0002241,CUST-00108,2026-02-15,474.88
TX-0002242,CUST-00108,2026-06-04,555.01
TX-0002243,CUST-00108,2026-01-18,596.7
TX-0002244,CUST-00108,2026-07-24,612.57
TX-0002245,CUST-00108,2026-03-20,615.19
TX-0002246,CUST-00108,2026-05-04,564.75
TX-0002247,CUST-00108,2026-05-03,500.65
TX-0002248,CUST-00108,2026-06-27,532.17
TX-0002249,CUST-00108,2025-12-04,421.59
TX-0002250,CUST-00108,2025-12-02,631.07
TX-0002251,CUST-00108,2026-01-14,605.4
TX-0002252,CUST-00108,2026-03-02,539.4
TX-0002253,CUST-00108,2026-04-04,646.15
TX-0002254,CUST-00109,2026-08-30,540.49
TX-0002255,CUST-00109,2026-07-25,482.2
TX-0002256,CUST-00109,2026-04-12,480.58
TX-0002257,CUST-00109,2026-08-13,549.06
TX-0002258,CUST-00109,2026-01-10,466.01
TX-0002259,CUST-00109,2026-06-23,410.11
TX-0002260,CUST-00109,2026-07-17,491.09
TX-0002261,CUST-00109,2025-12-08,484.17
TX-0002262,CUST-00109,2026-01-28,569.77
TX-0002263,CUST-00109,2026-01-12,482.03
TX-0002264,CUST-00109,2026-08-05,605.41
TX-0002265,CUST-00109,2026-01-30,539.81
TX-0002266,CUST-00109,2026-08-07,400.25
TX-0002267,CUST-00109,2026-08-05,647.72
TX-0002268,CUST-00109,2026-05-23,595.57
TX-0002269,CUST-00109,2025-11-21,625.58
TX-0002270,CUST-00109,2026-07-24,405.11
TX-0002271,CUST-00109,2026-01-02,512.79
TX-0002272,CUST-00109,2026-05-08,597.39
TX-0002273,CUST-00109,2026-08-14,472.05
TX-0002274,CUST-00109,2026-07-20,587.83
TX-0002275,CUST-00109,2026-01-01,554.93
TX-0002276,CUST-00109,2026-03-31,475.31
TX-0002277,CUST-00109,2026-05-19,641.69
TX-0002278,CUST-00110,2026-08-25,511.78
TX-0002279,CUST-00110,2026-03-30,538.08
TX-0002280,CUST-00110,2026-04-16,538.17
TX-0002281,CUST-00110,2025-12-24,508.08
TX-0002282,CUST-00110,2025-12-18,627.26
TX-0002283,CUST-00110,2026-05-19,633.03
TX-0002284,CUST-00110,2026-03-03,510.54
TX-0002285,CUST-00110,2026-07-18,576.31
TX-0002286,CUST-00110,2025-12-15,540.75
TX-0002287,CUST-00110,2026-06-15,575.0
TX-0002288,CUST-00110,2026-01-09,569.1
TX-0002289,CUST-00110,2025-12-28,586.53
TX-0002290,CUST-00110,2026-06-12,524.59
TX-0002291,CUST-00110,2025-11-01,547.07
TX-0002292,CUST-00110,2026-08-10,613.99
TX-0002293,CUST-00110,2026-04-27,552.51
TX-0002294,CUST-00110,2026-07-05,604.09
TX-0002295,CUST-00110,2026-01-09,579.26
TX-0002296,CUST-00110,2026-01-06,498.01
TX-0002297,CUST-00110,2025-11-27,613.55
TX-0002298,CUST-00111,2026-08-28,400.16
TX-0002299,CUST-00111,2026-03-04,561.22
TX-0002300,CUST-00111,2026-08-05,579.54
TX-0002301,CUST-00111,2026-03-05,524.14
TX-0002302,CUST-00111,2026-02-20,602.48
TX-0002303,CUST-00111,2026-01-31,469.52
TX-0002304,CUST-00111,2026-02-23,639.77
TX-0002305,CUST-00111,2026-01-24,646.98
TX-0002306,CUST-00111,2026-04-08,642.82
TX-0002307,CUST-00111,2025-11-25,588.84
TX-0002308,CUST-00111,2025-12-15,552.36
TX-0002309,CUST-00111,2026-06-25,535.84
TX-0002310,CUST-00111,2026-03-16,591.34
TX-0002311,CUST-00111,2026-03-18,617.06
TX-0002312,CUST-00111,2026-02-25,427.41
TX-0002313,CUST-00111,2026-04-27,526.49
TX-0002314,CUST-00111,2026-02-01,508.08
TX-0002315,CUST-00111,2026-07-14,438.38
TX-0002316,CUST-00111,2025-11-11,609.4
TX-0002317,CUST-00111,2026-03-28,412.18
TX-0002318,CUST-00111,2026-08-06,404.12
TX-0002319,CUST-00111,2026-04-01,441.09
TX-0002320,CUST-00111,2026-05-21,576.28
TX-0002321,CUST-00111,2025-12-30,457.07
TX-0002322,CUST-00111,2025-12-25,548.04
TX-0002323,CUST-00111,2026-06-30,475.9
TX-0002324,CUST-00112,2026-08-29,536.02
TX-0002325,CUST-00112,2026-04-09,621.47
TX-0002326,CUST-00112,2026-06-11,482.51
TX-0002327,CUST-00112,2026-04-16,517.74
TX-0002328,CUST-00112,2026-03-31,649.41
TX-0002329,CUST-00112,2026-06-06,428.61
TX-0002330,CUST-00112,2025-12-15,615.92
TX-0002331,CUST-00112,2026-05-26,538.3
TX-0002332,CUST-00112,2026-05-08,529.81
TX-0002333,CUST-00112,2026-08-03,473.12
TX-0002334,CUST-00112,2025-12-30,524.57
TX-0002335,CUST-00112,2026-03-22,631.46
TX-0002336,CUST-00112,2026-02-18,528.58
TX-0002337,CUST-00112,2026-02-23,577.77
TX-0002338,CUST-00112,2026-03-24,626.13
TX-0002339,CUST-00112,2026-05-23,446.11
TX-0002340,CUST-00112,2025-11-10,603.05
TX-0002341,CUST-00112,2026-08-10,615.18
TX-0002342,CUST-00112,2026-03-30,609.3
TX-0002343,CUST-00112,2026-06-24,476.69
TX-0002344,CUST-00112,2026-01-09,435.11
TX-0002345,CUST-00112,2025-12-04,476.76
TX-0002346,CUST-00112,2026-04-09,480.58
TX-0002347,CUST-00112,2026-07-05,496.75
TX-0002348,CUST-00112,2025-12-24,464.17
TX-0002349,CUST-00113,2026-08-26,418.43
TX-0002350,CUST-00113,2026-02-14,591.43
TX-0002351,CUST-00113,2025-12-29,500.42
TX-0002352,CUST-00113,2026-04-20,580.62
TX-0002353,CUST-00113,2025-11-24,600.18
TX-0002354,CUST-00113,2026-07-10,497.61
TX-0002355,CUST-00113,2026-03-26,594.84
TX-0002356,CUST-00113,2026-04-07,473.15
TX-0002357,CUST-00113,2025-12-25,482.02
TX-0002358,CUST-00113,2026-03-31,601.5
TX-0002359,CUST-00113,2026-07-18,411.1
TX-0002360,CUST-00113,2026-03-03,649.42
TX-0002361,CUST-00113,2025-12-07,620.71
TX-0002362,CUST-00113,2026-06-04,637.82
TX-0002363,CUST-00113,2026-04-09,471.71
TX-0002364,CUST-00113,2026-08-10,432.51
TX-0002365,CUST-00113,2026-03-22,455.01
TX-0002366,CUST-00113,2026-01-03,633.89
TX-0002367,CUST-00113,2026-08-10,435.8
TX-0002368,CUST-00113,2026-02-18,461.62
TX-0002369,CUST-00113,2026-06-16,456.44
TX-0002370,CUST-00113,2026-04-20,564.01
TX-0002371,CUST-00113,2026-05-10,553.76
TX-0002372,CUST-00113,2025-11-23,622.56
TX-0002373,CUST-00114,2026-08-27,491.38
TX-0002374,CUST-00114,2026-01-27,439.93
TX-0002375,CUST-00114,2026-05-23,480.15
TX-0002376,CUST-00114,2025-11-11,555.45
TX-0002377,CUST-00114,2026-01-17,469.38
TX-0002378,CUST-00114,2026-04-06,608.88
TX-0002379,CUST-00114,2026-05-07,567.11
TX-0002380,CUST-00114,2026-03-06,621.29
TX-0002381,CUST-00114,2025-11-25,568.11
TX-0002382,CUST-00114,2026-02-10,447.44
TX-0002383,CUST-00114,2026-01-10,426.6
TX-0002384,CUST-00114,2025-11-10,549.71
TX-0002385,CUST-00114,2026-03-31,503.92
TX-0002386,CUST-00114,2026-02-26,415.45
TX-0002387,CUST-00114,2026-07-23,605.53
TX-0002388,CUST-00114,2026-06-12,601.14
TX-0002389,CUST-00114,2026-02-10,533.59
TX-0002390,CUST-00114,2026-05-26,407.55
TX-0002391,CUST-00114,2026-02-06,603.96
TX-0002392,CUST-00114,2026-06-23,412.95
TX-0002393,CUST-00114,2026-05-25,588.97
TX-0002394,CUST-00114,2026-05-05,497.33
TX-0002395,CUST-00115,2026-08-29,614.79
TX-0002396,CUST-00115,2025-11-19,474.33
TX-0002397,CUST-00115,2026-06-16,477.31
TX-0002398,CUST-00115,2026-01-09,450.79
TX-0002399,CUST-00115,2026-05-16,420.73
TX-0002400,CUST-00115,2025-12-04,439.63
TX-0002401,CUST-00115,2026-04-18,619.87
TX-0002402,CUST-00115,2026-06-13,414.32
TX-0002403,CUST-00115,2026-06-15,627.09
TX-0002404,CUST-00115,2026-06-05,622.5
TX-0002405,CUST-00115,2026-02-02,460.12
TX-0002406,CUST-00115,2026-05-10,504.95
TX-0002407,CUST-00115,2026-06-15,432.15
TX-0002408,CUST-00115,2026-07-15,495.0
TX-0002409,CUST-00115,2026-03-03,489.98
TX-0002410,CUST-00115,2026-01-16,552.71
TX-0002411,CUST-00115,2026-05-22,486.46
TX-0002412,CUST-00115,2026-01-03,597.67
TX-0002413,CUST-00116,2026-08-24,542.88
TX-0002414,CUST-00116,2026-05-10,469.54
TX-0002415,CUST-00116,2026-07-23,413.33
TX-0002416,CUST-00116,2026-01-11,442.75
TX-0002417,CUST-00116,2026-01-14,506.43
TX-0002418,CUST-00116,2026-03-24,446.12
TX-0002419,CUST-00116,2026-02-21,423.64
TX-0002420,CUST-00116,2026-05-02,638.07
TX-0002421,CUST-00116,2026-05-02,553.78
TX-0002422,CUST-00116,2026-04-23,409.73
TX-0002423,CUST-00116,2026-02-13,550.07
TX-0002424,CUST-00116,2026-07-14,535.64
TX-0002425,CUST-00116,2025-10-31,587.99
TX-0002426,CUST-00116,2026-04-11,474.85
TX-0002427,CUST-00116,2026-03-25,411.85
TX-0002428,CUST-00116,2026-08-02,507.51
TX-0002429,CUST-00116,2026-07-16,620.84
TX-0002430,CUST-00116,2026-06-01,543.51
TX-0002431,CUST-00116,2026-03-09,571.08
TX-0002432,CUST-00116,2026-07-23,438.28
TX-0002433,CUST-00117,2026-08-26,567.52
TX-0002434,CUST-00117,2025-12-03,509.76
TX-0002435,CUST-00117,2026-01-14,616.9
TX-0002436,CUST-00117,2025-11-12,589.59
TX-0002437,CUST-00117,2025-11-02,588.59
TX-0002438,CUST-00117,2025-11-29,613.04
TX-0002439,CUST-00117,2025-12-17,582.57
TX-0002440,CUST-00117,2025-12-24,600.45
TX-0002441,CUST-00117,2025-11-18,518.8
TX-0002442,CUST-00117,2026-03-03,559.57
TX-0002443,CUST-00117,2026-03-18,612.76
TX-0002444,CUST-00117,2026-01-18,507.84
TX-0002445,CUST-00117,2025-12-21,599.84
TX-0002446,CUST-00117,2026-02-19,640.47
TX-0002447,CUST-00117,2026-06-02,577.4
TX-0002448,CUST-00117,2026-03-09,589.23
TX-0002449,CUST-00117,2025-11-18,626.73
TX-0002450,CUST-00117,2026-02-04,543.38
TX-0002451,CUST-00117,2026-02-27,441.82
TX-0002452,CUST-00118,2026-08-26,463.75
TX-0002453,CUST-00118,2025-11-11,581.18
TX-0002454,CUST-00118,2025-12-28,510.3
TX-0002455,CUST-00118,2026-04-02,452.8
TX-0002456,CUST-00118,2026-06-19,614.12
TX-0002457,CUST-00118,2026-08-07,527.69
TX-0002458,CUST-00118,2026-07-17,579.25
TX-0002459,CUST-00118,2025-12-09,462.54
TX-0002460,CUST-00118,2025-12-05,477.39
TX-0002461,CUST-00118,2025-12-10,450.07
TX-0002462,CUST-00118,2026-07-18,527.88
TX-0002463,CUST-00118,2026-06-27,512.68
TX-0002464,CUST-00118,2026-01-09,516.15
TX-0002465,CUST-00118,2026-03-27,485.95
TX-0002466,CUST-00118,2026-05-29,469.54
TX-0002467,CUST-00118,2026-06-05,631.96
TX-0002468,CUST-00118,2026-06-25,647.04
TX-0002469,CUST-00118,2026-04-18,481.73
TX-0002470,CUST-00118,2026-07-17,462.17
TX-0002471,CUST-00118,2026-04-12,414.6
TX-0002472,CUST-00118,2025-12-29,528.14
TX-0002473,CUST-00118,2026-06-09,484.25
TX-0002474,CUST-00118,2026-02-04,557.66
TX-0002475,CUST-00118,2026-04-28,634.97
TX-0002476,CUST-00118,2025-11-11,570.17
TX-0002477,CUST-00118,2026-03-31,604.45
TX-0002478,CUST-00119,2026-08-25,576.11
TX-0002479,CUST-00119,2026-03-23,419.56
TX-0002480,CUST-00119,2026-07-12,589.51
TX-0002481,CUST-00119,2025-11-09,421.24
TX-0002482,CUST-00119,2026-05-23,609.03
TX-0002483,CUST-00119,2025-11-18,456.55
TX-0002484,CUST-00119,2026-01-26,531.2
TX-0002485,CUST-00119,2025-11-19,640.06
TX-0002486,CUST-00119,2025-11-19,431.97
TX-0002487,CUST-00119,2026-05-03,574.54
TX-0002488,CUST-00119,2026-01-27,455.39
TX-0002489,CUST-00119,2026-05-10,405.82
TX-0002490,CUST-00119,2026-07-13,438.38
TX-0002491,CUST-00119,2026-03-03,563.27
TX-0002492,CUST-00119,2026-03-23,562.23
TX-0002493,CUST-00119,2026-01-01,503.82
TX-0002494,CUST-00119,2026-07-04,468.37
TX-0002495,CUST-00119,2026-08-06,451.66
TX-0002496,CUST-00119,2026-03-19,478.1
TX-0002497,CUST-00120,2026-08-30,439.36
TX-0002498,CUST-00120,2026-08-10,566.52
TX-0002499,CUST-00120,2026-02-21,557.4
TX-0002500,CUST-00120,2025-11-22,599.54
TX-0002501,CUST-00120,2025-12-19,541.94
TX-0002502,CUST-00120,2026-07-07,541.02
TX-0002503,CUST-00120,2026-01-22,415.4
TX-0002504,CUST-00120,2026-04-15,497.56
TX-0002505,CUST-00120,2026-07-24,506.95
TX-0002506,CUST-00120,2026-05-28,571.46
TX-0002507,CUST-00120,2026-02-16,610.24
TX-0002508,CUST-00120,2026-01-08,556.94
TX-0002509,CUST-00120,2026-03-10,534.59
TX-0002510,CUST-00120,2026-08-07,580.73
TX-0002511,CUST-00120,2026-05-26,536.25
TX-0002512,CUST-00120,2026-05-30,481.96
TX-0002513,CUST-00120,2026-02-15,633.9
TX-0002514,CUST-00120,2026-02-19,518.98
TX-0002515,CUST-00120,2026-01-04,555.23
TX-0002516,CUST-00121,2026-08-28,472.58
TX-0002517,CUST-00121,2026-04-01,509.96
TX-0002518,CUST-00121,2025-11-06,571.4
TX-0002519,CUST-00121,2026-08-02,598.76
TX-0002520,CUST-00121,2026-05-04,470.74
TX-0002521,CUST-00121,2026-01-31,560.68
TX-0002522,CUST-00121,2026-07-24,563.16
TX-0002523,CUST-00121,2026-02-21,639.78
TX-0002524,CUST-00121,2026-04-29,527.09
TX-0002525,CUST-00121,2026-01-17,576.36
TX-0002526,CUST-00121,2026-07-24,459.07
TX-0002527,CUST-00121,2026-05-25,506.0
TX-0002528,CUST-00121,2025-11-19,469.42
TX-0002529,CUST-00121,2026-05-01,497.74
TX-0002530,CUST-00121,2026-05-31,550.97
TX-0002531,CUST-00121,2026-06-12,601.07
TX-0002532,CUST-00121,2026-02-03,509.38
TX-0002533,CUST-00121,2026-01-24,420.36
TX-0002534,CUST-00121,2025-12-26,517.49
TX-0002535,CUST-00121,2026-08-05,568.98
TX-0002536,CUST-00121,2026-06-12,485.93
TX-0002537,CUST-00121,2025-11-16,481.03
TX-0002538,CUST-00122,2026-08-29,464.35
TX-0002539,CUST-00122,2026-02-05,555.03
TX-0002540,CUST-00122,2026-04-03,492.66
TX-0002541,CUST-00122,2026-06-29,450.92
TX-0002542,CUST-00122,2026-07-14,429.97
TX-0002543,CUST-00122,2026-02-13,649.76
TX-0002544,CUST-00122,2026-04-19,400.48
TX-0002545,CUST-00122,2026-07-05,638.23
TX-0002546,CUST-00122,2026-08-09,504.65
TX-0002547,CUST-00122,2026-03-18,579.37
TX-0002548,CUST-00122,2025-11-27,578.22
TX-0002549,CUST-00122,2026-05-25,515.91
TX-0002550,CUST-00122,2025-11-10,409.83
TX-0002551,CUST-00122,2026-07-21,646.72
TX-0002552,CUST-00122,2025-12-15,632.23
TX-0002553,CUST-00122,2026-03-22,463.69
TX-0002554,CUST-00122,2026-07-05,565.83
TX-0002555,CUST-00122,2026-01-24,528.96
TX-0002556,CUST-00122,2026-03-18,631.15
TX-0002557,CUST-00122,2026-01-15,555.02
TX-0002558,CUST-00122,2026-05-18,500.02
TX-0002559,CUST-00122,2026-03-12,433.37
TX-0002560,CUST-00123,2026-08-30,602.57
TX-0002561,CUST-00123,2026-07-06,576.22
TX-0002562,CUST-00123,2026-07-17,532.59
TX-0002563,CUST-00123,2026-05-01,567.12
TX-0002564,CUST-00123,2026-04-07,603.23
TX-0002565,CUST-00123,2025-12-07,536.75
TX-0002566,CUST-00123,2026-07-02,604.97
TX-0002567,CUST-00123,2026-03-23,518.63
TX-0002568,CUST-00123,2026-05-27,616.36
TX-0002569,CUST-00123,2026-04-27,498.98
TX-0002570,CUST-00123,2026-04-22,476.23
TX-0002571,CUST-00123,2026-03-21,536.21
TX-0002572,CUST-00123,2026-01-07,565.12
TX-0002573,CUST-00123,2026-04-15,454.46
TX-0002574,CUST-00123,2026-06-27,616.71
TX-0002575,CUST-00123,2026-05-09,630.74
TX-0002576,CUST-00123,2026-05-18,451.84
TX-0002577,CUST-00123,2026-03-09,534.15
TX-0002578,CUST-00123,2026-07-18,607.16
TX-0002579,CUST-00123,2026-07-07,627.48
TX-0002580,CUST-00124,2026-08-26,546.53
TX-0002581,CUST-00124,2026-01-23,527.54
TX-0002582,CUST-00124,2026-08-01,524.27
TX-0002583,CUST-00124,2026-04-06,465.89
TX-0002584,CUST-00124,2026-05-06,562.28
TX-0002585,CUST-00124,2025-12-27,524.42
TX-0002586,CUST-00124,2026-07-16,418.26
TX-0002587,CUST-00124,2025-12-21,446.41
TX-0002588,CUST-00124,2026-06-18,552.08
TX-0002589,CUST-00124,2026-06-12,444.45
TX-0002590,CUST-00124,2025-12-03,452.44
TX-0002591,CUST-00124,2025-12-07,422.78
TX-0002592,CUST-00124,2025-12-05,473.83
TX-0002593,CUST-00124,2026-05-08,506.36
TX-0002594,CUST-00124,2025-11-11,636.09
TX-0002595,CUST-00124,2026-07-11,578.73
TX-0002596,CUST-00124,2026-07-23,548.34
TX-0002597,CUST-00124,2026-07-05,647.27
TX-0002598,CUST-00124,2025-11-15,426.5
TX-0002599,CUST-00124,2026-05-07,498.99
TX-0002600,CUST-00124,2026-05-14,432.43
TX-0002601,CUST-00125,2026-08-30,468.46
TX-0002602,CUST-00125,2026-05-12,486.22
TX-0002603,CUST-00125,2026-07-21,524.49
TX-0002604,CUST-00125,2026-06-23,439.54
TX-0002605,CUST-00125,2026-04-14,435.84
TX-0002606,CUST-00125,2026-03-05,638.46
TX-0002607,CUST-00125,2026-07-05,530.47
TX-0002608,CUST-00125,2026-03-04,449.24
TX-0002609,CUST-00125,2026-07-25,450.58
TX-0002610,CUST-00125,2026-02-11,413.69
TX-0002611,CUST-00125,2026-07-07,523.37
TX-0002612,CUST-00125,2026-05-01,562.95
TX-0002613,CUST-00125,2026-07-22,510.25
TX-0002614,CUST-00125,2026-06-17,545.31
TX-0002615,CUST-00125,2026-06-10,493.02
TX-0002616,CUST-00125,2026-04-14,417.96
TX-0002617,CUST-00125,2026-06-14,516.69
TX-0002618,CUST-00125,2026-04-03,647.61
TX-0002619,CUST-00125,2025-11-05,644.91
TX-0002620,CUST-00125,2026-01-22,505.77
TX-0002621,CUST-00125,2026-07-24,480.89
TX-0002622,CUST-00125,2026-06-07,459.43
TX-0002623,CUST-00125,2026-08-11,423.81
TX-0002624,CUST-00126,2026-08-25,484.92
TX-0002625,CUST-00126,2026-02-07,445.09
TX-0002626,CUST-00126,2026-01-18,489.28
TX-0002627,CUST-00126,2026-04-15,612.97
TX-0002628,CUST-00126,2026-06-03,534.6
TX-0002629,CUST-00126,2026-07-23,446.03
TX-0002630,CUST-00126,2026-03-22,438.12
TX-0002631,CUST-00126,2026-06-02,440.39
TX-0002632,CUST-00126,2026-02-17,465.95
TX-0002633,CUST-00126,2026-06-18,443.09
TX-0002634,CUST-00126,2025-11-19,410.75
TX-0002635,CUST-00126,2026-05-30,541.29
TX-0002636,CUST-00126,2026-03-07,462.65
TX-0002637,CUST-00126,2025-11-09,513.19
TX-0002638,CUST-00126,2026-07-16,580.32
TX-0002639,CUST-00126,2025-11-04,455.42
TX-0002640,CUST-00126,2026-06-16,478.72
TX-0002641,CUST-00126,2026-01-14,625.59
TX-0002642,CUST-00126,2025-12-27,636.72
TX-0002643,CUST-00126,2026-01-24,562.99
TX-0002644,CUST-00127,2026-08-26,626.3
TX-0002645,CUST-00127,2026-03-28,527.72
TX-0002646,CUST-00127,2026-01-03,488.77
TX-0002647,CUST-00127,2026-02-10,536.53
TX-0002648,CUST-00127,2026-07-25,431.0
TX-0002649,CUST-00127,2026-04-22,478.33
TX-0002650,CUST-00127,2026-03-13,611.71
TX-0002651,CUST-00127,2026-04-26,605.39
TX-0002652,CUST-00127,2026-03-17,510.6
TX-0002653,CUST-00127,2026-01-09,433.82
TX-0002654,CUST-00127,2026-01-10,631.16
TX-0002655,CUST-00127,2026-03-28,464.95
TX-0002656,CUST-00127,2026-05-06,460.37
TX-0002657,CUST-00127,2026-05-28,491.68
TX-0002658,CUST-00127,2026-04-08,579.38
TX-0002659,CUST-00127,2025-11-14,567.26
TX-0002660,CUST-00127,2026-03-25,536.79
TX-0002661,CUST-00127,2026-04-06,607.05
TX-0002662,CUST-00127,2026-06-20,612.41
TX-0002663,CUST-00127,2026-05-20,638.36
TX-0002664,CUST-00127,2026-04-13,498.78
TX-0002665,CUST-00127,2025-12-26,641.7
TX-0002666,CUST-00128,2026-08-26,440.39
TX-0002667,CUST-00128,2026-06-13,546.53
TX-0002668,CUST-00128,2026-07-09,597.29
TX-0002669,CUST-00128,2026-01-13,470.33
TX-0002670,CUST-00128,2026-01-25,627.52
TX-0002671,CUST-00128,2026-01-04,445.25
TX-0002672,CUST-00128,2026-04-22,561.78
TX-0002673,CUST-00128,2025-10-31,504.91
TX-0002674,CUST-00128,2026-06-23,407.27
TX-0002675,CUST-00128,2026-04-09,501.65
TX-0002676,CUST-00128,2026-02-07,543.5
TX-0002677,CUST-00128,2025-11-19,439.06
TX-0002678,CUST-00128,2026-04-05,492.37
TX-0002679,CUST-00128,2026-05-20,468.55
TX-0002680,CUST-00128,2026-01-16,477.41
TX-0002681,CUST-00128,2025-12-04,535.04
TX-0002682,CUST-00128,2025-11-21,534.82
TX-0002683,CUST-00128,2026-06-29,554.26
TX-0002684,CUST-00128,2026-07-22,444.53
TX-0002685,CUST-00128,2026-01-11,425.24
TX-0002686,CUST-00128,2026-01-06,608.98
TX-0002687,CUST-00128,2026-06-29,446.61
TX-0002688,CUST-00128,2026-06-10,480.8
TX-0002689,CUST-00129,2026-08-30,555.45
TX-0002690,CUST-00129,2026-03-22,571.69
TX-0002691,CUST-00129,2025-12-01,473.76
TX-0002692,CUST-00129,2026-04-12,564.69
TX-0002693,CUST-00129,2026-03-09,476.46
TX-0002694,CUST-00129,2026-02-04,626.85
TX-0002695,CUST-00129,2026-07-19,578.0
TX-0002696,CUST-00129,2026-02-28,581.97
TX-0002697,CUST-00129,2025-11-28,529.65
TX-0002698,CUST-00129,2026-02-20,480.41
TX-0002699,CUST-00129,2025-12-23,592.7
TX-0002700,CUST-00129,2026-05-11,525.08
TX-0002701,CUST-00129,2026-01-09,466.97
TX-0002702,CUST-00129,2026-05-07,547.38
TX-0002703,CUST-00129,2025-12-12,479.5
TX-0002704,CUST-00129,2026-01-28,520.89
TX-0002705,CUST-00129,2025-11-17,599.55
TX-0002706,CUST-00129,2026-04-22,621.76
TX-0002707,CUST-00129,2026-04-28,649.13
TX-0002708,CUST-00129,2026-08-04,438.14
TX-0002709,CUST-00129,2026-03-21,519.82
TX-0002710,CUST-00129,2026-03-21,599.61
TX-0002711,CUST-00130,2026-08-24,556.7
TX-0002712,CUST-00130,2026-01-13,506.86
TX-0002713,CUST-00130,2026-06-30,527.58
TX-0002714,CUST-00130,2026-03-17,405.09
TX-0002715,CUST-00130,2026-07-18,525.76
TX-0002716,CUST-00130,2025-12-09,577.32
TX-0002717,CUST-00130,2026-02-10,598.93
TX-0002718,CUST-00130,2026-04-20,532.24
TX-0002719,CUST-00130,2026-07-26,408.37
TX-0002720,CUST-00130,2026-04-22,518.6
TX-0002721,CUST-00130,2026-07-23,463.8
TX-0002722,CUST-00130,2026-08-01,572.6
TX-0002723,CUST-00130,2026-07-18,508.77
TX-0002724,CUST-00130,2026-04-13,462.5
TX-0002725,CUST-00130,2026-05-07,534.46
TX-0002726,CUST-00130,2026-04-07,518.5
TX-0002727,CUST-00130,2026-07-25,545.22
TX-0002728,CUST-00130,2026-08-08,626.92
TX-0002729,CUST-00130,2026-01-28,417.77
TX-0002730,CUST-00130,2026-04-03,451.84
TX-0002731,CUST-00130,2026-02-09,530.95
TX-0002732,CUST-00130,2026-05-22,615.0
TX-0002733,CUST-00130,2026-06-24,499.09
TX-0002734,CUST-00131,2026-08-26,404.85
TX-0002735,CUST-00131,2026-06-02,501.04
TX-0002736,CUST-00131,2026-02-10,534.12
TX-0002737,CUST-00131,2026-04-03,640.5
TX-0002738,CUST-00131,2026-05-18,576.71
TX-0002739,CUST-00131,2025-11-01,473.77
TX-0002740,CUST-00131,2026-07-06,597.26
TX-0002741,CUST-00131,2026-03-06,552.94
TX-0002742,CUST-00131,2025-11-18,646.46
TX-0002743,CUST-00131,2026-02-06,624.7
TX-0002744,CUST-00131,2026-01-03,581.44
TX-0002745,CUST-00131,2026-07-06,574.86
TX-0002746,CUST-00131,2026-03-25,521.08
TX-0002747,CUST-00131,2025-11-23,601.71
TX-0002748,CUST-00131,2025-11-24,426.03
TX-0002749,CUST-00131,2026-07-04,417.4
TX-0002750,CUST-00132,2026-08-24,420.19
TX-0002751,CUST-00132,2025-10-30,580.92
TX-0002752,CUST-00132,2026-03-05,608.97
TX-0002753,CUST-00132,2025-10-31,469.95
TX-0002754,CUST-00132,2026-03-15,429.37
TX-0002755,CUST-00132,2026-01-30,621.15
TX-0002756,CUST-00132,2026-06-21,425.59
TX-0002757,CUST-00132,2026-07-20,451.26
TX-0002758,CUST-00132,2025-12-23,426.45
TX-0002759,CUST-00132,2026-08-01,553.61
TX-0002760,CUST-00132,2026-01-09,587.77
TX-0002761,CUST-00132,2026-01-28,447.52
TX-0002762,CUST-00132,2026-07-23,512.2
TX-0002763,CUST-00132,2026-01-04,450.62
TX-0002764,CUST-00132,2026-01-22,489.17
TX-0002765,CUST-00132,2026-05-27,512.34
TX-0002766,CUST-00132,2026-07-08,541.89
TX-0002767,CUST-00132,2026-07-17,446.38
TX-0002768,CUST-00132,2026-01-28,417.79
TX-0002769,CUST-00132,2026-05-29,643.97
TX-0002770,CUST-00132,2026-01-26,445.43
TX-0002771,CUST-00133,2026-08-29,483.62
TX-0002772,CUST-00133,2025-12-23,438.2
TX-0002773,CUST-00133,2026-06-13,618.19
TX-0002774,CUST-00133,2025-12-04,550.8
TX-0002775,CUST-00133,2026-06-25,539.16
TX-0002776,CUST-00133,2026-01-14,463.95
TX-0002777,CUST-00133,2025-11-09,408.19
TX-0002778,CUST-00133,2026-04-23,583.08
TX-0002779,CUST-00133,2026-01-06,416.79
TX-0002780,CUST-00133,2026-03-29,442.97
TX-0002781,CUST-00133,2026-04-27,617.04
TX-0002782,CUST-00133,2026-02-17,534.25
TX-0002783,CUST-00133,2026-02-09,595.75
TX-0002784,CUST-00133,2026-07-07,607.03
TX-0002785,CUST-00133,2026-04-01,527.2
TX-0002786,CUST-00133,2026-04-17,579.5
TX-0002787,CUST-00134,2026-08-29,405.2
TX-0002788,CUST-00134,2025-12-14,448.94
TX-0002789,CUST-00134,2026-05-28,600.05
TX-0002790,CUST-00134,2026-05-10,437.46
TX-0002791,CUST-00134,2026-04-06,446.69
TX-0002792,CUST-00134,2026-03-16,611.55
TX-0002793,CUST-00134,2025-12-17,417.66
TX-0002794,CUST-00134,2026-08-06,516.29
TX-0002795,CUST-00134,2025-11-23,639.05
TX-0002796,CUST-00134,2026-05-27,639.79
TX-0002797,CUST-00134,2026-04-13,621.92
TX-0002798,CUST-00134,2026-05-26,604.24
TX-0002799,CUST-00134,2026-01-25,571.47
TX-0002800,CUST-00134,2026-03-22,505.73
TX-0002801,CUST-00134,2026-03-09,603.88
TX-0002802,CUST-00134,2025-12-31,589.23
TX-0002803,CUST-00134,2026-04-02,649.56
TX-0002804,CUST-00134,2026-03-31,601.73
TX-0002805,CUST-00134,2026-07-19,615.62
TX-0002806,CUST-00134,2026-06-15,410.52
TX-0002807,CUST-00134,2025-11-20,501.19
TX-0002808,CUST-00135,2026-08-25,575.0
TX-0002809,CUST-00135,2026-05-20,401.84
TX-0002810,CUST-00135,2026-07-05,488.84
TX-0002811,CUST-00135,2026-02-16,432.44
TX-0002812,CUST-00135,2025-11-17,624.15
TX-0002813,CUST-00135,2026-06-27,627.45
TX-0002814,CUST-00135,2026-02-27,454.1
TX-0002815,CUST-00135,2025-10-31,551.19
TX-0002816,CUST-00135,2026-05-29,421.09
TX-0002817,CUST-00135,2026-07-23,418.73
TX-0002818,CUST-00135,2026-03-16,547.47
TX-0002819,CUST-00135,2025-12-23,500.74
TX-0002820,CUST-00135,2026-06-22,511.21
TX-0002821,CUST-00135,2026-02-24,533.26
TX-0002822,CUST-00135,2025-12-20,572.02
TX-0002823,CUST-00135,2026-03-29,578.47
TX-0002824,CUST-00135,2026-05-12,649.33
TX-0002825,CUST-00135,2026-05-03,403.05
TX-0002826,CUST-00135,2026-04-21,431.41
TX-0002827,CUST-00135,2026-03-06,486.06
TX-0002828,CUST-00135,2026-08-06,635.0
TX-0002829,CUST-00135,2026-02-13,530.09
TX-0002830,CUST-00135,2026-06-05,599.51
TX-0002831,CUST-00135,2026-05-29,604.93
TX-0002832,CUST-00135,2026-04-06,400.77
TX-0002833,CUST-00136,2026-08-27,596.96
TX-0002834,CUST-00136,2025-11-19,613.41
TX-0002835,CUST-00136,2026-02-25,499.24
TX-0002836,CUST-00136,2025-12-21,537.71
TX-0002837,CUST-00136,2026-01-31,554.64
TX-0002838,CUST-00136,2026-07-27,450.39
TX-0002839,CUST-00136,2026-05-13,537.74
TX-0002840,CUST-00136,2026-07-27,585.36
TX-0002841,CUST-00136,2026-06-08,610.01
TX-0002842,CUST-00136,2025-11-23,425.44
TX-0002843,CUST-00136,2026-05-12,634.93
TX-0002844,CUST-00136,2026-07-24,518.51
TX-0002845,CUST-00136,2026-01-31,610.06
TX-0002846,CUST-00136,2026-07-23,404.56
TX-0002847,CUST-00136,2025-12-29,406.24
TX-0002848,CUST-00136,2026-03-20,602.9
TX-0002849,CUST-00136,2026-08-07,431.86
TX-0002850,CUST-00136,2026-07-08,542.14
TX-0002851,CUST-00136,2026-03-12,458.57
TX-0002852,CUST-00136,2026-01-16,637.41
TX-0002853,CUST-00137,2026-08-24,619.29
TX-0002854,CUST-00137,2026-04-05,529.9
TX-0002855,CUST-00137,2025-12-15,445.73
TX-0002856,CUST-00137,2026-01-23,417.09
TX-0002857,CUST-00137,2026-02-04,412.99
TX-0002858,CUST-00137,2026-06-02,623.12
TX-0002859,CUST-00137,2026-01-24,638.05
TX-0002860,CUST-00137,2026-01-22,478.47
TX-0002861,CUST-00137,2026-03-24,585.42
TX-0002862,CUST-00137,2026-01-06,460.69
TX-0002863,CUST-00137,2026-03-08,564.87
TX-0002864,CUST-00137,2025-10-30,644.7
TX-0002865,CUST-00137,2026-01-09,429.53
TX-0002866,CUST-00137,2025-12-30,518.83
TX-0002867,CUST-00137,2026-02-23,436.66
TX-0002868,CUST-00137,2026-07-30,507.99
TX-0002869,CUST-00137,2026-05-21,429.71
TX-0002870,CUST-00137,2026-07-17,528.01
TX-0002871,CUST-00137,2026-06-23,547.63
TX-0002872,CUST-00137,2026-04-10,442.42
TX-0002873,CUST-00137,2026-01-15,448.81
TX-0002874,CUST-00137,2026-06-06,624.07
TX-0002875,CUST-00137,2026-08-02,530.5
TX-0002876,CUST-00137,2026-05-16,480.03
TX-0002877,CUST-00138,2026-08-30,610.5
TX-0002878,CUST-00138,2026-04-03,628.82
TX-0002879,CUST-00138,2026-03-22,475.81
TX-0002880,CUST-00138,2026-07-03,580.04
TX-0002881,CUST-00138,2026-03-15,545.5
TX-0002882,CUST-00138,2026-06-19,590.07
TX-0002883,CUST-00138,2026-06-06,529.73
TX-0002884,CUST-00138,2026-02-10,489.83
TX-0002885,CUST-00138,2026-02-22,509.77
TX-0002886,CUST-00138,2026-06-25,589.13
TX-0002887,CUST-00138,2025-12-17,439.25
TX-0002888,CUST-00138,2026-01-06,599.5
TX-0002889,CUST-00138,2026-03-23,586.65
TX-0002890,CUST-00138,2026-08-10,468.28
TX-0002891,CUST-00138,2025-11-30,517.08
TX-0002892,CUST-00138,2026-02-27,629.81
TX-0002893,CUST-00138,2026-05-02,493.9
TX-0002894,CUST-00138,2025-12-09,440.86
TX-0002895,CUST-00139,2026-08-28,413.07
TX-0002896,CUST-00139,2026-06-10,585.62
TX-0002897,CUST-00139,2026-07-02,464.26
TX-0002898,CUST-00139,2025-11-14,593.81
TX-0002899,CUST-00139,2026-03-14,403.49
TX-0002900,CUST-00139,2026-02-01,400.56
TX-0002901,CUST-00139,2026-03-21,476.24
TX-0002902,CUST-00139,2026-03-20,445.08
TX-0002903,CUST-00139,2026-02-20,457.11
TX-0002904,CUST-00139,2026-06-02,548.05
TX-0002905,CUST-00139,2026-04-27,446.69
TX-0002906,CUST-00139,2026-07-04,434.53
TX-0002907,CUST-00139,2026-06-07,407.46
TX-0002908,CUST-00139,2025-12-27,477.03
TX-0002909,CUST-00139,2025-11-29,607.84
TX-0002910,CUST-00139,2026-01-13,493.0
TX-0002911,CUST-00139,2026-03-02,541.84
TX-0002912,CUST-00139,2026-04-26,607.18
TX-0002913,CUST-00139,2026-06-07,474.1
TX-0002914,CUST-00139,2026-04-05,475.45
TX-0002915,CUST-00140,2026-08-31,619.48
TX-0002916,CUST-00140,2026-05-19,628.0
TX-0002917,CUST-00140,2025-12-02,427.41
TX-0002918,CUST-00140,2026-04-08,495.34
TX-0002919,CUST-00140,2026-05-27,522.34
TX-0002920,CUST-00140,2026-03-11,405.06
TX-0002921,CUST-00140,2026-03-07,610.56
TX-0002922,CUST-00140,2025-11-12,563.35
TX-0002923,CUST-00140,2026-05-15,565.11
TX-0002924,CUST-00140,2026-03-19,483.57
TX-0002925,CUST-00140,2026-02-06,437.24
TX-0002926,CUST-00140,2026-03-03,411.24
TX-0002927,CUST-00140,2026-01-20,606.13
TX-0002928,CUST-00140,2026-04-19,503.69
TX-0002929,CUST-00140,2026-06-17,481.79
TX-0002930,CUST-00140,2025-11-13,443.73
TX-0002931,CUST-00140,2026-02-28,437.83
TX-0002932,CUST-00140,2026-06-30,564.63
TX-0002933,CUST-00140,2025-12-04,647.97
TX-0002934,CUST-00141,2026-08-30,469.65
TX-0002935,CUST-00141,2025-11-30,561.97
TX-0002936,CUST-00141,2025-11-21,410.12
TX-0002937,CUST-00141,2026-03-27,563.64
TX-0002938,CUST-00141,2025-12-02,534.08
TX-0002939,CUST-00141,2026-06-09,607.12
TX-0002940,CUST-00141,2026-04-10,642.53
TX-0002941,CUST-00141,2026-04-07,558.98
TX-0002942,CUST-00141,2026-01-24,597.6
TX-0002943,CUST-00141,2026-06-08,616.11
TX-0002944,CUST-00141,2026-05-14,470.05
TX-0002945,CUST-00141,2026-01-06,428.02
TX-0002946,CUST-00141,2026-01-09,472.1
TX-0002947,CUST-00141,2026-03-16,531.23
TX-0002948,CUST-00141,2026-06-16,612.61
TX-0002949,CUST-00141,2025-11-05,426.8
TX-0002950,CUST-00141,2026-08-11,467.85
TX-0002951,CUST-00142,2026-08-29,523.48
TX-0002952,CUST-00142,2026-03-31,614.05
TX-0002953,CUST-00142,2026-04-09,592.64
TX-0002954,CUST-00142,2026-08-09,513.76
TX-0002955,CUST-00142,2026-01-02,554.52
TX-0002956,CUST-00142,2026-04-05,432.66
TX-0002957,CUST-00142,2025-12-31,499.37
TX-0002958,CUST-00142,2026-04-19,446.93
TX-0002959,CUST-00142,2026-07-10,589.08
TX-0002960,CUST-00142,2026-05-15,547.25
TX-0002961,CUST-00142,2025-12-13,528.93
TX-0002962,CUST-00142,2025-12-07,430.5
TX-0002963,CUST-00142,2026-06-10,428.57
TX-0002964,CUST-00142,2026-05-21,507.8
TX-0002965,CUST-00142,2026-02-20,474.64
TX-0002966,CUST-00142,2026-01-09,461.32
TX-0002967,CUST-00142,2026-03-13,421.19
TX-0002968,CUST-00142,2026-04-19,593.34
TX-0002969,CUST-00142,2026-04-19,612.64
TX-0002970,CUST-00142,2026-01-17,539.47
TX-0002971,CUST-00142,2025-11-12,581.05
TX-0002972,CUST-00142,2026-02-01,458.59
TX-0002973,CUST-00142,2026-02-03,537.69
TX-0002974,CUST-00142,2026-01-07,479.28
TX-0002975,CUST-00142,2025-12-13,563.49
TX-0002976,CUST-00142,2026-03-30,525.79
TX-0002977,CUST-00143,2026-08-31,566.55
TX-0002978,CUST-00143,2026-01-28,616.42
TX-0002979,CUST-00143,2026-07-07,491.53
TX-0002980,CUST-00143,2026-06-24,412.17
TX-0002981,CUST-00143,2026-08-08,647.41
TX-0002982,CUST-00143,2026-07-06,523.37
TX-0002983,CUST-00143,2026-05-07,468.72
TX-0002984,CUST-00143,2026-06-19,645.0
TX-0002985,CUST-00143,2026-06-06,581.43
TX-0002986,CUST-00143,2026-06-15,470.94
TX-0002987,CUST-00143,2026-07-27,570.82
TX-0002988,CUST-00143,2026-04-04,400.41
TX-0002989,CUST-00143,2026-02-05,462.59
TX-0002990,CUST-00143,2025-12-14,586.53
TX-0002991,CUST-00143,2026-01-09,581.03
TX-0002992,CUST-00143,2026-05-04,406.12
TX-0002993,CUST-00144,2026-08-26,460.66
TX-0002994,CUST-00144,2025-11-02,468.56
TX-0002995,CUST-00144,2026-07-14,603.38
TX-0002996,CUST-00144,2026-06-27,565.15
TX-0002997,CUST-00144,2026-06-12,588.76
TX-0002998,CUST-00144,2026-08-01,538.44
TX-0002999,CUST-00144,2026-03-22,543.97
TX-0003000,CUST-00144,2026-05-17,619.09
TX-0003001,CUST-00144,2026-01-23,440.69
TX-0003002,CUST-00144,2026-04-30,612.17
TX-0003003,CUST-00144,2026-05-16,447.66
TX-0003004,CUST-00144,2025-12-20,419.77
TX-0003005,CUST-00144,2026-02-24,522.31
TX-0003006,CUST-00144,2026-07-21,569.48
TX-0003007,CUST-00144,2025-11-15,597.65
TX-0003008,CUST-00144,2025-12-12,645.32
TX-0003009,CUST-00144,2026-03-10,568.0
TX-0003010,CUST-00144,2026-01-04,526.44
TX-0003011,CUST-00144,2026-07-22,628.18
TX-0003012,CUST-00144,2026-02-09,620.89
TX-0003013,CUST-00144,2025-12-06,458.86
TX-0003014,CUST-00144,2026-03-23,582.45
TX-0003015,CUST-00144,2026-04-18,450.68
TX-0003016,CUST-00145,2026-08-30,508.65
TX-0003017,CUST-00145,2025-11-10,445.45
TX-0003018,CUST-00145,2026-08-12,482.87
TX-0003019,CUST-00145,2026-04-24,555.77
TX-0003020,CUST-00145,2026-02-13,630.75
TX-0003021,CUST-00145,2025-11-07,562.92
TX-0003022,CUST-00145,2026-01-15,574.98
TX-0003023,CUST-00145,2026-05-16,614.29
TX-0003024,CUST-00145,2026-01-23,454.45
TX-0003025,CUST-00145,2026-07-16,643.31
TX-0003026,CUST-00145,2026-04-15,616.03
TX-0003027,CUST-00145,2026-05-21,568.79
TX-0003028,CUST-00145,2025-12-28,516.75
TX-0003029,CUST-00145,2026-05-15,471.69
TX-0003030,CUST-00145,2026-04-02,434.01
TX-0003031,CUST-00145,2026-03-12,511.65
TX-0003032,CUST-00145,2026-05-27,528.05
TX-0003033,CUST-00146,2026-08-30,559.65
TX-0003034,CUST-00146,2025-11-21,624.9
TX-0003035,CUST-00146,2026-02-16,427.32
TX-0003036,CUST-00146,2026-02-19,612.37
TX-0003037,CUST-00146,2026-04-02,482.73
TX-0003038,CUST-00146,2026-06-21,466.26
TX-0003039,CUST-00146,2026-07-03,468.23
TX-0003040,CUST-00146,2026-04-10,481.49
TX-0003041,CUST-00146,2026-01-27,467.82
TX-0003042,CUST-00146,2026-02-12,413.26
TX-0003043,CUST-00146,2026-07-28,485.09
TX-0003044,CUST-00146,2026-01-31,443.96
TX-0003045,CUST-00146,2026-03-13,455.23
TX-0003046,CUST-00146,2026-06-19,400.23
TX-0003047,CUST-00146,2026-04-14,518.44
TX-0003048,CUST-00146,2026-08-04,468.23
TX-0003049,CUST-00146,2026-01-30,648.7
TX-0003050,CUST-00146,2025-11-27,453.77
TX-0003051,CUST-00146,2025-12-17,477.5
TX-0003052,CUST-00146,2026-04-05,611.1
TX-0003053,CUST-00146,2026-04-09,600.66
TX-0003054,CUST-00146,2026-07-11,431.11
TX-0003055,CUST-00146,2026-01-02,504.18
TX-0003056,CUST-00147,2026-08-25,426.84
TX-0003057,CUST-00147,2025-12-02,543.57
TX-0003058,CUST-00147,2026-05-20,438.92
TX-0003059,CUST-00147,2026-01-27,629.11
TX-0003060,CUST-00147,2026-06-25,513.69
TX-0003061,CUST-00147,2026-07-18,544.81
TX-0003062,CUST-00147,2026-02-09,502.13
TX-0003063,CUST-00147,2025-12-22,485.09
TX-0003064,CUST-00147,2026-01-25,618.72
TX-0003065,CUST-00147,2026-05-24,439.38
TX-0003066,CUST-00147,2025-11-01,476.62
TX-0003067,CUST-00147,2026-08-01,470.31
TX-0003068,CUST-00147,2026-01-29,565.03
TX-0003069,CUST-00147,2026-07-01,427.84
TX-0003070,CUST-00147,2026-01-22,433.1
TX-0003071,CUST-00147,2026-07-19,618.66
TX-0003072,CUST-00147,2025-11-16,636.03
TX-0003073,CUST-00147,2026-07-28,590.02
TX-0003074,CUST-00147,2026-01-02,584.29
TX-0003075,CUST-00147,2025-10-30,486.97
TX-0003076,CUST-00148,2026-08-31,513.27
TX-0003077,CUST-00148,2026-01-08,614.14
TX-0003078,CUST-00148,2026-01-21,517.91
TX-0003079,CUST-00148,2026-04-17,461.14
TX-0003080,CUST-00148,2026-01-21,613.63
TX-0003081,CUST-00148,2026-04-29,499.99
TX-0003082,CUST-00148,2026-02-07,500.05
TX-0003083,CUST-00148,2026-06-10,519.62
TX-0003084,CUST-00148,2026-03-20,593.93
TX-0003085,CUST-00148,2025-11-10,644.38
TX-0003086,CUST-00148,2026-04-12,485.58
TX-0003087,CUST-00148,2026-06-04,493.4
TX-0003088,CUST-00148,2026-07-09,474.23
TX-0003089,CUST-00148,2026-03-27,421.61
TX-0003090,CUST-00148,2026-04-17,441.84
TX-0003091,CUST-00148,2026-04-04,486.6
TX-0003092,CUST-00148,2026-01-02,461.48
TX-0003093,CUST-00148,2026-04-14,552.97
TX-0003094,CUST-00148,2025-12-03,541.73
TX-0003095,CUST-00149,2026-08-31,486.19
TX-0003096,CUST-00149,2026-07-31,547.59
TX-0003097,CUST-00149,2026-03-25,437.15
TX-0003098,CUST-00149,2026-06-24,511.7
TX-0003099,CUST-00149,2026-03-15,466.83
TX-0003100,CUST-00149,2026-01-08,553.11
TX-0003101,CUST-00149,2026-07-28,484.15
TX-0003102,CUST-00149,2026-06-06,601.07
TX-0003103,CUST-00149,2026-06-04,551.29
TX-0003104,CUST-00149,2026-07-02,502.51
TX-0003105,CUST-00149,2026-05-18,629.03
TX-0003106,CUST-00149,2026-02-16,485.82
TX-0003107,CUST-00149,2026-06-10,627.33
TX-0003108,CUST-00149,2026-01-13,586.49
TX-0003109,CUST-00149,2026-02-03,412.38
TX-0003110,CUST-00149,2026-05-25,432.8
TX-0003111,CUST-00149,2026-02-16,452.36
TX-0003112,CUST-00149,2026-04-09,456.41
TX-0003113,CUST-00150,2026-08-25,417.9
TX-0003114,CUST-00150,2026-05-21,409.11
TX-0003115,CUST-00150,2026-02-25,510.79
TX-0003116,CUST-00150,2026-02-16,617.22
TX-0003117,CUST-00150,2025-11-21,427.7
TX-0003118,CUST-00150,2026-06-15,532.45
TX-0003119,CUST-00150,2026-06-16,491.03
TX-0003120,CUST-00150,2026-03-26,631.03
TX-0003121,CUST-00150,2026-03-28,536.22
TX-0003122,CUST-00150,2026-04-14,647.36
TX-0003123,CUST-00150,2025-11-22,416.3
TX-0003124,CUST-00150,2025-11-18,525.42
TX-0003125,CUST-00150,2026-03-26,525.94
TX-0003126,CUST-00150,2025-11-21,526.83
TX-0003127,CUST-00150,2026-01-30,509.6
TX-0003128,CUST-00150,2026-05-25,564.7
TX-0003129,CUST-00150,2026-01-12,542.41
TX-0003130,CUST-00150,2026-06-10,577.35
TX-0003131,CUST-00150,2026-05-28,561.02
TX-0003132,CUST-00150,2026-04-19,401.1
TX-0003133,CUST-00151,2026-08-31,401.51
TX-0003134,CUST-00151,2026-03-30,418.75
TX-0003135,CUST-00151,2026-04-16,420.48
TX-0003136,CUST-00151,2026-01-09,468.92
TX-0003137,CUST-00151,2026-02-11,477.15
TX-0003138,CUST-00151,2025-11-26,649.41
TX-0003139,CUST-00151,2025-11-28,546.33
TX-0003140,CUST-00151,2025-11-19,641.74
TX-0003141,CUST-00151,2025-12-12,479.72
TX-0003142,CUST-00151,2026-05-09,587.4
TX-0003143,CUST-00151,2026-07-09,571.14
TX-0003144,CUST-00151,2025-12-27,522.77
TX-0003145,CUST-00151,2026-08-12,468.56
TX-0003146,CUST-00151,2026-03-26,638.85
TX-0003147,CUST-00151,2026-05-18,445.36
TX-0003148,CUST-00151,2026-04-11,446.88
TX-0003149,CUST-00151,2026-04-02,610.66
TX-0003150,CUST-00151,2026-03-08,589.5
TX-0003151,CUST-00151,2026-04-14,452.18
TX-0003152,CUST-00151,2026-05-18,411.52
TX-0003153,CUST-00152,2026-08-28,582.42
TX-0003154,CUST-00152,2025-12-24,502.15
TX-0003155,CUST-00152,2026-04-05,548.68
TX-0003156,CUST-00152,2026-04-11,544.75
TX-0003157,CUST-00152,2026-06-16,529.38
TX-0003158,CUST-00152,2026-01-31,526.93
TX-0003159,CUST-00152,2026-02-06,635.15
TX-0003160,CUST-00152,2026-04-14,403.98
TX-0003161,CUST-00152,2026-01-20,459.09
TX-0003162,CUST-00152,2026-03-24,535.14
TX-0003163,CUST-00152,2026-05-03,538.1
TX-0003164,CUST-00152,2026-01-22,468.66
TX-0003165,CUST-00152,2026-04-28,566.23
TX-0003166,CUST-00152,2026-01-25,502.82
TX-0003167,CUST-00152,2025-12-18,500.54
TX-0003168,CUST-00152,2026-06-24,503.5
TX-0003169,CUST-00152,2026-01-02,596.7
TX-0003170,CUST-00152,2025-11-27,548.4
TX-0003171,CUST-00152,2026-08-02,474.84
TX-0003172,CUST-00152,2026-01-31,585.04
TX-0003173,CUST-00152,2026-02-02,483.05
TX-0003174,CUST-00153,2026-08-25,402.69
TX-0003175,CUST-00153,2026-07-20,430.74
TX-0003176,CUST-00153,2026-08-06,439.0
TX-0003177,CUST-00153,2025-12-03,506.25
TX-0003178,CUST-00153,2026-01-26,468.73
TX-0003179,CUST-00153,2026-04-10,498.71
TX-0003180,CUST-00153,2026-02-23,475.37
TX-0003181,CUST-00153,2026-07-02,563.98
TX-0003182,CUST-00153,2026-01-09,434.15
TX-0003183,CUST-00153,2026-01-02,450.42
TX-0003184,CUST-00153,2026-07-20,582.84
TX-0003185,CUST-00153,2025-12-24,431.33
TX-0003186,CUST-00153,2026-07-05,421.69
TX-0003187,CUST-00153,2025-11-13,515.76
TX-0003188,CUST-00153,2026-02-17,557.56
TX-0003189,CUST-00153,2026-08-04,469.68
TX-0003190,CUST-00153,2026-07-06,526.35
TX-0003191,CUST-00153,2025-12-01,467.86
TX-0003192,CUST-00153,2025-12-09,593.8
TX-0003193,CUST-00153,2026-02-03,428.82
TX-0003194,CUST-00153,2026-04-19,473.34
TX-0003195,CUST-00153,2026-06-04,510.63
TX-0003196,CUST-00153,2026-05-03,558.83
TX-0003197,CUST-00153,2026-04-09,461.13
TX-0003198,CUST-00153,2026-06-02,573.97
TX-0003199,CUST-00154,2026-08-27,538.6
TX-0003200,CUST-00154,2026-03-17,455.48
TX-0003201,CUST-00154,2026-05-13,570.11
TX-0003202,CUST-00154,2026-04-24,490.87
TX-0003203,CUST-00154,2025-11-22,437.43
TX-0003204,CUST-00154,2026-02-23,550.67
TX-0003205,CUST-00154,2026-01-25,485.08
TX-0003206,CUST-00154,2025-12-10,611.36
TX-0003207,CUST-00154,2026-07-13,427.26
TX-0003208,CUST-00154,2026-01-26,498.46
TX-0003209,CUST-00154,2026-05-13,649.93
TX-0003210,CUST-00154,2026-06-09,470.13
TX-0003211,CUST-00154,2026-03-16,510.53
TX-0003212,CUST-00154,2026-05-28,573.0
TX-0003213,CUST-00154,2026-07-27,520.23
TX-0003214,CUST-00154,2026-06-11,526.59
TX-0003215,CUST-00154,2026-01-21,622.2
TX-0003216,CUST-00154,2025-12-30,524.71
TX-0003217,CUST-00154,2025-12-02,472.12
TX-0003218,CUST-00154,2026-06-22,619.6
TX-0003219,CUST-00154,2025-11-03,577.54
TX-0003220,CUST-00154,2026-03-02,619.86
TX-0003221,CUST-00154,2026-06-02,430.42
TX-0003222,CUST-00155,2026-08-26,430.14
TX-0003223,CUST-00155,2026-06-11,516.4
TX-0003224,CUST-00155,2025-11-25,496.85
TX-0003225,CUST-00155,2025-11-16,480.99
TX-0003226,CUST-00155,2026-04-27,603.73
TX-0003227,CUST-00155,2026-01-10,566.98
TX-0003228,CUST-00155,2026-07-13,630.1
TX-0003229,CUST-00155,2026-04-17,497.42
TX-0003230,CUST-00155,2026-01-16,440.24
TX-0003231,CUST-00155,2026-05-25,619.94
TX-0003232,CUST-00155,2026-06-18,518.6
TX-0003233,CUST-00155,2026-05-06,454.03
TX-0003234,CUST-00155,2026-05-12,521.24
TX-0003235,CUST-00155,2026-01-19,471.67
TX-0003236,CUST-00155,2025-12-08,589.43
TX-0003237,CUST-00155,2026-02-13,596.89
TX-0003238,CUST-00155,2026-03-27,462.73
TX-0003239,CUST-00155,2026-02-13,438.43
TX-0003240,CUST-00155,2025-12-04,490.95
TX-0003241,CUST-00155,2026-01-17,557.92
TX-0003242,CUST-00155,2026-04-20,446.97
TX-0003243,CUST-00156,2026-08-25,548.8
TX-0003244,CUST-00156,2026-07-26,645.96
TX-0003245,CUST-00156,2026-03-05,532.88
TX-0003246,CUST-00156,2025-12-25,548.8
TX-0003247,CUST-00156,2025-12-25,595.77
TX-0003248,CUST-00156,2026-02-05,572.78
TX-0003249,CUST-00156,2026-05-21,456.95
TX-0003250,CUST-00156,2026-01-11,459.48
TX-0003251,CUST-00156,2026-02-13,645.16
TX-0003252,CUST-00156,2026-06-07,459.17
TX-0003253,CUST-00156,2026-03-15,614.67
TX-0003254,CUST-00156,2026-06-02,490.23
TX-0003255,CUST-00156,2026-06-08,578.66
TX-0003256,CUST-00156,2026-06-26,439.77
TX-0003257,CUST-00156,2026-03-01,521.59
TX-0003258,CUST-00156,2026-06-02,458.91
TX-0003259,CUST-00156,2026-08-07,402.31
TX-0003260,CUST-00156,2026-04-27,479.56
TX-0003261,CUST-00156,2026-02-15,407.79
TX-0003262,CUST-00156,2026-02-14,556.66
TX-0003263,CUST-00157,2026-08-25,479.26
TX-0003264,CUST-00157,2025-11-22,618.2
TX-0003265,CUST-00157,2026-02-26,502.99
TX-0003266,CUST-00157,2026-03-17,516.28
TX-0003267,CUST-00157,2026-06-12,602.97
TX-0003268,CUST-00157,2026-07-11,628.5
TX-0003269,CUST-00157,2025-11-24,455.98
TX-0003270,CUST-00157,2025-12-26,477.69
TX-0003271,CUST-00157,2026-06-26,476.8
TX-0003272,CUST-00157,2026-02-20,483.2
TX-0003273,CUST-00157,2026-02-11,447.41
TX-0003274,CUST-00157,2026-05-31,629.85
TX-0003275,CUST-00157,2026-07-12,401.72
TX-0003276,CUST-00157,2026-05-26,613.74
TX-0003277,CUST-00157,2026-01-22,488.84
TX-0003278,CUST-00157,2026-05-12,548.87
TX-0003279,CUST-00158,2026-08-30,517.79
TX-0003280,CUST-00158,2026-06-29,488.3
TX-0003281,CUST-00158,2026-05-11,553.81
TX-0003282,CUST-00158,2026-06-14,565.73
TX-0003283,CUST-00158,2026-02-14,591.72
TX-0003284,CUST-00158,2026-06-29,410.96
TX-0003285,CUST-00158,2026-02-10,509.9
TX-0003286,CUST-00158,2026-01-07,562.69
TX-0003287,CUST-00158,2025-12-27,575.47
TX-0003288,CUST-00158,2026-04-23,458.74
TX-0003289,CUST-00158,2026-07-25,532.94
TX-0003290,CUST-00158,2026-06-18,581.56
TX-0003291,CUST-00158,2026-07-28,449.24
TX-0003292,CUST-00158,2026-05-24,526.64
TX-0003293,CUST-00158,2026-03-29,521.68
TX-0003294,CUST-00158,2026-02-25,509.36
TX-0003295,CUST-00158,2026-05-01,629.87
TX-0003296,CUST-00158,2025-12-19,619.78
TX-0003297,CUST-00158,2026-05-15,557.38
TX-0003298,CUST-00158,2026-02-16,552.3
TX-0003299,CUST-00158,2026-04-15,508.72
TX-0003300,CUST-00158,2026-05-16,548.0
TX-0003301,CUST-00158,2026-07-15,406.38
TX-0003302,CUST-00158,2026-08-13,612.91
TX-0003303,CUST-00158,2026-01-05,411.61
TX-0003304,CUST-00158,2026-03-19,553.75
TX-0003305,CUST-00159,2026-08-30,623.93
TX-0003306,CUST-00159,2026-03-08,447.52
TX-0003307,CUST-00159,2025-12-06,590.75
TX-0003308,CUST-00159,2026-06-14,460.19
TX-0003309,CUST-00159,2026-07-04,479.06
TX-0003310,CUST-00159,2026-04-18,499.49
TX-0003311,CUST-00159,2026-06-06,649.72
TX-0003312,CUST-00159,2025-12-28,457.41
TX-0003313,CUST-00159,2025-12-22,439.78
TX-0003314,CUST-00159,2025-12-29,645.06
TX-0003315,CUST-00159,2026-06-12,505.42
TX-0003316,CUST-00159,2026-01-08,539.64
TX-0003317,CUST-00159,2026-07-12,604.21
TX-0003318,CUST-00159,2026-07-30,468.67
TX-0003319,CUST-00159,2026-03-12,537.41
TX-0003320,CUST-00159,2026-03-24,550.66
TX-0003321,CUST-00159,2026-07-31,442.15
TX-0003322,CUST-00159,2025-11-30,440.3
TX-0003323,CUST-00160,2026-08-29,630.48
TX-0003324,CUST-00160,2026-07-04,528.24
TX-0003325,CUST-00160,2026-08-03,555.89
TX-0003326,CUST-00160,2026-05-05,469.06
TX-0003327,CUST-00160,2026-04-29,525.79
TX-0003328,CUST-00160,2026-05-23,485.91
TX-0003329,CUST-00160,2025-11-19,513.19
TX-0003330,CUST-00160,2026-03-23,646.08
TX-0003331,CUST-00160,2026-04-23,455.83
TX-0003332,CUST-00160,2026-03-28,437.38
TX-0003333,CUST-00160,2025-11-27,487.5
TX-0003334,CUST-00160,2026-01-22,443.62
TX-0003335,CUST-00160,2026-04-13,545.34
TX-0003336,CUST-00160,2026-04-18,412.89
TX-0003337,CUST-00160,2026-07-22,633.27
TX-0003338,CUST-00160,2026-04-19,595.98
TX-0003339,CUST-00160,2026-01-13,504.08
TX-0003340,CUST-00160,2025-11-20,472.62
TX-0003341,CUST-00160,2026-08-10,503.06
TX-0003342,CUST-00160,2026-01-10,485.92
TX-0003343,CUST-00161,2026-08-28,648.71
TX-0003344,CUST-00161,2026-08-09,538.9
TX-0003345,CUST-00161,2026-01-29,560.87
TX-0003346,CUST-00161,2025-11-09,606.98
TX-0003347,CUST-00161,2025-12-11,540.81
TX-0003348,CUST-00161,2026-02-02,473.64
TX-0003349,CUST-00161,2026-08-07,553.6
TX-0003350,CUST-00161,2026-06-12,606.37
TX-0003351,CUST-00161,2026-04-07,441.18
TX-0003352,CUST-00161,2026-03-02,472.02
TX-0003353,CUST-00161,2026-03-21,609.17
TX-0003354,CUST-00161,2026-04-15,442.94
TX-0003355,CUST-00161,2026-02-20,588.34
TX-0003356,CUST-00161,2026-07-21,634.01
TX-0003357,CUST-00161,2026-07-11,631.6
TX-0003358,CUST-00161,2025-12-25,550.37
TX-0003359,CUST-00161,2026-01-07,413.44
TX-0003360,CUST-00161,2026-01-27,526.54
TX-0003361,CUST-00161,2026-02-17,476.71
TX-0003362,CUST-00161,2026-05-31,507.91
TX-0003363,CUST-00162,2026-08-27,410.47
TX-0003364,CUST-00162,2026-03-08,509.87
TX-0003365,CUST-00162,2026-01-02,453.45
TX-0003366,CUST-00162,2025-11-24,644.14
TX-0003367,CUST-00162,2025-11-20,474.91
TX-0003368,CUST-00162,2026-06-24,454.88
TX-0003369,CUST-00162,2026-05-02,519.44
TX-0003370,CUST-00162,2025-12-06,525.01
TX-0003371,CUST-00162,2026-06-07,413.85
TX-0003372,CUST-00162,2026-08-01,456.85
TX-0003373,CUST-00162,2026-01-21,610.69
TX-0003374,CUST-00162,2026-02-16,540.74
TX-0003375,CUST-00162,2026-01-12,479.74
TX-0003376,CUST-00162,2025-11-21,482.79
TX-0003377,CUST-00162,2026-07-21,608.74
TX-0003378,CUST-00162,2025-11-30,520.83
TX-0003379,CUST-00162,2026-01-05,623.57
TX-0003380,CUST-00162,2026-05-26,564.61
TX-0003381,CUST-00162,2025-11-06,421.99
TX-0003382,CUST-00162,2026-03-30,454.33
TX-0003383,CUST-00162,2026-05-04,415.69
TX-0003384,CUST-00162,2026-08-11,481.19
TX-0003385,CUST-00162,2026-05-17,547.38
TX-0003386,CUST-00162,2026-04-05,475.44
TX-0003387,CUST-00163,2026-08-24,634.88
TX-0003388,CUST-00163,2025-12-05,431.41
TX-0003389,CUST-00163,2026-04-13,562.21
TX-0003390,CUST-00163,2026-03-20,583.37
TX-0003391,CUST-00163,2026-04-27,586.57
TX-0003392,CUST-00163,2025-12-01,431.04
TX-0003393,CUST-00163,2026-05-07,579.11
TX-0003394,CUST-00163,2026-01-20,556.42
TX-0003395,CUST-00163,2025-12-14,411.71
TX-0003396,CUST-00163,2025-11-28,443.6
TX-0003397,CUST-00163,2026-07-27,448.03
TX-0003398,CUST-00163,2026-08-05,401.07
TX-0003399,CUST-00163,2026-03-19,532.08
TX-0003400,CUST-00163,2026-03-05,564.47
TX-0003401,CUST-00163,2026-04-22,400.8
TX-0003402,CUST-00163,2026-05-04,568.47
TX-0003403,CUST-00163,2026-07-25,616.54
TX-0003404,CUST-00163,2026-01-14,405.66
TX-0003405,CUST-00163,2026-03-11,623.73
TX-0003406,CUST-00163,2026-01-09,543.12
TX-0003407,CUST-00163,2026-02-17,570.4
TX-0003408,CUST-00163,2026-06-23,430.6
TX-0003409,CUST-00163,2026-01-29,620.09
TX-0003410,CUST-00163,2026-01-30,643.56
TX-0003411,CUST-00163,2026-04-05,486.13
TX-0003412,CUST-00163,2026-06-11,588.33
TX-0003413,CUST-00164,2026-08-27,443.04
TX-0003414,CUST-00164,2026-05-31,442.56
TX-0003415,CUST-00164,2026-04-29,514.79
TX-0003416,CUST-00164,2026-06-25,404.93
TX-0003417,CUST-00164,2026-05-09,413.02
TX-0003418,CUST-00164,2025-11-20,418.24
TX-0003419,CUST-00164,2025-11-29,418.3
TX-0003420,CUST-00164,2026-04-06,461.28
TX-0003421,CUST-00164,2026-01-07,640.67
TX-0003422,CUST-00164,2025-11-26,501.19
TX-0003423,CUST-00164,2026-06-04,512.18
TX-0003424,CUST-00164,2026-04-28,409.47
TX-0003425,CUST-00164,2026-07-23,473.21
TX-0003426,CUST-00164,2026-07-09,425.59
TX-0003427,CUST-00164,2025-12-06,540.22
TX-0003428,CUST-00164,2026-07-15,425.73
TX-0003429,CUST-00164,2025-12-28,520.13
TX-0003430,CUST-00164,2026-04-08,434.41
TX-0003431,CUST-00164,2026-05-03,401.11
TX-0003432,CUST-00164,2026-06-19,458.97
TX-0003433,CUST-00164,2026-08-07,600.06
TX-0003434,CUST-00164,2025-11-25,501.49
TX-0003435,CUST-00164,2026-01-08,501.26
TX-0003436,CUST-00164,2026-01-21,556.73
TX-0003437,CUST-00164,2026-04-22,446.04
TX-0003438,CUST-00164,2026-07-13,509.4
TX-0003439,CUST-00165,2026-08-26,434.68
TX-0003440,CUST-00165,2026-07-11,473.32
TX-0003441,CUST-00165,2026-05-16,465.32
TX-0003442,CUST-00165,2025-12-09,515.19
TX-0003443,CUST-00165,2026-02-06,527.35
TX-0003444,CUST-00165,2026-03-08,450.36
TX-0003445,CUST-00165,2026-07-13,605.47
TX-0003446,CUST-00165,2026-02-06,519.83
TX-0003447,CUST-00165,2026-07-25,464.53
TX-0003448,CUST-00165,2026-04-07,601.01
TX-0003449,CUST-00165,2026-01-09,618.95
TX-0003450,CUST-00165,2026-05-03,550.52
TX-0003451,CUST-00165,2026-04-13,506.66
TX-0003452,CUST-00165,2025-11-02,448.5
TX-0003453,CUST-00165,2026-02-07,546.27
TX-0003454,CUST-00165,2025-12-05,438.72
TX-0003455,CUST-00165,2025-12-02,492.12
TX-0003456,CUST-00165,2026-01-15,412.43
TX-0003457,CUST-00165,2026-05-10,617.46
TX-0003458,CUST-00165,2026-07-03,629.24
TX-0003459,CUST-00165,2026-03-25,639.08
TX-0003460,CUST-00165,2026-02-23,618.81
TX-0003461,CUST-00166,2026-08-25,495.47
TX-0003462,CUST-00166,2025-12-08,589.12
TX-0003463,CUST-00166,2025-11-19,544.33
TX-0003464,CUST-00166,2026-01-17,444.45
TX-0003465,CUST-00166,2026-01-06,582.85
TX-0003466,CUST-00166,2025-11-11,475.67
TX-0003467,CUST-00166,2026-06-20,646.54
TX-0003468,CUST-00166,2026-04-25,449.93
TX-0003469,CUST-00166,2026-06-21,428.07
TX-0003470,CUST-00166,2025-12-30,538.71
TX-0003471,CUST-00166,2026-03-20,476.78
TX-0003472,CUST-00166,2026-02-18,483.03
TX-0003473,CUST-00166,2026-03-09,512.09
TX-0003474,CUST-00166,2025-12-08,567.04
TX-0003475,CUST-00166,2025-11-02,590.6
TX-0003476,CUST-00166,2026-02-25,647.85
TX-0003477,CUST-00166,2026-05-12,460.35
TX-0003478,CUST-00166,2026-05-28,423.14
TX-0003479,CUST-00166,2026-07-21,538.5
TX-0003480,CUST-00166,2026-02-17,581.49
TX-0003481,CUST-00166,2026-06-25,483.86
TX-0003482,CUST-00166,2026-08-07,558.06
TX-0003483,CUST-00166,2026-02-25,649.67
TX-0003484,CUST-00166,2026-05-19,445.98
TX-0003485,CUST-00166,2026-04-24,470.44
TX-0003486,CUST-00167,2026-08-28,486.74
TX-0003487,CUST-00167,2026-06-03,559.55
TX-0003488,CUST-00167,2026-07-06,486.26
TX-0003489,CUST-00167,2026-04-23,410.01
TX-0003490,CUST-00167,2026-08-03,629.49
TX-0003491,CUST-00167,2026-04-20,482.04
TX-0003492,CUST-00167,2025-12-30,421.62
TX-0003493,CUST-00167,2026-02-14,615.96
TX-0003494,CUST-00167,2026-05-07,410.29
TX-0003495,CUST-00167,2026-07-03,436.6
TX-0003496,CUST-00167,2026-06-02,550.57
TX-0003497,CUST-00167,2025-11-24,509.44
TX-0003498,CUST-00167,2026-02-28,485.95
TX-0003499,CUST-00167,2026-01-07,585.64
TX-0003500,CUST-00167,2026-04-08,461.69
TX-0003501,CUST-00167,2026-06-29,489.45
TX-0003502,CUST-00167,2026-05-11,593.9
TX-0003503,CUST-00167,2026-01-27,566.46
TX-0003504,CUST-00167,2026-06-07,607.36
TX-0003505,CUST-00167,2026-05-27,484.92
TX-0003506,CUST-00167,2026-02-19,410.58
TX-0003507,CUST-00167,2025-12-09,545.61
TX-0003508,CUST-00167,2026-04-28,474.53
TX-0003509,CUST-00167,2026-07-25,580.85
TX-0003510,CUST-00167,2026-07-08,587.18
TX-0003511,CUST-00167,2026-02-05,450.95
TX-0003512,CUST-00168,2026-08-28,588.29
TX-0003513,CUST-00168,2026-02-16,564.44
TX-0003514,CUST-00168,2026-02-09,626.09
TX-0003515,CUST-00168,2026-02-16,632.08
TX-0003516,CUST-00168,2026-02-25,504.17
TX-0003517,CUST-00168,2026-05-24,490.93
TX-0003518,CUST-00168,2025-12-23,561.15
TX-0003519,CUST-00168,2025-12-15,419.32
TX-0003520,CUST-00168,2026-07-04,625.05
TX-0003521,CUST-00168,2026-04-14,621.12
TX-0003522,CUST-00168,2025-11-15,506.96
TX-0003523,CUST-00168,2026-08-01,596.02
TX-0003524,CUST-00168,2025-12-20,478.92
TX-0003525,CUST-00168,2026-03-27,436.33
TX-0003526,CUST-00168,2025-11-02,407.55
TX-0003527,CUST-00168,2026-07-25,549.33
TX-0003528,CUST-00168,2026-02-09,570.45
TX-0003529,CUST-00168,2026-01-16,463.91
TX-0003530,CUST-00168,2026-01-20,454.1
TX-0003531,CUST-00168,2026-06-17,607.26
TX-0003532,CUST-00168,2026-06-12,574.18
TX-0003533,CUST-00168,2025-11-15,595.85
TX-0003534,CUST-00168,2026-06-21,459.5
TX-0003535,CUST-00168,2026-02-06,594.78
TX-0003536,CUST-00168,2026-07-20,447.69
TX-0003537,CUST-00168,2026-05-23,513.88
TX-0003538,CUST-00169,2026-08-24,496.92
TX-0003539,CUST-00169,2026-03-02,644.59
TX-0003540,CUST-00169,2026-07-07,515.93
TX-0003541,CUST-00169,2026-04-08,502.91
TX-0003542,CUST-00169,2026-05-16,478.05
TX-0003543,CUST-00169,2026-05-09,571.96
TX-0003544,CUST-00169,2026-03-15,410.21
TX-0003545,CUST-00169,2026-01-27,450.3
TX-0003546,CUST-00169,2026-01-12,496.05
TX-0003547,CUST-00169,2026-06-29,538.19
TX-0003548,CUST-00169,2026-03-18,582.34
TX-0003549,CUST-00169,2026-04-30,440.85
TX-0003550,CUST-00169,2026-03-19,456.63
TX-0003551,CUST-00169,2025-12-19,466.91
TX-0003552,CUST-00169,2026-01-26,593.68
TX-0003553,CUST-00169,2026-05-07,447.18
TX-0003554,CUST-00169,2026-05-16,581.83
TX-0003555,CUST-00169,2026-03-29,407.82
TX-0003556,CUST-00170,2026-08-30,436.94
TX-0003557,CUST-00170,2025-11-08,488.35
TX-0003558,CUST-00170,2026-04-28,522.36
TX-0003559,CUST-00170,2026-08-07,596.36
TX-0003560,CUST-00170,2026-08-14,633.12
TX-0003561,CUST-00170,2025-11-25,561.5
TX-0003562,CUST-00170,2025-11-18,604.35
TX-0003563,CUST-00170,2026-07-05,631.96
TX-0003564,CUST-00170,2026-02-25,489.33
TX-0003565,CUST-00170,2025-12-27,510.73
TX-0003566,CUST-00170,2026-02-09,506.73
TX-0003567,CUST-00170,2026-06-01,582.92
TX-0003568,CUST-00170,2026-07-20,607.5
TX-0003569,CUST-00170,2026-08-02,451.05
TX-0003570,CUST-00170,2025-11-19,438.89
TX-0003571,CUST-00170,2026-04-30,432.29
TX-0003572,CUST-00170,2025-12-27,604.68
TX-0003573,CUST-00170,2026-05-27,584.69
TX-0003574,CUST-00170,2025-11-15,467.63
TX-0003575,CUST-00170,2026-04-23,606.66
TX-0003576,CUST-00170,2026-05-07,534.35
TX-0003577,CUST-00170,2026-07-28,511.4
TX-0003578,CUST-00170,2026-08-14,543.62
TX-0003579,CUST-00170,2025-12-04,586.88
TX-0003580,CUST-00170,2026-06-27,632.91
TX-0003581,CUST-00170,2026-06-26,532.6
TX-0003582,CUST-00171,2026-08-30,447.98
TX-0003583,CUST-00171,2026-02-12,415.88
TX-0003584,CUST-00171,2026-02-16,571.33
TX-0003585,CUST-00171,2026-07-15,426.55
TX-0003586,CUST-00171,2026-05-23,584.99
TX-0003587,CUST-00171,2026-07-31,602.44
TX-0003588,CUST-00171,2026-04-05,599.04
TX-0003589,CUST-00171,2026-07-06,529.6
TX-0003590,CUST-00171,2026-05-02,424.16
TX-0003591,CUST-00171,2026-02-16,415.73
TX-0003592,CUST-00171,2026-01-03,636.12
TX-0003593,CUST-00171,2026-06-17,570.72
TX-0003594,CUST-00171,2025-11-26,432.07
TX-0003595,CUST-00171,2026-06-17,512.74
TX-0003596,CUST-00171,2026-02-09,543.27
TX-0003597,CUST-00171,2025-11-04,406.48
TX-0003598,CUST-00172,2026-08-31,487.59
TX-0003599,CUST-00172,2026-08-08,491.54
TX-0003600,CUST-00172,2025-12-08,628.15
TX-0003601,CUST-00172,2025-12-26,620.13
TX-0003602,CUST-00172,2026-07-07,503.03
TX-0003603,CUST-00172,2026-03-27,586.47
TX-0003604,CUST-00172,2026-05-19,565.81
TX-0003605,CUST-00172,2025-12-21,459.29
TX-0003606,CUST-00172,2026-05-16,615.11
TX-0003607,CUST-00172,2025-11-29,462.63
TX-0003608,CUST-00172,2025-11-15,476.56
TX-0003609,CUST-00172,2026-03-12,405.88
TX-0003610,CUST-00172,2026-06-05,442.8
TX-0003611,CUST-00172,2026-02-23,526.71
TX-0003612,CUST-00172,2026-07-15,556.51
TX-0003613,CUST-00172,2026-03-19,618.72
TX-0003614,CUST-00173,2026-08-29,500.01
TX-0003615,CUST-00173,2026-06-27,596.49
TX-0003616,CUST-00173,2026-04-07,547.87
TX-0003617,CUST-00173,2026-07-17,534.3
TX-0003618,CUST-00173,2026-01-18,517.02
TX-0003619,CUST-00173,2026-05-13,427.54
TX-0003620,CUST-00173,2026-02-19,645.28
TX-0003621,CUST-00173,2026-06-25,448.19
TX-0003622,CUST-00173,2026-02-19,436.4
TX-0003623,CUST-00173,2026-03-05,510.92
TX-0003624,CUST-00173,2026-06-14,462.39
TX-0003625,CUST-00173,2026-04-14,568.38
TX-0003626,CUST-00173,2025-12-15,470.43
TX-0003627,CUST-00173,2025-11-27,476.59
TX-0003628,CUST-00173,2026-07-08,449.54
TX-0003629,CUST-00173,2025-11-15,602.64
TX-0003630,CUST-00174,2026-08-26,610.36
TX-0003631,CUST-00174,2025-12-16,529.7
TX-0003632,CUST-00174,2026-05-05,609.9
TX-0003633,CUST-00174,2026-04-04,588.04
TX-0003634,CUST-00174,2026-05-19,551.67
TX-0003635,CUST-00174,2026-01-12,492.35
TX-0003636,CUST-00174,2026-08-11,640.45
TX-0003637,CUST-00174,2026-08-07,537.41
TX-0003638,CUST-00174,2026-02-22,549.97
TX-0003639,CUST-00174,2026-02-28,537.66
TX-0003640,CUST-00174,2026-05-21,642.89
TX-0003641,CUST-00174,2026-01-05,555.42
TX-0003642,CUST-00174,2026-02-01,513.7
TX-0003643,CUST-00174,2025-11-07,471.97
TX-0003644,CUST-00174,2026-07-24,487.56
TX-0003645,CUST-00174,2026-06-07,444.02
TX-0003646,CUST-00174,2026-02-04,619.75
TX-0003647,CUST-00174,2026-03-05,475.69
TX-0003648,CUST-00174,2026-05-09,567.59
TX-0003649,CUST-00175,2026-08-29,632.36
TX-0003650,CUST-00175,2026-02-16,490.96
TX-0003651,CUST-00175,2026-07-17,443.67
TX-0003652,CUST-00175,2026-01-11,633.19
TX-0003653,CUST-00175,2026-06-05,565.57
TX-0003654,CUST-00175,2026-01-17,439.04
TX-0003655,CUST-00175,2026-06-20,619.81
TX-0003656,CUST-00175,2025-12-26,437.01
TX-0003657,CUST-00175,2026-08-09,525.31
TX-0003658,CUST-00175,2025-12-16,615.68
TX-0003659,CUST-00175,2026-05-14,432.04
TX-0003660,CUST-00175,2026-02-25,645.56
TX-0003661,CUST-00175,2026-02-03,612.67
TX-0003662,CUST-00175,2026-04-03,588.03
TX-0003663,CUST-00175,2026-01-28,496.14
TX-0003664,CUST-00175,2025-11-16,481.08
TX-0003665,CUST-00175,2026-01-22,579.18
TX-0003666,CUST-00176,2026-08-28,542.16
TX-0003667,CUST-00176,2026-03-03,473.66
TX-0003668,CUST-00176,2026-03-27,553.43
TX-0003669,CUST-00176,2026-02-20,506.68
TX-0003670,CUST-00176,2025-12-31,546.15
TX-0003671,CUST-00176,2025-11-26,402.36
TX-0003672,CUST-00176,2026-03-04,558.4
TX-0003673,CUST-00176,2026-08-04,628.82
TX-0003674,CUST-00176,2026-04-18,543.62
TX-0003675,CUST-00176,2025-11-07,518.75
TX-0003676,CUST-00176,2026-03-15,416.83
TX-0003677,CUST-00176,2026-04-07,624.32
TX-0003678,CUST-00176,2025-11-27,537.01
TX-0003679,CUST-00176,2026-07-25,539.14
TX-0003680,CUST-00176,2026-07-28,549.49
TX-0003681,CUST-00176,2026-05-22,507.29
TX-0003682,CUST-00176,2026-01-23,411.78
TX-0003683,CUST-00176,2026-01-02,577.72
TX-0003684,CUST-00176,2026-05-24,562.93
TX-0003685,CUST-00176,2025-12-08,556.78
TX-0003686,CUST-00176,2026-06-10,510.11
TX-0003687,CUST-00176,2025-11-10,608.91
TX-0003688,CUST-00176,2026-02-22,417.18
TX-0003689,CUST-00176,2026-05-26,510.73
TX-0003690,CUST-00176,2026-05-17,560.41
TX-0003691,CUST-00176,2025-11-22,553.64
TX-0003692,CUST-00177,2026-08-31,583.71
TX-0003693,CUST-00177,2026-02-24,592.18
TX-0003694,CUST-00177,2026-02-15,414.74
TX-0003695,CUST-00177,2026-05-22,505.32
TX-0003696,CUST-00177,2025-11-12,444.94
TX-0003697,CUST-00177,2026-04-19,417.78
TX-0003698,CUST-00177,2026-04-19,428.3
TX-0003699,CUST-00177,2026-02-07,465.64
TX-0003700,CUST-00177,2026-03-30,577.85
TX-0003701,CUST-00177,2026-08-03,540.68
TX-0003702,CUST-00177,2026-07-12,497.86
TX-0003703,CUST-00177,2026-01-01,595.99
TX-0003704,CUST-00177,2026-06-01,493.89
TX-0003705,CUST-00177,2026-02-20,456.89
TX-0003706,CUST-00177,2025-12-25,545.1
TX-0003707,CUST-00177,2026-07-24,508.65
TX-0003708,CUST-00177,2025-11-09,445.68
TX-0003709,CUST-00177,2025-12-08,511.23
TX-0003710,CUST-00177,2026-06-24,547.69
TX-0003711,CUST-00177,2026-05-06,472.19
TX-0003712,CUST-00177,2026-01-27,450.73
TX-0003713,CUST-00177,2025-11-30,599.87
TX-0003714,CUST-00177,2026-01-05,433.32
TX-0003715,CUST-00177,2026-01-16,504.63
TX-0003716,CUST-00177,2026-05-26,403.85
TX-0003717,CUST-00178,2026-08-27,452.48
TX-0003718,CUST-00178,2026-07-06,574.01
TX-0003719,CUST-00178,2026-02-23,464.29
TX-0003720,CUST-00178,2025-12-01,564.29
TX-0003721,CUST-00178,2025-11-09,608.07
TX-0003722,CUST-00178,2026-02-18,617.21
TX-0003723,CUST-00178,2026-02-14,490.42
TX-0003724,CUST-00178,2026-03-09,528.97
TX-0003725,CUST-00178,2026-02-28,625.95
TX-0003726,CUST-00178,2026-06-26,544.52
TX-0003727,CUST-00178,2026-04-25,588.61
TX-0003728,CUST-00178,2026-04-29,616.9
TX-0003729,CUST-00178,2025-12-09,493.25
TX-0003730,CUST-00178,2026-06-24,546.01
TX-0003731,CUST-00178,2025-12-18,505.14
TX-0003732,CUST-00178,2026-08-08,417.46
TX-0003733,CUST-00178,2025-11-11,448.82
TX-0003734,CUST-00179,2026-08-25,536.41
TX-0003735,CUST-00179,2025-11-29,426.39
TX-0003736,CUST-00179,2026-03-09,533.6
TX-0003737,CUST-00179,2025-12-10,587.37
TX-0003738,CUST-00179,2026-06-22,472.77
TX-0003739,CUST-00179,2026-07-06,625.17
TX-0003740,CUST-00179,2026-02-23,613.52
TX-0003741,CUST-00179,2026-07-26,605.92
TX-0003742,CUST-00179,2025-12-16,424.3
TX-0003743,CUST-00179,2026-07-23,589.65
TX-0003744,CUST-00179,2026-07-16,534.08
TX-0003745,CUST-00179,2026-04-14,625.97
TX-0003746,CUST-00179,2026-01-01,609.83
TX-0003747,CUST-00179,2026-07-25,554.02
TX-0003748,CUST-00179,2025-11-30,593.07
TX-0003749,CUST-00179,2026-03-07,645.75
TX-0003750,CUST-00179,2026-02-09,571.51
TX-0003751,CUST-00180,2026-08-31,606.56
TX-0003752,CUST-00180,2026-06-21,649.19
TX-0003753,CUST-00180,2025-11-12,424.58
TX-0003754,CUST-00180,2026-07-19,590.85
TX-0003755,CUST-00180,2026-05-21,416.09
TX-0003756,CUST-00180,2026-07-28,622.2
TX-0003757,CUST-00180,2026-01-08,600.11
TX-0003758,CUST-00180,2025-12-08,562.63
TX-0003759,CUST-00180,2026-04-21,480.63
TX-0003760,CUST-00180,2025-12-01,474.68
TX-0003761,CUST-00180,2026-02-28,468.88
TX-0003762,CUST-00180,2025-12-07,570.21
TX-0003763,CUST-00180,2026-01-15,623.92
TX-0003764,CUST-00180,2026-07-03,638.07
TX-0003765,CUST-00180,2025-11-15,553.19
TX-0003766,CUST-00180,2026-02-07,628.52
TX-0003767,CUST-00180,2026-06-10,495.19
TX-0003768,CUST-00180,2026-01-23,560.09
TX-0003769,CUST-00180,2026-05-21,596.94
TX-0003770,CUST-00180,2025-12-04,570.02
TX-0003771,CUST-00181,2026-08-27,445.79
TX-0003772,CUST-00181,2026-04-18,638.49
TX-0003773,CUST-00181,2025-11-09,641.85
TX-0003774,CUST-00181,2026-01-09,409.2
TX-0003775,CUST-00181,2026-04-26,589.92
TX-0003776,CUST-00181,2026-06-18,588.22
TX-0003777,CUST-00181,2026-07-19,552.37
TX-0003778,CUST-00181,2026-01-11,435.72
TX-0003779,CUST-00181,2026-03-25,459.92
TX-0003780,CUST-00181,2026-01-30,413.29
TX-0003781,CUST-00181,2026-07-21,627.72
TX-0003782,CUST-00181,2026-05-07,586.16
TX-0003783,CUST-00181,2025-11-20,517.5
TX-0003784,CUST-00181,2025-11-16,503.32
TX-0003785,CUST-00181,2026-05-02,554.08
TX-0003786,CUST-00181,2025-12-18,487.89
TX-0003787,CUST-00182,2026-08-26,618.96
TX-0003788,CUST-00182,2025-12-26,460.7
TX-0003789,CUST-00182,2026-05-12,531.76
TX-0003790,CUST-00182,2026-06-09,409.39
TX-0003791,CUST-00182,2026-02-02,576.96
TX-0003792,CUST-00182,2026-03-08,580.98
TX-0003793,CUST-00182,2026-04-24,421.91
TX-0003794,CUST-00182,2025-11-01,648.59
TX-0003795,CUST-00182,2026-07-05,516.25
TX-0003796,CUST-00182,2025-12-08,460.89
TX-0003797,CUST-00182,2025-12-23,584.39
TX-0003798,CUST-00182,2025-12-04,603.67
TX-0003799,CUST-00182,2025-10-31,602.94
TX-0003800,CUST-00182,2026-04-02,605.0
TX-0003801,CUST-00182,2026-05-07,572.68
TX-0003802,CUST-00182,2026-07-05,428.55
TX-0003803,CUST-00182,2026-07-13,592.98
TX-0003804,CUST-00182,2026-02-14,529.84
TX-0003805,CUST-00182,2026-03-17,626.82
TX-0003806,CUST-00182,2026-02-05,499.04
TX-0003807,CUST-00182,2025-12-27,503.48
TX-0003808,CUST-00182,2026-02-20,590.07
TX-0003809,CUST-00182,2026-02-17,541.09
TX-0003810,CUST-00182,2026-03-20,581.73
TX-0003811,CUST-00183,2026-08-24,607.59
TX-0003812,CUST-00183,2026-05-05,415.64
TX-0003813,CUST-00183,2026-01-06,528.44
TX-0003814,CUST-00183,2026-02-07,418.67
TX-0003815,CUST-00183,2026-01-28,579.14
TX-0003816,CUST-00183,2026-02-18,530.91
TX-0003817,CUST-00183,2025-12-26,475.06
TX-0003818,CUST-00183,2026-05-06,450.48
TX-0003819,CUST-00183,2026-05-02,502.51
TX-0003820,CUST-00183,2026-05-15,573.98
TX-0003821,CUST-00183,2025-12-12,580.23
TX-0003822,CUST-00183,2026-04-02,443.5
TX-0003823,CUST-00183,2026-04-27,439.6
TX-0003824,CUST-00183,2026-01-14,571.68
TX-0003825,CUST-00183,2026-05-31,531.35
TX-0003826,CUST-00183,2026-04-20,597.96
TX-0003827,CUST-00183,2026-01-30,474.59
TX-0003828,CUST-00183,2026-05-06,483.22
TX-0003829,CUST-00183,2026-02-04,537.37
TX-0003830,CUST-00183,2025-11-23,424.1
TX-0003831,CUST-00183,2025-12-03,528.15
TX-0003832,CUST-00183,2026-07-19,518.34
TX-0003833,CUST-00183,2026-06-14,494.25
TX-0003834,CUST-00184,2026-08-24,467.68
TX-0003835,CUST-00184,2026-06-28,541.85
TX-0003836,CUST-00184,2026-03-31,622.3
TX-0003837,CUST-00184,2025-12-03,635.34
TX-0003838,CUST-00184,2026-06-08,425.03
TX-0003839,CUST-00184,2026-01-28,596.33
TX-0003840,CUST-00184,2025-10-30,615.9
TX-0003841,CUST-00184,2025-11-09,405.92
TX-0003842,CUST-00184,2026-05-30,410.84
TX-0003843,CUST-00184,2025-12-13,605.19
TX-0003844,CUST-00184,2026-02-25,528.43
TX-0003845,CUST-00184,2025-11-16,538.61
TX-0003846,CUST-00184,2026-05-30,550.41
TX-0003847,CUST-00184,2026-05-20,407.67
TX-0003848,CUST-00184,2026-02-06,583.61
TX-0003849,CUST-00184,2026-02-25,568.26
TX-0003850,CUST-00184,2026-05-07,606.57
TX-0003851,CUST-00184,2026-07-05,578.89
TX-0003852,CUST-00184,2026-07-04,448.79
TX-0003853,CUST-00185,2026-08-27,472.35
TX-0003854,CUST-00185,2026-03-31,429.86
TX-0003855,CUST-00185,2026-06-29,441.4
TX-0003856,CUST-00185,2026-03-10,519.45
TX-0003857,CUST-00185,2026-02-20,444.1
TX-0003858,CUST-00185,2025-11-05,578.12
TX-0003859,CUST-00185,2026-05-24,477.89
TX-0003860,CUST-00185,2026-03-25,455.87
TX-0003861,CUST-00185,2026-01-01,639.95
TX-0003862,CUST-00185,2026-04-26,523.12
TX-0003863,CUST-00185,2026-08-01,465.14
TX-0003864,CUST-00185,2026-01-13,439.51
TX-0003865,CUST-00185,2025-12-15,421.21
TX-0003866,CUST-00185,2025-12-14,641.62
TX-0003867,CUST-00185,2026-02-26,529.43
TX-0003868,CUST-00185,2026-03-15,611.84
TX-0003869,CUST-00185,2026-08-05,594.29
TX-0003870,CUST-00185,2026-07-03,429.15
TX-0003871,CUST-00185,2025-12-16,532.29
TX-0003872,CUST-00185,2026-06-15,415.28
TX-0003873,CUST-00185,2025-12-18,406.83
TX-0003874,CUST-00185,2026-01-02,434.59
TX-0003875,CUST-00185,2025-12-28,516.22
TX-0003876,CUST-00186,2026-08-29,558.86
TX-0003877,CUST-00186,2026-03-02,555.88
TX-0003878,CUST-00186,2026-05-23,433.42
TX-0003879,CUST-00186,2026-03-06,640.29
TX-0003880,CUST-00186,2026-07-16,532.25
TX-0003881,CUST-00186,2026-02-17,468.14
TX-0003882,CUST-00186,2026-05-31,548.65
TX-0003883,CUST-00186,2025-12-06,599.48
TX-0003884,CUST-00186,2026-01-05,617.2
TX-0003885,CUST-00186,2026-03-16,473.23
TX-0003886,CUST-00186,2026-04-04,402.33
TX-0003887,CUST-00186,2025-12-23,586.71
TX-0003888,CUST-00186,2026-05-20,540.37
TX-0003889,CUST-00186,2026-03-25,442.33
TX-0003890,CUST-00186,2025-12-24,604.32
TX-0003891,CUST-00186,2026-06-04,619.36
TX-0003892,CUST-00186,2026-08-01,648.11
TX-0003893,CUST-00186,2025-12-14,461.94
TX-0003894,CUST-00186,2026-05-18,462.33
TX-0003895,CUST-00186,2026-06-10,466.88
TX-0003896,CUST-00186,2026-03-10,459.95
TX-0003897,CUST-00186,2026-02-14,498.44
TX-0003898,CUST-00186,2026-02-09,609.01
TX-0003899,CUST-00186,2026-02-17,573.19
TX-0003900,CUST-00186,2026-02-26,436.93
TX-0003901,CUST-00187,2026-08-28,409.32
TX-0003902,CUST-00187,2026-06-27,466.05
TX-0003903,CUST-00187,2026-07-28,566.86
TX-0003904,CUST-00187,2026-01-06,492.09
TX-0003905,CUST-00187,2026-02-09,486.76
TX-0003906,CUST-00187,2026-03-22,513.94
TX-0003907,CUST-00187,2026-04-05,411.4
TX-0003908,CUST-00187,2026-06-14,507.56
TX-0003909,CUST-00187,2026-02-12,536.51
TX-0003910,CUST-00187,2026-04-15,418.82
TX-0003911,CUST-00187,2026-02-04,477.22
TX-0003912,CUST-00187,2026-07-22,403.61
TX-0003913,CUST-00187,2026-06-30,524.39
TX-0003914,CUST-00187,2025-11-10,477.6
TX-0003915,CUST-00187,2026-01-28,460.16
TX-0003916,CUST-00187,2026-07-05,593.2
TX-0003917,CUST-00187,2026-05-24,555.22
TX-0003918,CUST-00187,2026-05-21,599.8
TX-0003919,CUST-00187,2026-04-26,411.7
TX-0003920,CUST-00187,2026-03-31,533.86
TX-0003921,CUST-00187,2025-11-03,642.25
TX-0003922,CUST-00187,2026-02-01,455.26
TX-0003923,CUST-00187,2026-01-10,486.24
TX-0003924,CUST-00187,2026-08-10,440.07
TX-0003925,CUST-00188,2026-08-26,534.81
TX-0003926,CUST-00188,2026-03-22,606.85
TX-0003927,CUST-00188,2026-02-15,484.14
TX-0003928,CUST-00188,2026-02-02,491.55
TX-0003929,CUST-00188,2026-04-18,410.68
TX-0003930,CUST-00188,2026-04-26,637.51
TX-0003931,CUST-00188,2026-02-08,520.82
TX-0003932,CUST-00188,2026-07-12,571.96
TX-0003933,CUST-00188,2026-04-01,640.84
TX-0003934,CUST-00188,2025-11-26,542.99
TX-0003935,CUST-00188,2026-01-06,494.07
TX-0003936,CUST-00188,2026-02-27,603.98
TX-0003937,CUST-00188,2026-05-02,615.31
TX-0003938,CUST-00188,2025-12-21,513.87
TX-0003939,CUST-00188,2026-02-23,429.71
TX-0003940,CUST-00188,2026-03-02,439.11
TX-0003941,CUST-00188,2026-07-01,415.24
TX-0003942,CUST-00188,2026-03-22,563.84
TX-0003943,CUST-00188,2026-04-25,613.54
TX-0003944,CUST-00188,2025-12-31,614.31
TX-0003945,CUST-00188,2025-11-08,590.02
TX-0003946,CUST-00188,2026-01-23,402.53
TX-0003947,CUST-00188,2026-03-10,556.53
TX-0003948,CUST-00188,2026-07-08,414.67
TX-0003949,CUST-00188,2026-04-07,439.1
TX-0003950,CUST-00189,2026-08-25,637.19
TX-0003951,CUST-00189,2026-01-11,644.74
TX-0003952,CUST-00189,2026-01-14,623.32
TX-0003953,CUST-00189,2026-07-04,619.6
TX-0003954,CUST-00189,2026-07-11,609.66
TX-0003955,CUST-00189,2025-12-05,437.92
TX-0003956,CUST-00189,2026-03-02,429.2
TX-0003957,CUST-00189,2025-11-20,443.46
TX-0003958,CUST-00189,2026-07-28,492.16
TX-0003959,CUST-00189,2026-04-03,431.11
TX-0003960,CUST-00189,2025-11-23,405.16
TX-0003961,CUST-00189,2025-10-31,619.16
TX-0003962,CUST-00189,2026-06-22,628.08
TX-0003963,CUST-00189,2026-05-21,455.03
TX-0003964,CUST-00189,2026-04-17,506.47
TX-0003965,CUST-00189,2026-04-03,401.4
TX-0003966,CUST-00189,2025-12-19,594.81
TX-0003967,CUST-00189,2025-10-30,532.17
TX-0003968,CUST-00189,2025-12-18,497.06
TX-0003969,CUST-00189,2026-04-21,424.02
TX-0003970,CUST-00189,2026-04-09,466.54
TX-0003971,CUST-00190,2026-08-27,536.26
TX-0003972,CUST-00190,2026-04-11,612.27
TX-0003973,CUST-00190,2026-05-29,456.31
TX-0003974,CUST-00190,2026-08-05,409.56
TX-0003975,CUST-00190,2026-02-06,433.54
TX-0003976,CUST-00190,2026-03-03,602.05
TX-0003977,CUST-00190,2026-01-14,621.7
TX-0003978,CUST-00190,2026-02-12,500.79
TX-0003979,CUST-00190,2025-11-22,438.63
TX-0003980,CUST-00190,2026-04-20,483.1
TX-0003981,CUST-00190,2026-05-17,617.51
TX-0003982,CUST-00190,2026-03-27,456.55
TX-0003983,CUST-00190,2026-02-25,472.2
TX-0003984,CUST-00190,2026-07-05,629.65
TX-0003985,CUST-00190,2026-04-14,412.59
TX-0003986,CUST-00190,2026-08-09,445.75
TX-0003987,CUST-00190,2026-07-09,602.72
TX-0003988,CUST-00190,2026-03-16,556.46
TX-0003989,CUST-00190,2025-12-02,489.43
TX-0003990,CUST-00190,2026-07-24,614.04
TX-0003991,CUST-00190,2026-06-24,447.97
TX-0003992,CUST-00190,2026-08-03,543.18
TX-0003993,CUST-00190,2025-11-17,420.82
TX-0003994,CUST-00191,2026-08-31,522.9
TX-0003995,CUST-00191,2025-12-31,460.38
TX-0003996,CUST-00191,2026-08-07,487.16
TX-0003997,CUST-00191,2026-01-21,416.59
TX-0003998,CUST-00191,2026-08-02,429.12
TX-0003999,CUST-00191,2026-02-22,551.74
TX-0004000,CUST-00191,2026-01-22,643.12
TX-0004001,CUST-00191,2026-05-02,416.27
TX-0004002,CUST-00191,2026-08-10,534.38
TX-0004003,CUST-00191,2026-02-16,434.9
TX-0004004,CUST-00191,2026-01-16,538.22
TX-0004005,CUST-00191,2026-06-21,611.18
TX-0004006,CUST-00191,2026-01-22,608.79
TX-0004007,CUST-00191,2026-04-16,641.69
TX-0004008,CUST-00191,2026-08-16,644.94
TX-0004009,CUST-00191,2026-07-11,491.93
TX-0004010,CUST-00191,2026-02-22,550.08
TX-0004011,CUST-00191,2026-07-23,495.66
TX-0004012,CUST-00191,2026-06-20,465.29
TX-0004013,CUST-00191,2025-11-18,502.9
TX-0004014,CUST-00191,2026-04-04,590.67
TX-0004015,CUST-00191,2026-04-28,432.95
TX-0004016,CUST-00191,2026-04-06,615.79
TX-0004017,CUST-00192,2026-08-31,491.1
TX-0004018,CUST-00192,2026-08-01,571.72
TX-0004019,CUST-00192,2025-11-08,485.43
TX-0004020,CUST-00192,2026-07-29,479.46
TX-0004021,CUST-00192,2025-11-13,461.25
TX-0004022,CUST-00192,2026-08-15,533.7
TX-0004023,CUST-00192,2026-07-18,429.16
TX-0004024,CUST-00192,2026-05-27,560.3
TX-0004025,CUST-00192,2026-05-25,581.28
TX-0004026,CUST-00192,2026-06-02,482.3
TX-0004027,CUST-00192,2026-05-31,461.73
TX-0004028,CUST-00192,2025-11-17,447.63
TX-0004029,CUST-00192,2026-07-01,445.8
TX-0004030,CUST-00192,2026-04-12,447.33
TX-0004031,CUST-00192,2026-01-06,439.18
TX-0004032,CUST-00192,2026-07-20,560.04
TX-0004033,CUST-00192,2026-02-01,553.02
TX-0004034,CUST-00192,2026-02-12,593.33
TX-0004035,CUST-00193,2026-08-26,629.61
TX-0004036,CUST-00193,2026-01-05,583.3
TX-0004037,CUST-00193,2025-12-25,580.24
TX-0004038,CUST-00193,2025-11-18,489.61
TX-0004039,CUST-00193,2026-05-23,505.63
TX-0004040,CUST-00193,2026-03-08,424.26
TX-0004041,CUST-00193,2026-04-05,410.79
TX-0004042,CUST-00193,2026-05-17,400.99
TX-0004043,CUST-00193,2025-11-19,572.33
TX-0004044,CUST-00193,2025-11-22,540.46
TX-0004045,CUST-00193,2026-05-06,542.63
TX-0004046,CUST-00193,2025-12-13,622.89
TX-0004047,CUST-00193,2026-02-07,550.62
TX-0004048,CUST-00193,2025-11-08,515.05
TX-0004049,CUST-00193,2026-05-05,574.64
TX-0004050,CUST-00193,2026-04-21,645.25
TX-0004051,CUST-00193,2026-04-12,498.05
TX-0004052,CUST-00193,2025-12-31,507.03
TX-0004053,CUST-00193,2026-04-12,647.66
TX-0004054,CUST-00194,2026-08-27,489.8
TX-0004055,CUST-00194,2025-11-02,492.88
TX-0004056,CUST-00194,2026-04-12,409.18
TX-0004057,CUST-00194,2026-04-24,531.95
TX-0004058,CUST-00194,2025-12-24,565.14
TX-0004059,CUST-00194,2026-07-18,449.61
TX-0004060,CUST-00194,2026-01-17,579.86
TX-0004061,CUST-00194,2026-01-23,465.63
TX-0004062,CUST-00194,2026-02-16,552.74
TX-0004063,CUST-00194,2026-06-12,609.95
TX-0004064,CUST-00194,2026-07-05,448.71
TX-0004065,CUST-00194,2026-01-05,521.49
TX-0004066,CUST-00194,2026-07-31,503.9
TX-0004067,CUST-00194,2026-02-21,597.05
TX-0004068,CUST-00194,2026-07-01,514.99
TX-0004069,CUST-00194,2026-07-29,647.44
TX-0004070,CUST-00194,2026-03-21,524.58
TX-0004071,CUST-00194,2026-03-25,539.7
TX-0004072,CUST-00194,2026-06-20,436.79
TX-0004073,CUST-00194,2026-04-24,569.34
TX-0004074,CUST-00194,2026-04-22,472.48
TX-0004075,CUST-00194,2026-07-02,407.85
TX-0004076,CUST-00194,2025-12-14,408.08
TX-0004077,CUST-00195,2026-08-28,495.5
TX-0004078,CUST-00195,2025-11-29,549.67
TX-0004079,CUST-00195,2026-06-04,438.85
TX-0004080,CUST-00195,2026-05-07,533.35
TX-0004081,CUST-00195,2026-01-27,448.87
TX-0004082,CUST-00195,2026-04-20,509.09
TX-0004083,CUST-00195,2026-04-09,453.99
TX-0004084,CUST-00195,2026-07-31,541.26
TX-0004085,CUST-00195,2026-07-03,527.44
TX-0004086,CUST-00195,2025-12-13,428.36
TX-0004087,CUST-00195,2026-03-28,477.9
TX-0004088,CUST-00195,2026-04-02,513.06
TX-0004089,CUST-00195,2026-04-12,626.98
TX-0004090,CUST-00195,2025-11-12,522.48
TX-0004091,CUST-00195,2025-12-23,456.41
TX-0004092,CUST-00195,2026-07-17,488.02
TX-0004093,CUST-00195,2026-07-23,505.19
TX-0004094,CUST-00195,2026-07-20,567.17
TX-0004095,CUST-00195,2025-12-18,541.48
TX-0004096,CUST-00195,2026-08-07,560.02
TX-0004097,CUST-00195,2026-06-24,409.3
TX-0004098,CUST-00195,2026-07-04,597.92
TX-0004099,CUST-00195,2026-06-27,422.79
TX-0004100,CUST-00195,2026-02-15,634.39
TX-0004101,CUST-00196,2026-08-24,494.66
TX-0004102,CUST-00196,2026-02-15,608.31
TX-0004103,CUST-00196,2026-03-30,451.18
TX-0004104,CUST-00196,2026-04-09,489.25
TX-0004105,CUST-00196,2026-02-25,628.17
TX-0004106,CUST-00196,2025-11-20,562.72
TX-0004107,CUST-00196,2025-11-12,427.69
TX-0004108,CUST-00196,2026-03-25,461.33
TX-0004109,CUST-00196,2026-04-03,621.23
TX-0004110,CUST-00196,2026-07-01,413.58
TX-0004111,CUST-00196,2026-01-16,576.11
TX-0004112,CUST-00196,2026-04-02,609.59
TX-0004113,CUST-00196,2026-06-26,418.66
TX-0004114,CUST-00196,2025-12-24,409.33
TX-0004115,CUST-00196,2025-12-20,407.02
TX-0004116,CUST-00196,2026-03-31,455.32
TX-0004117,CUST-00196,2025-12-19,548.43
TX-0004118,CUST-00196,2026-08-02,408.85
TX-0004119,CUST-00196,2026-02-02,581.79
TX-0004120,CUST-00197,2026-08-30,587.48
TX-0004121,CUST-00197,2026-02-09,414.83
TX-0004122,CUST-00197,2026-01-29,592.44
TX-0004123,CUST-00197,2026-05-31,497.39
TX-0004124,CUST-00197,2025-11-04,421.66
TX-0004125,CUST-00197,2025-12-19,540.18
TX-0004126,CUST-00197,2026-06-16,526.17
TX-0004127,CUST-00197,2025-11-12,483.63
TX-0004128,CUST-00197,2026-03-26,622.69
TX-0004129,CUST-00197,2026-01-22,632.13
TX-0004130,CUST-00197,2025-11-18,626.95
TX-0004131,CUST-00197,2025-11-06,432.92
TX-0004132,CUST-00197,2026-05-17,599.0
TX-0004133,CUST-00197,2025-12-29,561.09
TX-0004134,CUST-00197,2026-04-14,469.72
TX-0004135,CUST-00197,2025-11-13,451.11
TX-0004136,CUST-00197,2025-12-18,524.89
TX-0004137,CUST-00197,2026-03-20,440.46
TX-0004138,CUST-00197,2025-12-18,580.63
TX-0004139,CUST-00197,2026-07-21,573.27
TX-0004140,CUST-00197,2026-07-27,612.15
TX-0004141,CUST-00197,2026-05-08,577.36
TX-0004142,CUST-00197,2026-05-15,439.19
TX-0004143,CUST-00198,2026-08-25,438.17
TX-0004144,CUST-00198,2025-11-12,572.96
TX-0004145,CUST-00198,2026-07-23,526.46
TX-0004146,CUST-00198,2026-03-12,576.62
TX-0004147,CUST-00198,2026-02-09,522.19
TX-0004148,CUST-00198,2026-02-20,457.73
TX-0004149,CUST-00198,2026-01-13,494.63
TX-0004150,CUST-00198,2025-12-07,427.48
TX-0004151,CUST-00198,2026-04-26,549.39
TX-0004152,CUST-00198,2026-06-19,611.63
TX-0004153,CUST-00198,2026-05-28,544.76
TX-0004154,CUST-00198,2026-04-18,462.46
TX-0004155,CUST-00198,2026-07-19,509.21
TX-0004156,CUST-00198,2025-11-11,527.3
TX-0004157,CUST-00198,2025-12-13,517.37
TX-0004158,CUST-00198,2026-01-10,494.76
TX-0004159,CUST-00199,2026-08-29,484.24
TX-0004160,CUST-00199,2026-03-01,437.73
TX-0004161,CUST-00199,2026-01-23,618.26
TX-0004162,CUST-00199,2026-07-19,626.4
TX-0004163,CUST-00199,2025-12-06,512.95
TX-0004164,CUST-00199,2025-12-07,471.02
TX-0004165,CUST-00199,2026-02-14,638.68
TX-0004166,CUST-00199,2026-03-24,581.76
TX-0004167,CUST-00199,2026-03-26,572.2
TX-0004168,CUST-00199,2026-02-18,593.13
TX-0004169,CUST-00199,2025-11-26,590.8
TX-0004170,CUST-00199,2026-01-04,508.3
TX-0004171,CUST-00199,2026-05-29,524.97
TX-0004172,CUST-00199,2026-04-17,482.04
TX-0004173,CUST-00199,2025-11-19,526.99
TX-0004174,CUST-00199,2026-03-06,518.01
TX-0004175,CUST-00199,2026-05-07,559.85
TX-0004176,CUST-00199,2026-04-13,530.01
TX-0004177,CUST-00199,2026-07-09,617.3
TX-0004178,CUST-00199,2026-02-17,489.75
TX-0004179,CUST-00200,2026-08-28,538.35
TX-0004180,CUST-00200,2026-06-16,575.51
TX-0004181,CUST-00200,2026-05-26,620.29
TX-0004182,CUST-00200,2026-07-30,643.33
TX-0004183,CUST-00200,2025-12-16,575.95
TX-0004184,CUST-00200,2026-05-24,451.12
TX-0004185,CUST-00200,2026-02-03,474.02
TX-0004186,CUST-00200,2025-12-07,472.85
TX-0004187,CUST-00200,2026-03-20,515.71
TX-0004188,CUST-00200,2026-01-24,618.0
TX-0004189,CUST-00200,2026-04-12,564.64
TX-0004190,CUST-00200,2026-01-11,443.33
TX-0004191,CUST-00200,2026-03-18,619.35
TX-0004192,CUST-00200,2026-05-27,432.09
TX-0004193,CUST-00200,2026-04-23,644.06
TX-0004194,CUST-00200,2026-06-17,434.16
TX-0004195,CUST-00200,2025-11-06,556.51
TX-0004196,CUST-00200,2026-05-15,433.34
TX-0004197,CUST-00201,2026-08-28,589.75
TX-0004198,CUST-00201,2026-04-03,598.3
TX-0004199,CUST-00201,2026-06-30,539.22
TX-0004200,CUST-00201,2025-12-06,603.42
TX-0004201,CUST-00201,2026-06-29,451.92
TX-0004202,CUST-00201,2026-07-21,400.6
TX-0004203,CUST-00201,2026-03-17,448.67
TX-0004204,CUST-00201,2026-02-13,581.06
TX-0004205,CUST-00201,2025-11-12,452.19
TX-0004206,CUST-00201,2026-07-07,562.27
TX-0004207,CUST-00201,2026-06-14,404.5
TX-0004208,CUST-00201,2026-03-16,589.64
TX-0004209,CUST-00201,2026-04-12,636.7
TX-0004210,CUST-00201,2025-11-21,533.57
TX-0004211,CUST-00201,2026-06-30,512.44
TX-0004212,CUST-00201,2026-07-10,450.72
TX-0004213,CUST-00201,2025-12-06,572.73
TX-0004214,CUST-00201,2026-02-18,485.31
TX-0004215,CUST-00201,2026-03-16,567.37
TX-0004216,CUST-00201,2026-06-01,595.71
TX-0004217,CUST-00201,2026-07-22,405.63
TX-0004218,CUST-00201,2026-06-08,428.61
TX-0004219,CUST-00202,2026-08-28,434.12
TX-0004220,CUST-00202,2026-04-02,502.79
TX-0004221,CUST-00202,2026-05-15,510.41
TX-0004222,CUST-00202,2026-07-13,629.16
TX-0004223,CUST-00202,2026-02-11,549.79
TX-0004224,CUST-00202,2026-04-25,526.73
TX-0004225,CUST-00202,2025-12-08,478.55
TX-0004226,CUST-00202,2025-12-13,543.75
TX-0004227,CUST-00202,2026-01-26,523.72
TX-0004228,CUST-00202,2025-11-27,609.49
TX-0004229,CUST-00202,2025-12-14,603.2
TX-0004230,CUST-00202,2026-06-10,438.28
TX-0004231,CUST-00202,2026-03-21,572.52
TX-0004232,CUST-00202,2026-04-02,570.93
TX-0004233,CUST-00202,2026-07-12,590.16
TX-0004234,CUST-00202,2026-05-21,471.16
TX-0004235,CUST-00202,2026-04-10,522.71
TX-0004236,CUST-00203,2026-08-29,586.68
TX-0004237,CUST-00203,2026-02-05,518.01
TX-0004238,CUST-00203,2025-12-27,580.95
TX-0004239,CUST-00203,2026-03-22,578.22
TX-0004240,CUST-00203,2026-06-30,456.24
TX-0004241,CUST-00203,2026-01-16,578.78
TX-0004242,CUST-00203,2026-08-02,466.65
TX-0004243,CUST-00203,2026-03-09,613.83
TX-0004244,CUST-00203,2025-12-12,462.38
TX-0004245,CUST-00203,2026-01-17,638.49
TX-0004246,CUST-00203,2025-12-30,616.56
TX-0004247,CUST-00203,2026-04-22,551.8
TX-0004248,CUST-00203,2026-02-01,647.94
TX-0004249,CUST-00203,2026-03-05,428.76
TX-0004250,CUST-00203,2025-11-30,411.36
TX-0004251,CUST-00203,2026-01-01,505.91
TX-0004252,CUST-00203,2026-04-16,461.7
TX-0004253,CUST-00203,2026-05-07,589.34
TX-0004254,CUST-00204,2026-08-31,617.12
TX-0004255,CUST-00204,2026-08-15,583.73
TX-0004256,CUST-00204,2025-11-12,622.13
TX-0004257,CUST-00204,2026-08-13,463.64
TX-0004258,CUST-00204,2026-02-10,405.14
TX-0004259,CUST-00204,2026-05-05,647.78
TX-0004260,CUST-00204,2026-06-03,566.2
TX-0004261,CUST-00204,2026-03-04,612.29
TX-0004262,CUST-00204,2026-07-02,611.97
TX-0004263,CUST-00204,2026-02-10,403.06
TX-0004264,CUST-00204,2026-04-13,518.01
TX-0004265,CUST-00204,2026-06-11,493.52
TX-0004266,CUST-00204,2026-03-02,628.71
TX-0004267,CUST-00204,2026-06-02,481.75
TX-0004268,CUST-00204,2026-03-04,619.37
TX-0004269,CUST-00204,2026-06-21,593.25
TX-0004270,CUST-00204,2026-08-05,635.7
TX-0004271,CUST-00204,2026-02-04,411.66
TX-0004272,CUST-00204,2026-03-02,543.84
TX-0004273,CUST-00204,2026-08-14,596.6
TX-0004274,CUST-00204,2026-07-05,444.84
TX-0004275,CUST-00205,2026-08-30,437.38
TX-0004276,CUST-00205,2026-02-15,517.36
TX-0004277,CUST-00205,2026-01-19,562.81
TX-0004278,CUST-00205,2026-05-10,452.65
TX-0004279,CUST-00205,2026-05-21,642.24
TX-0004280,CUST-00205,2026-05-06,512.17
TX-0004281,CUST-00205,2026-08-03,454.9
TX-0004282,CUST-00205,2026-07-06,485.61
TX-0004283,CUST-00205,2025-11-04,475.67
TX-0004284,CUST-00205,2026-08-12,406.6
TX-0004285,CUST-00205,2026-03-22,420.9
TX-0004286,CUST-00205,2026-04-17,468.52
TX-0004287,CUST-00205,2025-11-06,576.16
TX-0004288,CUST-00205,2026-03-26,412.67
TX-0004289,CUST-00205,2026-04-10,442.91
TX-0004290,CUST-00205,2025-11-19,430.74
TX-0004291,CUST-00205,2026-03-01,526.41
TX-0004292,CUST-00205,2026-05-30,585.72
TX-0004293,CUST-00205,2025-12-04,461.67
TX-0004294,CUST-00205,2026-01-23,630.75
TX-0004295,CUST-00205,2026-03-21,464.71
TX-0004296,CUST-00205,2025-11-14,611.45
TX-0004297,CUST-00205,2026-08-05,539.88
TX-0004298,CUST-00205,2025-11-19,580.41
TX-0004299,CUST-00206,2026-08-29,460.07
TX-0004300,CUST-00206,2025-12-11,609.97
TX-0004301,CUST-00206,2025-12-29,419.64
TX-0004302,CUST-00206,2026-06-30,495.25
TX-0004303,CUST-00206,2026-01-27,613.51
TX-0004304,CUST-00206,2026-07-04,618.86
TX-0004305,CUST-00206,2026-07-09,457.43
TX-0004306,CUST-00206,2026-04-08,488.18
TX-0004307,CUST-00206,2026-03-17,429.53
TX-0004308,CUST-00206,2025-11-18,509.54
TX-0004309,CUST-00206,2026-01-22,572.58
TX-0004310,CUST-00206,2026-03-04,525.43
TX-0004311,CUST-00206,2026-01-12,554.14
TX-0004312,CUST-00206,2025-12-01,574.83
TX-0004313,CUST-00206,2025-12-01,533.12
TX-0004314,CUST-00206,2026-02-12,551.6
TX-0004315,CUST-00206,2026-06-10,508.28
TX-0004316,CUST-00206,2026-02-17,510.89
TX-0004317,CUST-00206,2026-04-18,589.4
TX-0004318,CUST-00207,2026-08-24,605.18
TX-0004319,CUST-00207,2025-11-09,550.44
TX-0004320,CUST-00207,2026-06-02,587.33
TX-0004321,CUST-00207,2026-06-20,519.75
TX-0004322,CUST-00207,2026-03-02,464.33
TX-0004323,CUST-00207,2026-08-09,641.68
TX-0004324,CUST-00207,2026-05-08,615.96
TX-0004325,CUST-00207,2026-03-16,463.54
TX-0004326,CUST-00207,2026-04-15,573.24
TX-0004327,CUST-00207,2026-04-08,600.84
TX-0004328,CUST-00207,2026-01-02,649.88
TX-0004329,CUST-00207,2026-05-02,461.1
TX-0004330,CUST-00207,2026-04-17,466.85
TX-0004331,CUST-00207,2026-07-14,498.51
TX-0004332,CUST-00207,2025-12-11,404.36
TX-0004333,CUST-00207,2026-07-08,467.92
TX-0004334,CUST-00208,2026-08-28,583.04
TX-0004335,CUST-00208,2026-02-21,426.4
TX-0004336,CUST-00208,2025-12-10,455.28
TX-0004337,CUST-00208,2026-05-19,427.15
TX-0004338,CUST-00208,2026-08-11,578.8
TX-0004339,CUST-00208,2026-04-15,464.15
TX-0004340,CUST-00208,2026-03-21,427.9
TX-0004341,CUST-00208,2026-01-19,646.32
TX-0004342,CUST-00208,2026-07-09,502.98
TX-0004343,CUST-00208,2025-11-18,612.91
TX-0004344,CUST-00208,2026-06-05,466.74
TX-0004345,CUST-00208,2026-05-09,602.12
TX-0004346,CUST-00208,2026-05-28,400.72
TX-0004347,CUST-00208,2026-02-18,506.98
TX-0004348,CUST-00208,2026-08-10,627.45
TX-0004349,CUST-00208,2026-03-18,560.45
TX-0004350,CUST-00208,2026-02-28,450.4
TX-0004351,CUST-00209,2026-08-28,569.31
TX-0004352,CUST-00209,2026-02-16,415.12
TX-0004353,CUST-00209,2025-12-05,544.85
TX-0004354,CUST-00209,2026-04-07,598.12
TX-0004355,CUST-00209,2026-05-31,430.51
TX-0004356,CUST-00209,2026-05-12,575.61
TX-0004357,CUST-00209,2025-12-30,496.51
TX-0004358,CUST-00209,2026-01-24,405.92
TX-0004359,CUST-00209,2025-12-23,451.52
TX-0004360,CUST-00209,2026-01-16,484.76
TX-0004361,CUST-00209,2026-02-15,424.99
TX-0004362,CUST-00209,2026-05-20,418.0
TX-0004363,CUST-00209,2026-08-06,629.16
TX-0004364,CUST-00209,2026-01-14,477.85
TX-0004365,CUST-00209,2026-02-06,647.31
TX-0004366,CUST-00209,2026-03-23,567.36
TX-0004367,CUST-00209,2026-03-17,530.23
TX-0004368,CUST-00209,2026-07-07,494.23
TX-0004369,CUST-00209,2026-02-24,639.7
TX-0004370,CUST-00209,2026-06-03,597.01
TX-0004371,CUST-00209,2026-04-15,483.11
TX-0004372,CUST-00209,2026-05-12,620.88
TX-0004373,CUST-00209,2026-07-06,612.4
TX-0004374,CUST-00210,2026-08-24,578.91
TX-0004375,CUST-00210,2025-11-11,601.56
TX-0004376,CUST-00210,2026-03-27,448.07
TX-0004377,CUST-00210,2026-08-06,611.19
TX-0004378,CUST-00210,2026-04-27,480.17
TX-0004379,CUST-00210,2026-03-25,527.5
TX-0004380,CUST-00210,2026-04-08,570.76
TX-0004381,CUST-00210,2026-05-04,434.3
TX-0004382,CUST-00210,2026-04-07,622.93
TX-0004383,CUST-00210,2026-07-12,409.02
TX-0004384,CUST-00210,2026-04-01,565.13
TX-0004385,CUST-00210,2026-03-22,621.93
TX-0004386,CUST-00210,2026-02-21,606.12
TX-0004387,CUST-00210,2026-05-11,455.67
TX-0004388,CUST-00210,2026-05-01,635.53
TX-0004389,CUST-00210,2026-05-01,621.49
TX-0004390,CUST-00210,2026-03-03,518.87
TX-0004391,CUST-00210,2026-01-01,512.77
TX-0004392,CUST-00211,2026-08-31,604.54
TX-0004393,CUST-00211,2025-12-05,514.06
TX-0004394,CUST-00211,2026-01-21,469.86
TX-0004395,CUST-00211,2026-05-11,430.79
TX-0004396,CUST-00211,2026-03-06,580.45
TX-0004397,CUST-00211,2026-03-11,458.53
TX-0004398,CUST-00211,2026-04-02,555.75
TX-0004399,CUST-00211,2025-11-10,430.6
TX-0004400,CUST-00211,2025-12-06,514.62
TX-0004401,CUST-00211,2026-03-29,441.7
TX-0004402,CUST-00211,2026-03-03,532.9
TX-0004403,CUST-00211,2026-02-25,439.34
TX-0004404,CUST-00211,2026-02-21,438.68
TX-0004405,CUST-00211,2025-12-15,477.85
TX-0004406,CUST-00211,2026-08-06,557.58
TX-0004407,CUST-00211,2026-02-19,609.79
TX-0004408,CUST-00211,2026-04-23,584.97
TX-0004409,CUST-00211,2025-12-20,556.3
TX-0004410,CUST-00212,2026-08-29,498.39
TX-0004411,CUST-00212,2026-04-25,494.76
TX-0004412,CUST-00212,2026-04-17,432.33
TX-0004413,CUST-00212,2026-08-06,505.99
TX-0004414,CUST-00212,2026-04-26,408.64
TX-0004415,CUST-00212,2026-07-05,468.78
TX-0004416,CUST-00212,2026-01-12,544.49
TX-0004417,CUST-00212,2026-03-12,601.54
TX-0004418,CUST-00212,2026-03-13,613.52
TX-0004419,CUST-00212,2026-04-05,599.02
TX-0004420,CUST-00212,2026-07-17,644.25
TX-0004421,CUST-00212,2025-11-26,403.69
TX-0004422,CUST-00212,2026-02-25,598.13
TX-0004423,CUST-00212,2026-05-24,482.97
TX-0004424,CUST-00212,2026-02-25,490.53
TX-0004425,CUST-00212,2026-01-09,415.15
TX-0004426,CUST-00212,2026-08-12,423.72
TX-0004427,CUST-00212,2026-05-02,424.6
TX-0004428,CUST-00212,2026-02-21,531.47
TX-0004429,CUST-00212,2026-07-13,513.87
TX-0004430,CUST-00213,2026-08-26,467.75
TX-0004431,CUST-00213,2026-08-07,594.35
TX-0004432,CUST-00213,2026-03-28,627.49
TX-0004433,CUST-00213,2026-04-09,420.37
TX-0004434,CUST-00213,2026-05-20,599.68
TX-0004435,CUST-00213,2025-12-02,503.42
TX-0004436,CUST-00213,2025-11-09,460.84
TX-0004437,CUST-00213,2026-07-30,547.77
TX-0004438,CUST-00213,2025-11-11,627.47
TX-0004439,CUST-00213,2026-01-30,479.31
TX-0004440,CUST-00213,2026-08-05,560.72
TX-0004441,CUST-00213,2025-12-17,518.96
TX-0004442,CUST-00213,2026-05-27,604.94
TX-0004443,CUST-00213,2026-04-22,487.13
TX-0004444,CUST-00213,2025-11-30,545.75
TX-0004445,CUST-00213,2026-04-01,644.28
TX-0004446,CUST-00213,2026-03-14,529.1
TX-0004447,CUST-00213,2026-04-24,498.73
TX-0004448,CUST-00214,2026-08-31,488.73
TX-0004449,CUST-00214,2026-05-29,580.73
TX-0004450,CUST-00214,2026-04-30,496.04
TX-0004451,CUST-00214,2026-05-25,554.24
TX-0004452,CUST-00214,2026-07-30,563.84
TX-0004453,CUST-00214,2026-07-20,526.24
TX-0004454,CUST-00214,2026-04-09,579.81
TX-0004455,CUST-00214,2026-06-09,589.56
TX-0004456,CUST-00214,2025-12-18,493.7
TX-0004457,CUST-00214,2026-07-26,481.76
TX-0004458,CUST-00214,2026-01-25,545.45
TX-0004459,CUST-00214,2026-06-21,557.95
TX-0004460,CUST-00214,2026-03-11,593.17
TX-0004461,CUST-00214,2026-07-15,447.51
TX-0004462,CUST-00214,2026-03-11,439.53
TX-0004463,CUST-00214,2026-05-18,501.81
TX-0004464,CUST-00214,2026-02-08,523.27
TX-0004465,CUST-00214,2026-08-10,494.9
TX-0004466,CUST-00214,2025-12-07,593.21
TX-0004467,CUST-00214,2026-07-22,531.57
TX-0004468,CUST-00214,2025-11-19,506.09
TX-0004469,CUST-00214,2026-01-12,597.02
TX-0004470,CUST-00215,2026-08-30,484.52
TX-0004471,CUST-00215,2026-05-26,426.46
TX-0004472,CUST-00215,2026-04-24,525.45
TX-0004473,CUST-00215,2026-06-22,558.55
TX-0004474,CUST-00215,2026-07-11,447.52
TX-0004475,CUST-00215,2026-07-11,642.27
TX-0004476,CUST-00215,2025-11-09,564.56
TX-0004477,CUST-00215,2025-11-22,522.47
TX-0004478,CUST-00215,2026-01-09,408.35
TX-0004479,CUST-00215,2026-03-05,539.58
TX-0004480,CUST-00215,2026-02-12,403.74
TX-0004481,CUST-00215,2025-12-13,554.99
TX-0004482,CUST-00215,2026-01-14,586.17
TX-0004483,CUST-00215,2026-03-28,554.6
TX-0004484,CUST-00215,2026-01-02,464.37
TX-0004485,CUST-00215,2025-11-11,500.18
TX-0004486,CUST-00215,2026-06-02,440.58
TX-0004487,CUST-00215,2026-07-31,559.04
TX-0004488,CUST-00215,2025-12-04,645.84
TX-0004489,CUST-00215,2025-12-03,575.53
TX-0004490,CUST-00215,2026-07-19,647.65
TX-0004491,CUST-00215,2026-01-21,484.81
TX-0004492,CUST-00216,2026-08-29,419.94
TX-0004493,CUST-00216,2026-07-24,455.42
TX-0004494,CUST-00216,2026-04-18,450.45
TX-0004495,CUST-00216,2026-05-08,638.38
TX-0004496,CUST-00216,2025-11-04,492.73
TX-0004497,CUST-00216,2026-04-04,577.31
TX-0004498,CUST-00216,2026-04-20,434.88
TX-0004499,CUST-00216,2025-12-31,484.23
TX-0004500,CUST-00216,2026-06-09,482.02
TX-0004501,CUST-00216,2026-06-13,453.76
TX-0004502,CUST-00216,2026-07-13,454.36
TX-0004503,CUST-00216,2026-05-01,626.44
TX-0004504,CUST-00216,2026-07-21,481.19
TX-0004505,CUST-00216,2026-05-20,532.11
TX-0004506,CUST-00216,2026-05-05,529.4
TX-0004507,CUST-00216,2026-03-31,410.86
TX-0004508,CUST-00216,2026-02-11,540.87
TX-0004509,CUST-00216,2026-04-29,570.24
TX-0004510,CUST-00216,2026-03-06,509.48
TX-0004511,CUST-00216,2026-07-05,487.54
TX-0004512,CUST-00216,2026-06-11,525.02
TX-0004513,CUST-00216,2025-12-01,406.51
TX-0004514,CUST-00217,2026-08-29,427.18
TX-0004515,CUST-00217,2026-02-02,415.72
TX-0004516,CUST-00217,2026-03-30,563.04
TX-0004517,CUST-00217,2026-04-23,600.46
TX-0004518,CUST-00217,2026-01-18,634.33
TX-0004519,CUST-00217,2025-11-15,506.4
TX-0004520,CUST-00217,2025-12-31,466.08
TX-0004521,CUST-00217,2026-02-22,557.05
TX-0004522,CUST-00217,2026-04-01,555.59
TX-0004523,CUST-00217,2026-05-15,415.94
TX-0004524,CUST-00217,2026-06-12,452.5
TX-0004525,CUST-00217,2026-07-01,430.98
TX-0004526,CUST-00217,2026-03-01,631.57
TX-0004527,CUST-00217,2026-08-11,550.46
TX-0004528,CUST-00217,2026-04-20,636.87
TX-0004529,CUST-00217,2026-05-04,531.77
TX-0004530,CUST-00217,2025-12-18,573.95
TX-0004531,CUST-00217,2026-05-16,519.41
TX-0004532,CUST-00217,2026-05-30,604.28
TX-0004533,CUST-00217,2026-01-14,602.11
TX-0004534,CUST-00217,2026-02-07,646.84
TX-0004535,CUST-00217,2026-05-01,586.77
TX-0004536,CUST-00217,2026-03-04,550.7
TX-0004537,CUST-00218,2026-08-26,587.43
TX-0004538,CUST-00218,2026-01-13,621.44
TX-0004539,CUST-00218,2026-07-29,487.33
TX-0004540,CUST-00218,2026-02-06,470.07
TX-0004541,CUST-00218,2026-02-20,548.64
TX-0004542,CUST-00218,2026-01-09,597.75
TX-0004543,CUST-00218,2026-04-01,505.03
TX-0004544,CUST-00218,2026-03-20,483.46
TX-0004545,CUST-00218,2026-05-06,442.26
TX-0004546,CUST-00218,2026-05-29,628.03
TX-0004547,CUST-00218,2026-07-28,477.24
TX-0004548,CUST-00218,2025-11-07,460.37
TX-0004549,CUST-00218,2025-11-12,580.77
TX-0004550,CUST-00218,2026-03-01,574.22
TX-0004551,CUST-00218,2026-07-29,560.99
TX-0004552,CUST-00218,2026-01-22,626.39
TX-0004553,CUST-00218,2026-02-08,540.87
TX-0004554,CUST-00218,2026-07-23,467.71
TX-0004555,CUST-00218,2025-11-17,577.05
TX-0004556,CUST-00218,2026-03-24,537.14
TX-0004557,CUST-00219,2026-08-29,495.66
TX-0004558,CUST-00219,2025-12-15,593.47
TX-0004559,CUST-00219,2026-01-20,578.57
TX-0004560,CUST-00219,2025-12-19,578.83
TX-0004561,CUST-00219,2025-12-04,548.85
TX-0004562,CUST-00219,2026-04-28,641.77
TX-0004563,CUST-00219,2026-07-12,557.99
TX-0004564,CUST-00219,2026-08-05,579.23
TX-0004565,CUST-00219,2026-03-31,472.05
TX-0004566,CUST-00219,2026-07-05,537.51
TX-0004567,CUST-00219,2026-05-03,627.28
TX-0004568,CUST-00219,2026-05-11,489.2
TX-0004569,CUST-00219,2026-06-25,544.1
TX-0004570,CUST-00219,2026-02-05,499.0
TX-0004571,CUST-00219,2026-07-18,541.21
TX-0004572,CUST-00219,2025-12-15,534.46
TX-0004573,CUST-00219,2026-06-26,549.41
TX-0004574,CUST-00219,2026-01-17,541.84
TX-0004575,CUST-00219,2026-01-06,490.39
TX-0004576,CUST-00219,2025-12-17,462.19
TX-0004577,CUST-00219,2025-11-16,540.3
TX-0004578,CUST-00219,2026-01-26,406.78
TX-0004579,CUST-00220,2026-08-25,596.51
TX-0004580,CUST-00220,2026-06-15,576.29
TX-0004581,CUST-00220,2026-07-29,642.2
TX-0004582,CUST-00220,2025-11-08,468.6
TX-0004583,CUST-00220,2025-10-31,591.61
TX-0004584,CUST-00220,2026-05-12,557.3
TX-0004585,CUST-00220,2025-12-25,549.44
TX-0004586,CUST-00220,2026-07-26,401.3
TX-0004587,CUST-00220,2025-11-18,414.44
TX-0004588,CUST-00220,2026-07-05,464.41
TX-0004589,CUST-00220,2026-05-31,626.74
TX-0004590,CUST-00220,2026-03-16,599.22
TX-0004591,CUST-00220,2025-12-06,609.58
TX-0004592,CUST-00220,2026-01-13,497.85
TX-0004593,CUST-00220,2026-03-16,615.96
TX-0004594,CUST-00220,2026-01-11,585.79
TX-0004595,CUST-00220,2026-03-17,625.39
TX-0004596,CUST-00220,2026-02-21,532.14
TX-0004597,CUST-00220,2026-01-09,622.54
TX-0004598,CUST-00220,2026-04-03,602.89
TX-0004599,CUST-00220,2026-05-30,413.46
TX-0004600,CUST-00220,2026-08-10,532.07
TX-0004601,CUST-00220,2025-11-22,418.4
TX-0004602,CUST-00220,2025-11-05,401.38
TX-0004603,CUST-00220,2026-01-09,579.54
TX-0004604,CUST-00221,2026-08-30,495.39
TX-0004605,CUST-00221,2025-11-13,406.82
TX-0004606,CUST-00221,2026-08-06,406.73
TX-0004607,CUST-00221,2026-03-11,646.68
TX-0004608,CUST-00221,2025-12-28,644.94
TX-0004609,CUST-00221,2026-05-11,520.68
TX-0004610,CUST-00221,2026-06-16,425.11
TX-0004611,CUST-00221,2026-03-20,549.93
TX-0004612,CUST-00221,2026-02-07,462.77
TX-0004613,CUST-00221,2026-02-22,624.92
TX-0004614,CUST-00221,2026-02-25,400.24
TX-0004615,CUST-00221,2026-06-11,452.48
TX-0004616,CUST-00221,2026-03-17,430.97
TX-0004617,CUST-00221,2026-06-29,556.48
TX-0004618,CUST-00221,2025-12-29,425.67
TX-0004619,CUST-00221,2026-01-17,621.76
TX-0004620,CUST-00221,2026-07-14,631.65
TX-0004621,CUST-00221,2026-02-08,449.35
TX-0004622,CUST-00221,2026-04-07,421.32
TX-0004623,CUST-00221,2026-06-10,640.49
TX-0004624,CUST-00221,2026-07-03,640.59
TX-0004625,CUST-00221,2026-04-29,481.45
TX-0004626,CUST-00221,2026-03-30,527.5
TX-0004627,CUST-00221,2026-05-24,644.92
TX-0004628,CUST-00221,2026-03-17,455.31
TX-0004629,CUST-00222,2026-08-29,431.27
TX-0004630,CUST-00222,2026-04-14,495.71
TX-0004631,CUST-00222,2025-12-04,614.18
TX-0004632,CUST-00222,2026-07-05,546.01
TX-0004633,CUST-00222,2026-04-11,501.66
TX-0004634,CUST-00222,2026-06-27,403.08
TX-0004635,CUST-00222,2026-07-05,468.34
TX-0004636,CUST-00222,2026-07-28,494.19
TX-0004637,CUST-00222,2025-12-06,602.55
TX-0004638,CUST-00222,2026-01-21,636.85
TX-0004639,CUST-00222,2026-08-10,506.75
TX-0004640,CUST-00222,2026-01-25,566.34
TX-0004641,CUST-00222,2026-02-21,454.26
TX-0004642,CUST-00222,2026-05-20,532.46
TX-0004643,CUST-00222,2026-04-24,599.16
TX-0004644,CUST-00222,2026-04-05,456.94
TX-0004645,CUST-00222,2026-04-23,648.37
TX-0004646,CUST-00222,2026-07-13,638.97
TX-0004647,CUST-00222,2026-06-03,602.26
TX-0004648,CUST-00222,2025-12-18,598.73
TX-0004649,CUST-00222,2025-11-20,452.04
TX-0004650,CUST-00222,2026-02-15,589.19
TX-0004651,CUST-00222,2026-06-15,586.42
TX-0004652,CUST-00222,2026-05-29,445.28
TX-0004653,CUST-00222,2026-04-26,482.03
TX-0004654,CUST-00222,2026-03-31,543.45
TX-0004655,CUST-00223,2026-08-27,592.26
TX-0004656,CUST-00223,2026-08-02,569.04
TX-0004657,CUST-00223,2026-05-29,519.72
TX-0004658,CUST-00223,2026-07-21,483.86
TX-0004659,CUST-00223,2026-06-07,402.56
TX-0004660,CUST-00223,2025-12-25,484.87
TX-0004661,CUST-00223,2026-06-01,542.98
TX-0004662,CUST-00223,2025-12-28,415.58
TX-0004663,CUST-00223,2026-05-27,411.19
TX-0004664,CUST-00223,2025-11-06,560.35
TX-0004665,CUST-00223,2026-03-04,484.37
TX-0004666,CUST-00223,2025-11-20,436.83
TX-0004667,CUST-00223,2025-11-12,546.1
TX-0004668,CUST-00223,2026-07-26,569.78
TX-0004669,CUST-00223,2026-03-14,601.63
TX-0004670,CUST-00223,2026-02-26,624.1
TX-0004671,CUST-00223,2026-04-25,572.51
TX-0004672,CUST-00223,2026-05-21,457.47
TX-0004673,CUST-00223,2026-02-08,499.79
TX-0004674,CUST-00223,2026-05-21,401.7
TX-0004675,CUST-00223,2025-11-13,617.11
TX-0004676,CUST-00223,2025-11-08,472.71
TX-0004677,CUST-00223,2025-11-01,479.28
TX-0004678,CUST-00223,2025-12-15,514.71
TX-0004679,CUST-00223,2025-12-13,476.15
TX-0004680,CUST-00224,2026-08-24,566.4
TX-0004681,CUST-00224,2025-11-02,432.62
TX-0004682,CUST-00224,2026-04-11,477.35
TX-0004683,CUST-00224,2026-03-01,569.19
TX-0004684,CUST-00224,2026-07-02,458.18
TX-0004685,CUST-00224,2025-12-24,577.84
TX-0004686,CUST-00224,2026-06-26,505.5
TX-0004687,CUST-00224,2026-05-31,578.22
TX-0004688,CUST-00224,2026-01-03,423.72
TX-0004689,CUST-00224,2026-03-02,613.0
TX-0004690,CUST-00224,2026-01-15,484.82
TX-0004691,CUST-00224,2026-05-01,590.95
TX-0004692,CUST-00224,2026-01-14,550.22
TX-0004693,CUST-00224,2026-07-17,539.62
TX-0004694,CUST-00224,2026-01-12,649.81
TX-0004695,CUST-00224,2025-11-23,544.64
TX-0004696,CUST-00224,2025-12-22,586.07
TX-0004697,CUST-00224,2025-12-06,613.95
TX-0004698,CUST-00224,2025-11-10,448.27
TX-0004699,CUST-00224,2025-10-31,441.36
TX-0004700,CUST-00225,2026-08-27,542.68
TX-0004701,CUST-00225,2026-04-06,599.51
TX-0004702,CUST-00225,2026-07-26,632.93
TX-0004703,CUST-00225,2026-04-16,579.48
TX-0004704,CUST-00225,2026-03-26,449.2
TX-0004705,CUST-00225,2026-03-13,405.45
TX-0004706,CUST-00225,2026-05-30,525.94
TX-0004707,CUST-00225,2026-03-10,583.86
TX-0004708,CUST-00225,2025-12-17,562.37
TX-0004709,CUST-00225,2026-05-02,401.43
TX-0004710,CUST-00225,2025-12-04,428.87
TX-0004711,CUST-00225,2025-11-08,630.58
TX-0004712,CUST-00225,2026-04-07,481.27
TX-0004713,CUST-00225,2026-05-31,509.1
TX-0004714,CUST-00225,2026-04-28,572.49
TX-0004715,CUST-00225,2026-05-03,416.82
TX-0004716,CUST-00225,2025-11-02,500.7
TX-0004717,CUST-00225,2026-05-30,481.23
TX-0004718,CUST-00225,2026-03-05,440.74
TX-0004719,CUST-00226,2026-08-26,467.72
TX-0004720,CUST-00226,2026-03-14,538.47
TX-0004721,CUST-00226,2026-04-23,523.18
TX-0004722,CUST-00226,2025-12-28,639.0
TX-0004723,CUST-00226,2026-04-19,432.67
TX-0004724,CUST-00226,2025-12-03,576.2
TX-0004725,CUST-00226,2026-07-17,573.14
TX-0004726,CUST-00226,2026-04-27,485.98
TX-0004727,CUST-00226,2026-03-11,401.41
TX-0004728,CUST-00226,2025-11-05,551.63
TX-0004729,CUST-00226,2026-02-18,500.58
TX-0004730,CUST-00226,2026-03-10,410.13
TX-0004731,CUST-00226,2026-05-02,443.41
TX-0004732,CUST-00226,2026-02-15,528.57
TX-0004733,CUST-00226,2025-11-16,596.77
TX-0004734,CUST-00226,2026-02-05,550.36
TX-0004735,CUST-00226,2025-12-07,603.82
TX-0004736,CUST-00226,2026-07-23,572.72
TX-0004737,CUST-00226,2025-11-20,578.9
TX-0004738,CUST-00227,2026-08-29,453.46
TX-0004739,CUST-00227,2026-06-20,449.54
TX-0004740,CUST-00227,2025-12-31,530.95
TX-0004741,CUST-00227,2026-07-07,564.82
TX-0004742,CUST-00227,2026-01-17,426.27
TX-0004743,CUST-00227,2026-08-07,479.82
TX-0004744,CUST-00227,2026-01-04,447.96
TX-0004745,CUST-00227,2025-11-06,475.75
TX-0004746,CUST-00227,2026-01-07,455.52
TX-0004747,CUST-00227,2026-06-19,493.46
TX-0004748,CUST-00227,2026-03-01,551.46
TX-0004749,CUST-00227,2026-01-04,491.14
TX-0004750,CUST-00227,2025-12-23,556.49
TX-0004751,CUST-00227,2026-03-30,611.62
TX-0004752,CUST-00227,2026-07-16,542.26
TX-0004753,CUST-00227,2026-05-24,575.9
TX-0004754,CUST-00227,2026-08-06,605.02
TX-0004755,CUST-00227,2026-04-04,646.8
TX-0004756,CUST-00228,2026-08-30,449.24
TX-0004757,CUST-00228,2025-11-11,596.69
TX-0004758,CUST-00228,2026-02-25,533.7
TX-0004759,CUST-00228,2026-05-24,528.48
TX-0004760,CUST-00228,2025-12-15,552.72
TX-0004761,CUST-00228,2026-02-22,534.43
TX-0004762,CUST-00228,2026-08-02,512.08
TX-0004763,CUST-00228,2025-12-03,627.01
TX-0004764,CUST-00228,2026-01-25,412.74
TX-0004765,CUST-00228,2026-03-29,621.0
TX-0004766,CUST-00228,2025-12-23,536.67
TX-0004767,CUST-00228,2026-01-12,405.6
TX-0004768,CUST-00228,2026-03-08,413.65
TX-0004769,CUST-00228,2026-05-14,480.09
TX-0004770,CUST-00228,2026-02-17,628.23
TX-0004771,CUST-00228,2026-06-01,489.45
TX-0004772,CUST-00228,2025-12-13,629.59
TX-0004773,CUST-00228,2025-12-02,405.26
TX-0004774,CUST-00228,2026-06-08,577.47
TX-0004775,CUST-00228,2026-07-23,589.21
TX-0004776,CUST-00228,2026-04-26,564.19
TX-0004777,CUST-00228,2026-04-02,553.04
TX-0004778,CUST-00228,2026-01-17,579.66
TX-0004779,CUST-00228,2026-01-21,421.47
TX-0004780,CUST-00228,2026-07-01,433.18
TX-0004781,CUST-00229,2026-08-30,628.39
TX-0004782,CUST-00229,2025-11-21,599.35
TX-0004783,CUST-00229,2026-07-13,543.57
TX-0004784,CUST-00229,2026-06-23,446.81
TX-0004785,CUST-00229,2026-05-03,466.77
TX-0004786,CUST-00229,2025-12-31,607.23
TX-0004787,CUST-00229,2026-07-05,561.54
TX-0004788,CUST-00229,2026-02-14,645.97
TX-0004789,CUST-00229,2026-02-01,419.81
TX-0004790,CUST-00229,2026-04-24,626.96
TX-0004791,CUST-00229,2026-02-13,514.08
TX-0004792,CUST-00229,2026-07-14,564.92
TX-0004793,CUST-00229,2025-12-08,519.28
TX-0004794,CUST-00229,2025-12-30,532.83
TX-0004795,CUST-00229,2026-04-09,418.15
TX-0004796,CUST-00229,2026-01-07,596.77
TX-0004797,CUST-00229,2026-07-10,498.64
TX-0004798,CUST-00229,2026-03-09,496.71
TX-0004799,CUST-00229,2026-05-28,500.63
TX-0004800,CUST-00229,2026-05-16,554.5
TX-0004801,CUST-00229,2026-05-19,443.13
TX-0004802,CUST-00229,2026-08-08,617.34
TX-0004803,CUST-00229,2025-11-12,514.65
TX-0004804,CUST-00229,2026-06-18,481.75
TX-0004805,CUST-00229,2026-08-02,409.21
TX-0004806,CUST-00229,2025-11-13,498.22
TX-0004807,CUST-00230,2026-08-24,487.32
TX-0004808,CUST-00230,2026-01-13,642.01
TX-0004809,CUST-00230,2026-06-30,507.19
TX-0004810,CUST-00230,2026-05-23,506.59
TX-0004811,CUST-00230,2026-07-17,452.89
TX-0004812,CUST-00230,2025-11-30,490.29
TX-0004813,CUST-00230,2026-03-02,564.49
TX-0004814,CUST-00230,2026-04-21,625.43
TX-0004815,CUST-00230,2025-11-07,560.6
TX-0004816,CUST-00230,2026-03-23,433.04
TX-0004817,CUST-00230,2026-07-04,625.48
TX-0004818,CUST-00230,2026-03-07,471.26
TX-0004819,CUST-00230,2026-06-02,619.48
TX-0004820,CUST-00230,2026-07-25,478.52
TX-0004821,CUST-00230,2026-08-04,534.21
TX-0004822,CUST-00230,2026-05-05,519.18
TX-0004823,CUST-00230,2026-05-10,466.08
TX-0004824,CUST-00230,2026-07-03,409.21
TX-0004825,CUST-00230,2026-02-27,439.41
TX-0004826,CUST-00230,2025-11-11,543.85
TX-0004827,CUST-00230,2025-11-29,522.24
TX-0004828,CUST-00230,2026-04-22,577.11
TX-0004829,CUST-00230,2026-08-05,435.31
TX-0004830,CUST-00230,2026-05-23,563.98
TX-0004831,CUST-00231,2026-08-27,592.52
TX-0004832,CUST-00231,2026-05-02,624.28
TX-0004833,CUST-00231,2025-12-21,446.05
TX-0004834,CUST-00231,2025-11-13,422.87
TX-0004835,CUST-00231,2026-06-25,595.88
TX-0004836,CUST-00231,2025-11-27,628.46
TX-0004837,CUST-00231,2025-11-22,474.55
TX-0004838,CUST-00231,2025-12-07,610.09
TX-0004839,CUST-00231,2026-03-13,605.7
TX-0004840,CUST-00231,2026-02-06,537.09
TX-0004841,CUST-00231,2026-07-02,419.8
TX-0004842,CUST-00231,2026-04-13,639.3
TX-0004843,CUST-00231,2026-04-13,487.63
TX-0004844,CUST-00231,2026-02-18,489.08
TX-0004845,CUST-00231,2026-04-27,636.25
TX-0004846,CUST-00231,2026-03-15,415.68
TX-0004847,CUST-00231,2026-07-10,597.41
TX-0004848,CUST-00231,2026-01-03,537.35
TX-0004849,CUST-00231,2026-07-07,408.62
TX-0004850,CUST-00231,2025-11-26,456.06
TX-0004851,CUST-00231,2026-05-30,403.55
TX-0004852,CUST-00232,2026-08-30,584.58
TX-0004853,CUST-00232,2025-11-16,613.86
TX-0004854,CUST-00232,2025-12-03,497.48
TX-0004855,CUST-00232,2026-02-24,479.85
TX-0004856,CUST-00232,2025-11-04,592.34
TX-0004857,CUST-00232,2026-05-06,534.34
TX-0004858,CUST-00232,2026-06-04,480.33
TX-0004859,CUST-00232,2026-06-13,528.84
TX-0004860,CUST-00232,2026-03-14,403.42
TX-0004861,CUST-00232,2026-01-14,639.85
TX-0004862,CUST-00232,2026-03-04,547.29
TX-0004863,CUST-00232,2025-12-27,452.87
TX-0004864,CUST-00232,2026-01-09,584.32
TX-0004865,CUST-00232,2026-07-01,423.79
TX-0004866,CUST-00232,2026-02-27,564.55
TX-0004867,CUST-00232,2026-04-10,608.89
TX-0004868,CUST-00232,2026-06-18,619.41
TX-0004869,CUST-00232,2026-06-17,515.37
TX-0004870,CUST-00233,2026-08-31,449.45
TX-0004871,CUST-00233,2026-07-17,470.69
TX-0004872,CUST-00233,2026-07-04,524.1
TX-0004873,CUST-00233,2026-01-15,446.68
TX-0004874,CUST-00233,2026-03-16,648.16
TX-0004875,CUST-00233,2026-07-01,549.84
TX-0004876,CUST-00233,2025-11-24,632.24
TX-0004877,CUST-00233,2025-12-22,561.97
TX-0004878,CUST-00233,2026-02-15,578.87
TX-0004879,CUST-00233,2026-07-09,402.42
TX-0004880,CUST-00233,2025-11-06,508.54
TX-0004881,CUST-00233,2026-07-22,489.44
TX-0004882,CUST-00233,2026-04-18,455.94
TX-0004883,CUST-00233,2025-11-28,620.01
TX-0004884,CUST-00233,2025-12-16,604.74
TX-0004885,CUST-00233,2026-01-25,438.52
TX-0004886,CUST-00233,2026-01-18,412.09
TX-0004887,CUST-00234,2026-08-26,492.36
TX-0004888,CUST-00234,2026-02-09,518.17
TX-0004889,CUST-00234,2026-03-12,522.29
TX-0004890,CUST-00234,2026-06-04,478.54
TX-0004891,CUST-00234,2026-07-13,504.6
TX-0004892,CUST-00234,2026-02-21,638.95
TX-0004893,CUST-00234,2026-03-21,534.62
TX-0004894,CUST-00234,2026-01-15,601.75
TX-0004895,CUST-00234,2026-05-02,428.38
TX-0004896,CUST-00234,2026-02-06,520.53
TX-0004897,CUST-00234,2026-01-12,543.11
TX-0004898,CUST-00234,2026-08-01,626.55
TX-0004899,CUST-00234,2026-05-03,638.2
TX-0004900,CUST-00234,2026-08-11,453.2
TX-0004901,CUST-00234,2025-11-18,445.05
TX-0004902,CUST-00234,2026-01-01,549.52
TX-0004903,CUST-00234,2025-11-03,444.33
TX-0004904,CUST-00234,2025-12-23,488.37
TX-0004905,CUST-00234,2026-04-26,515.21
TX-0004906,CUST-00234,2026-04-23,530.35
TX-0004907,CUST-00234,2026-04-08,520.04
TX-0004908,CUST-00234,2026-05-25,506.14
TX-0004909,CUST-00234,2026-03-14,627.08
TX-0004910,CUST-00234,2026-03-21,629.1
TX-0004911,CUST-00235,2026-08-31,592.2
TX-0004912,CUST-00235,2026-07-31,473.4
TX-0004913,CUST-00235,2026-01-03,466.08
TX-0004914,CUST-00235,2026-04-05,404.89
TX-0004915,CUST-00235,2026-07-02,405.41
TX-0004916,CUST-00235,2026-04-12,636.77
TX-0004917,CUST-00235,2025-11-05,590.56
TX-0004918,CUST-00235,2026-08-12,427.03
TX-0004919,CUST-00235,2025-12-03,585.94
TX-0004920,CUST-00235,2026-01-23,483.06
TX-0004921,CUST-00235,2026-03-26,565.44
TX-0004922,CUST-00235,2026-07-26,406.01
TX-0004923,CUST-00235,2026-03-27,583.1
TX-0004924,CUST-00235,2026-05-04,447.06
TX-0004925,CUST-00235,2026-04-12,533.13
TX-0004926,CUST-00235,2026-05-05,583.89
TX-0004927,CUST-00235,2025-11-15,612.07
TX-0004928,CUST-00235,2026-08-08,555.38
TX-0004929,CUST-00235,2026-03-03,550.8
TX-0004930,CUST-00235,2026-05-21,536.29
TX-0004931,CUST-00235,2026-07-31,574.57
TX-0004932,CUST-00235,2026-01-06,579.08
TX-0004933,CUST-00236,2026-08-27,568.11
TX-0004934,CUST-00236,2025-12-07,490.67
TX-0004935,CUST-00236,2025-12-03,404.92
TX-0004936,CUST-00236,2026-07-27,487.95
TX-0004937,CUST-00236,2025-11-19,515.53
TX-0004938,CUST-00236,2026-06-26,447.33
TX-0004939,CUST-00236,2026-03-03,457.55
TX-0004940,CUST-00236,2026-01-02,592.82
TX-0004941,CUST-00236,2025-11-29,495.73
TX-0004942,CUST-00236,2026-06-24,427.73
TX-0004943,CUST-00236,2026-06-12,421.78
TX-0004944,CUST-00236,2026-04-23,411.39
TX-0004945,CUST-00236,2026-01-16,483.41
TX-0004946,CUST-00236,2025-11-11,526.88
TX-0004947,CUST-00236,2026-07-13,605.66
TX-0004948,CUST-00236,2026-07-07,467.02
TX-0004949,CUST-00237,2026-08-28,495.89
TX-0004950,CUST-00237,2026-06-02,562.1
TX-0004951,CUST-00237,2025-11-08,537.7
TX-0004952,CUST-00237,2026-04-01,476.34
TX-0004953,CUST-00237,2026-03-15,413.66
TX-0004954,CUST-00237,2026-02-02,428.09
TX-0004955,CUST-00237,2026-08-11,621.05
TX-0004956,CUST-00237,2026-02-04,567.82
TX-0004957,CUST-00237,2026-05-20,455.29
TX-0004958,CUST-00237,2025-12-07,570.77
TX-0004959,CUST-00237,2025-11-24,474.78
TX-0004960,CUST-00237,2026-02-18,480.39
TX-0004961,CUST-00237,2025-12-13,623.34
TX-0004962,CUST-00237,2026-07-24,628.51
TX-0004963,CUST-00237,2026-05-22,430.08
TX-0004964,CUST-00237,2026-07-20,510.0
TX-0004965,CUST-00237,2026-05-21,620.97
TX-0004966,CUST-00237,2026-02-06,409.16
TX-0004967,CUST-00237,2026-02-14,626.55
TX-0004968,CUST-00237,2026-07-12,644.17
TX-0004969,CUST-00237,2026-02-09,637.48
TX-0004970,CUST-00237,2026-06-13,418.91
TX-0004971,CUST-00237,2026-05-03,402.18
TX-0004972,CUST-00237,2026-03-14,645.3
TX-0004973,CUST-00237,2025-11-29,407.01
TX-0004974,CUST-00237,2025-12-24,404.53
TX-0004975,CUST-00238,2026-08-29,611.73
TX-0004976,CUST-00238,2026-06-02,440.12
TX-0004977,CUST-00238,2026-04-20,597.66
TX-0004978,CUST-00238,2026-03-09,494.35
TX-0004979,CUST-00238,2026-02-24,436.43
TX-0004980,CUST-00238,2025-11-03,554.5
TX-0004981,CUST-00238,2026-08-04,509.85
TX-0004982,CUST-00238,2026-05-01,626.43
TX-0004983,CUST-00238,2026-08-08,605.3
TX-0004984,CUST-00238,2025-12-26,554.05
TX-0004985,CUST-00238,2026-02-06,621.99
TX-0004986,CUST-00238,2026-05-21,575.93
TX-0004987,CUST-00238,2026-04-22,501.11
TX-0004988,CUST-00238,2026-02-25,649.54
TX-0004989,CUST-00238,2026-08-04,646.13
TX-0004990,CUST-00238,2026-03-21,543.47
TX-0004991,CUST-00238,2026-08-10,624.33
TX-0004992,CUST-00239,2026-08-24,416.3
TX-0004993,CUST-00239,2025-12-31,480.66
TX-0004994,CUST-00239,2026-04-10,624.14
TX-0004995,CUST-00239,2026-01-03,585.56
TX-0004996,CUST-00239,2026-04-23,566.98
TX-0004997,CUST-00239,2026-04-13,500.81
TX-0004998,CUST-00239,2026-05-05,602.23
TX-0004999,CUST-00239,2026-05-18,571.21
TX-0005000,CUST-00239,2025-11-12,581.55
TX-0005001,CUST-00239,2025-12-12,479.97
TX-0005002,CUST-00239,2026-04-02,585.47
TX-0005003,CUST-00239,2026-07-10,434.52
TX-0005004,CUST-00239,2026-05-04,504.33
TX-0005005,CUST-00239,2026-07-25,636.92
TX-0005006,CUST-00239,2025-11-10,625.47
TX-0005007,CUST-00239,2026-07-27,609.58
TX-0005008,CUST-00239,2026-02-28,527.22
TX-0005009,CUST-00239,2026-01-21,621.73
TX-0005010,CUST-00239,2026-04-29,544.24
TX-0005011,CUST-00239,2026-07-07,400.64
TX-0005012,CUST-00239,2025-12-28,524.23
TX-0005013,CUST-00239,2025-11-12,543.16
TX-0005014,CUST-00239,2026-07-15,493.23
TX-0005015,CUST-00240,2026-08-31,481.79
TX-0005016,CUST-00240,2025-11-29,576.19
TX-0005017,CUST-00240,2026-07-24,573.56
TX-0005018,CUST-00240,2026-06-05,415.94
TX-0005019,CUST-00240,2025-11-11,496.25
TX-0005020,CUST-00240,2026-05-18,575.06
TX-0005021,CUST-00240,2025-12-19,604.95
TX-0005022,CUST-00240,2026-06-14,532.06
TX-0005023,CUST-00240,2026-04-03,410.15
TX-0005024,CUST-00240,2026-06-16,590.44
TX-0005025,CUST-00240,2025-11-06,598.35
TX-0005026,CUST-00240,2026-01-07,435.6
TX-0005027,CUST-00240,2026-01-07,537.76
TX-0005028,CUST-00240,2026-04-18,647.87
TX-0005029,CUST-00240,2026-01-30,563.52
TX-0005030,CUST-00240,2025-11-23,436.34
TX-0005031,CUST-00240,2026-01-01,512.72
TX-0005032,CUST-00240,2026-01-09,491.96
TX-0005033,CUST-00240,2026-02-16,558.13
TX-0005034,CUST-00240,2026-03-24,647.98
TX-0005035,CUST-00240,2026-01-01,443.47
TX-0005036,CUST-00240,2025-11-23,500.39
TX-0005037,CUST-00240,2026-08-02,517.0
TX-0005038,CUST-00241,2026-08-27,640.91
TX-0005039,CUST-00241,2026-05-29,627.87
TX-0005040,CUST-00241,2026-04-26,643.23
TX-0005041,CUST-00241,2025-11-01,567.45
TX-0005042,CUST-00241,2026-03-16,512.92
TX-0005043,CUST-00241,2025-12-13,405.95
TX-0005044,CUST-00241,2026-01-12,608.6
TX-0005045,CUST-00241,2026-03-24,568.31
TX-0005046,CUST-00241,2026-04-19,493.51
TX-0005047,CUST-00241,2026-04-29,407.93
TX-0005048,CUST-00241,2026-03-20,505.95
TX-0005049,CUST-00241,2026-04-18,456.2
TX-0005050,CUST-00241,2026-05-19,461.83
TX-0005051,CUST-00241,2026-02-27,479.44
TX-0005052,CUST-00241,2026-06-13,607.56
TX-0005053,CUST-00241,2026-07-12,544.41
TX-0005054,CUST-00241,2026-07-31,440.01
TX-0005055,CUST-00241,2026-03-15,538.14
TX-0005056,CUST-00242,2026-08-24,506.86
TX-0005057,CUST-00242,2026-06-15,527.37
TX-0005058,CUST-00242,2026-06-19,515.75
TX-0005059,CUST-00242,2026-05-05,493.26
TX-0005060,CUST-00242,2026-02-01,508.71
TX-0005061,CUST-00242,2026-01-14,594.84
TX-0005062,CUST-00242,2026-04-10,458.94
TX-0005063,CUST-00242,2026-01-05,468.42
TX-0005064,CUST-00242,2026-07-28,534.98
TX-0005065,CUST-00242,2026-01-07,607.72
TX-0005066,CUST-00242,2026-01-02,509.45
TX-0005067,CUST-00242,2026-03-01,449.03
TX-0005068,CUST-00242,2025-12-06,414.2
TX-0005069,CUST-00242,2025-12-25,499.81
TX-0005070,CUST-00242,2025-12-08,498.29
TX-0005071,CUST-00242,2026-04-25,429.47
TX-0005072,CUST-00242,2026-05-26,550.01
TX-0005073,CUST-00242,2025-12-29,438.01
TX-0005074,CUST-00242,2026-02-04,509.54
TX-0005075,CUST-00242,2026-02-14,483.6
TX-0005076,CUST-00242,2026-06-02,605.83
TX-0005077,CUST-00242,2026-03-05,499.17
TX-0005078,CUST-00242,2026-01-11,510.09
TX-0005079,CUST-00243,2026-08-29,510.13
TX-0005080,CUST-00243,2026-01-03,526.92
TX-0005081,CUST-00243,2026-04-06,604.06
TX-0005082,CUST-00243,2026-06-12,627.71
TX-0005083,CUST-00243,2026-01-02,545.7
TX-0005084,CUST-00243,2025-12-13,535.36
TX-0005085,CUST-00243,2026-02-12,471.96
TX-0005086,CUST-00243,2026-04-10,602.96
TX-0005087,CUST-00243,2025-12-13,466.8
TX-0005088,CUST-00243,2026-02-28,625.7
TX-0005089,CUST-00243,2025-12-16,506.12
TX-0005090,CUST-00243,2026-03-01,627.25
TX-0005091,CUST-00243,2026-07-11,407.0
TX-0005092,CUST-00243,2026-04-07,486.97
TX-0005093,CUST-00243,2026-03-06,487.86
TX-0005094,CUST-00243,2026-01-13,635.52
TX-0005095,CUST-00243,2026-06-03,470.3
TX-0005096,CUST-00244,2026-08-28,400.97
TX-0005097,CUST-00244,2026-07-09,581.89
TX-0005098,CUST-00244,2026-04-28,644.44
TX-0005099,CUST-00244,2026-04-10,572.85
TX-0005100,CUST-00244,2026-07-30,423.16
TX-0005101,CUST-00244,2026-02-01,422.04
TX-0005102,CUST-00244,2025-11-15,571.01
TX-0005103,CUST-00244,2026-04-08,506.9
TX-0005104,CUST-00244,2026-06-17,618.41
TX-0005105,CUST-00244,2026-03-16,450.39
TX-0005106,CUST-00244,2026-01-24,590.83
TX-0005107,CUST-00244,2026-04-17,473.66
TX-0005108,CUST-00244,2026-03-23,455.75
TX-0005109,CUST-00244,2025-12-12,494.73
TX-0005110,CUST-00244,2025-11-11,573.28
TX-0005111,CUST-00244,2026-01-31,611.65
TX-0005112,CUST-00244,2026-03-12,459.76
TX-0005113,CUST-00244,2026-08-08,578.22
TX-0005114,CUST-00244,2026-03-24,444.21
TX-0005115,CUST-00244,2025-12-11,503.11
TX-0005116,CUST-00244,2026-02-14,583.83
TX-0005117,CUST-00244,2025-12-03,460.81
TX-0005118,CUST-00245,2026-08-24,467.78
TX-0005119,CUST-00245,2026-04-23,448.78
TX-0005120,CUST-00245,2025-12-01,601.04
TX-0005121,CUST-00245,2026-05-01,520.85
TX-0005122,CUST-00245,2026-01-08,455.7
TX-0005123,CUST-00245,2026-01-26,595.26
TX-0005124,CUST-00245,2026-05-18,484.86
TX-0005125,CUST-00245,2025-11-13,407.65
TX-0005126,CUST-00245,2025-12-07,433.24
TX-0005127,CUST-00245,2026-02-23,575.35
TX-0005128,CUST-00245,2025-12-22,462.67
TX-0005129,CUST-00245,2026-03-05,479.6
TX-0005130,CUST-00245,2026-05-03,538.52
TX-0005131,CUST-00245,2026-02-03,643.2
TX-0005132,CUST-00245,2026-01-20,513.92
TX-0005133,CUST-00245,2026-02-06,544.51
TX-0005134,CUST-00246,2026-08-24,463.27
TX-0005135,CUST-00246,2026-02-17,646.97
TX-0005136,CUST-00246,2026-06-12,597.57
TX-0005137,CUST-00246,2026-04-17,436.65
TX-0005138,CUST-00246,2025-12-23,446.43
TX-0005139,CUST-00246,2026-04-04,641.79
TX-0005140,CUST-00246,2026-01-26,422.53
TX-0005141,CUST-00246,2026-05-06,573.29
TX-0005142,CUST-00246,2026-02-18,484.39
TX-0005143,CUST-00246,2026-05-29,465.18
TX-0005144,CUST-00246,2026-01-17,585.34
TX-0005145,CUST-00246,2025-11-19,481.8
TX-0005146,CUST-00246,2025-12-03,467.21
TX-0005147,CUST-00246,2026-04-01,417.47
TX-0005148,CUST-00246,2026-02-20,426.77
TX-0005149,CUST-00246,2026-07-07,469.17
TX-0005150,CUST-00246,2026-03-18,471.59
TX-0005151,CUST-00246,2026-07-28,453.75
TX-0005152,CUST-00246,2026-01-21,536.75
TX-0005153,CUST-00247,2026-08-26,545.31
TX-0005154,CUST-00247,2026-07-31,520.86
TX-0005155,CUST-00247,2026-05-29,598.02
TX-0005156,CUST-00247,2026-05-20,449.22
TX-0005157,CUST-00247,2026-06-03,610.4
TX-0005158,CUST-00247,2026-01-09,585.3
TX-0005159,CUST-00247,2026-02-18,409.73
TX-0005160,CUST-00247,2025-11-29,431.81
TX-0005161,CUST-00247,2026-03-22,586.58
TX-0005162,CUST-00247,2026-05-15,516.03
TX-0005163,CUST-00247,2026-08-07,446.07
TX-0005164,CUST-00247,2026-01-28,547.19
TX-0005165,CUST-00247,2026-01-26,408.36
TX-0005166,CUST-00247,2025-10-31,410.83
TX-0005167,CUST-00247,2026-05-29,420.88
TX-0005168,CUST-00247,2025-11-13,535.49
TX-0005169,CUST-00247,2026-07-07,562.05
TX-0005170,CUST-00247,2026-08-01,594.31
TX-0005171,CUST-00247,2025-11-08,637.1
TX-0005172,CUST-00247,2026-04-04,468.34
TX-0005173,CUST-00247,2026-08-03,482.35
TX-0005174,CUST-00247,2026-07-18,577.12
TX-0005175,CUST-00247,2026-07-25,489.93
TX-0005176,CUST-00247,2026-04-30,474.51
TX-0005177,CUST-00247,2026-06-10,576.53
TX-0005178,CUST-00248,2026-08-28,533.87
TX-0005179,CUST-00248,2026-04-15,627.69
TX-0005180,CUST-00248,2026-07-15,437.42
TX-0005181,CUST-00248,2026-01-02,495.86
TX-0005182,CUST-00248,2026-02-08,546.02
TX-0005183,CUST-00248,2026-01-07,418.51
TX-0005184,CUST-00248,2025-11-13,476.27
TX-0005185,CUST-00248,2026-01-25,489.74
TX-0005186,CUST-00248,2026-02-17,636.29
TX-0005187,CUST-00248,2026-03-24,565.67
TX-0005188,CUST-00248,2025-11-14,446.9
TX-0005189,CUST-00248,2025-11-15,554.7
TX-0005190,CUST-00248,2025-12-20,527.26
TX-0005191,CUST-00248,2025-11-17,490.54
TX-0005192,CUST-00248,2025-11-06,435.25
TX-0005193,CUST-00248,2026-04-12,502.73
TX-0005194,CUST-00248,2025-12-08,625.12
TX-0005195,CUST-00248,2026-01-20,645.1
TX-0005196,CUST-00248,2025-12-04,412.74
TX-0005197,CUST-00248,2026-05-16,632.44
TX-0005198,CUST-00248,2026-04-13,562.9
TX-0005199,CUST-00248,2025-12-13,498.57
TX-0005200,CUST-00248,2025-12-25,543.98
TX-0005201,CUST-00249,2026-08-31,448.44
TX-0005202,CUST-00249,2026-01-22,446.25
TX-0005203,CUST-00249,2026-04-13,401.19
TX-0005204,CUST-00249,2026-01-02,573.21
TX-0005205,CUST-00249,2026-05-24,539.32
TX-0005206,CUST-00249,2026-01-02,417.5
TX-0005207,CUST-00249,2026-06-29,555.71
TX-0005208,CUST-00249,2026-07-08,476.42
TX-0005209,CUST-00249,2026-06-16,457.21
TX-0005210,CUST-00249,2026-07-23,453.7
TX-0005211,CUST-00249,2026-02-20,441.92
TX-0005212,CUST-00249,2026-07-27,490.68
TX-0005213,CUST-00249,2026-02-01,528.42
TX-0005214,CUST-00249,2026-07-09,549.32
TX-0005215,CUST-00249,2026-06-06,633.18
TX-0005216,CUST-00249,2025-12-08,503.47
TX-0005217,CUST-00249,2026-05-27,626.08
TX-0005218,CUST-00249,2026-01-31,563.82
TX-0005219,CUST-00249,2026-02-23,621.68
TX-0005220,CUST-00249,2026-02-26,414.64
TX-0005221,CUST-00249,2025-12-21,569.47
TX-0005222,CUST-00249,2026-04-17,490.0
TX-0005223,CUST-00249,2026-06-04,426.2
TX-0005224,CUST-00249,2026-01-27,635.27
TX-0005225,CUST-00249,2026-07-07,464.86
TX-0005226,CUST-00250,2026-08-29,577.54
TX-0005227,CUST-00250,2026-07-05,440.19
TX-0005228,CUST-00250,2025-12-25,527.57
TX-0005229,CUST-00250,2025-12-26,612.11
TX-0005230,CUST-00250,2026-07-21,410.71
TX-0005231,CUST-00250,2026-06-16,559.25
TX-0005232,CUST-00250,2026-07-03,531.24
TX-0005233,CUST-00250,2026-06-05,403.53
TX-0005234,CUST-00250,2026-01-04,624.88
TX-0005235,CUST-00250,2026-03-22,609.72
TX-0005236,CUST-00250,2025-11-14,625.77
TX-0005237,CUST-00250,2026-01-31,511.0
TX-0005238,CUST-00250,2026-04-23,624.05
TX-0005239,CUST-00250,2026-04-23,631.73
TX-0005240,CUST-00250,2025-11-10,592.08
TX-0005241,CUST-00250,2025-12-25,450.5
TX-0005242,CUST-00250,2025-11-18,636.79
TX-0005243,CUST-00250,2026-03-31,566.53
TX-0005244,CUST-00250,2025-12-13,540.29
TX-0005245,CUST-00250,2026-05-30,636.03
TX-0005246,CUST-00250,2026-07-19,615.99
TX-0005247,CUST-00250,2026-07-11,413.88
TX-0005248,CUST-00250,2026-05-10,433.83
TX-0005249,CUST-00251,2026-08-28,458.06
TX-0005250,CUST-00251,2025-11-02,638.02
TX-0005251,CUST-00251,2026-03-07,624.43
TX-0005252,CUST-00251,2026-04-21,469.51
TX-0005253,CUST-00251,2026-08-06,593.91
TX-0005254,CUST-00251,2026-04-18,575.59
TX-0005255,CUST-00251,2026-03-11,603.84
TX-0005256,CUST-00251,2026-07-02,610.02
TX-0005257,CUST-00251,2026-02-27,641.48
TX-0005258,CUST-00251,2026-07-20,579.93
TX-0005259,CUST-00251,2026-02-02,490.36
TX-0005260,CUST-00251,2026-02-27,400.56
TX-0005261,CUST-00251,2026-06-06,590.98
TX-0005262,CUST-00251,2026-05-21,577.47
TX-0005263,CUST-00251,2026-05-11,556.4
TX-0005264,CUST-00251,2026-03-01,448.82
TX-0005265,CUST-00251,2026-05-30,636.85
TX-0005266,CUST-00251,2026-04-10,503.3
TX-0005267,CUST-00251,2026-06-05,521.78
TX-0005268,CUST-00251,2025-12-01,496.75
TX-0005269,CUST-00251,2026-01-18,640.53
TX-0005270,CUST-00252,2026-08-25,547.79
TX-0005271,CUST-00252,2026-06-30,491.21
TX-0005272,CUST-00252,2026-03-03,479.83
TX-0005273,CUST-00252,2026-01-22,400.27
TX-0005274,CUST-00252,2025-12-07,507.36
TX-0005275,CUST-00252,2025-11-15,523.02
TX-0005276,CUST-00252,2026-07-18,609.28
TX-0005277,CUST-00252,2026-08-04,442.58
TX-0005278,CUST-00252,2026-04-15,610.07
TX-0005279,CUST-00252,2026-04-12,514.45
TX-0005280,CUST-00252,2025-11-18,452.33
TX-0005281,CUST-00252,2026-06-05,578.81
TX-0005282,CUST-00252,2025-11-05,537.4
TX-0005283,CUST-00252,2025-11-27,573.05
TX-0005284,CUST-00252,2026-04-20,587.83
TX-0005285,CUST-00252,2026-01-08,627.22
TX-0005286,CUST-00252,2026-01-22,633.98
TX-0005287,CUST-00252,2026-08-01,547.16
TX-0005288,CUST-00252,2026-02-27,476.16
TX-0005289,CUST-00252,2026-03-02,577.41
TX-0005290,CUST-00252,2025-12-02,561.58
TX-0005291,CUST-00252,2026-06-19,458.26
TX-0005292,CUST-00253,2026-08-27,634.84
TX-0005293,CUST-00253,2026-01-09,439.15
TX-0005294,CUST-00253,2026-04-08,431.87
TX-0005295,CUST-00253,2026-04-17,431.4
TX-0005296,CUST-00253,2026-08-04,645.11
TX-0005297,CUST-00253,2026-04-14,533.4
TX-0005298,CUST-00253,2026-04-29,456.77
TX-0005299,CUST-00253,2026-04-06,646.17
TX-0005300,CUST-00253,2026-01-10,522.17
TX-0005301,CUST-00253,2026-08-10,460.63
TX-0005302,CUST-00253,2026-02-12,644.61
TX-0005303,CUST-00253,2025-11-04,452.62
TX-0005304,CUST-00253,2026-05-16,553.82
TX-0005305,CUST-00253,2026-07-22,544.36
TX-0005306,CUST-00253,2026-03-12,431.48
TX-0005307,CUST-00253,2025-12-22,634.89
TX-0005308,CUST-00253,2026-03-01,443.25
TX-0005309,CUST-00253,2026-04-03,425.51
TX-0005310,CUST-00253,2026-01-14,484.79
TX-0005311,CUST-00253,2026-07-25,466.14
TX-0005312,CUST-00253,2026-04-09,647.56
TX-0005313,CUST-00253,2026-07-31,614.74
TX-0005314,CUST-00254,2026-08-28,532.25
TX-0005315,CUST-00254,2026-06-10,513.03
TX-0005316,CUST-00254,2025-11-21,449.76
TX-0005317,CUST-00254,2026-04-06,444.92
TX-0005318,CUST-00254,2026-01-12,581.43
TX-0005319,CUST-00254,2026-03-24,574.8
TX-0005320,CUST-00254,2026-08-06,464.99
TX-0005321,CUST-00254,2026-06-20,609.97
TX-0005322,CUST-00254,2026-02-23,550.55
TX-0005323,CUST-00254,2026-02-09,473.98
TX-0005324,CUST-00254,2026-05-31,636.64
TX-0005325,CUST-00254,2025-11-22,581.94
TX-0005326,CUST-00254,2026-07-08,634.43
TX-0005327,CUST-00254,2025-12-29,545.59
TX-0005328,CUST-00254,2026-05-10,499.28
TX-0005329,CUST-00254,2026-04-30,581.35
TX-0005330,CUST-00255,2026-08-28,577.62
TX-0005331,CUST-00255,2026-03-02,448.84
TX-0005332,CUST-00255,2026-08-02,636.06
TX-0005333,CUST-00255,2026-05-04,504.84
TX-0005334,CUST-00255,2026-06-14,574.63
TX-0005335,CUST-00255,2026-02-21,510.03
TX-0005336,CUST-00255,2025-11-23,562.44
TX-0005337,CUST-00255,2025-11-29,600.07
TX-0005338,CUST-00255,2025-12-26,606.06
TX-0005339,CUST-00255,2026-06-01,504.85
TX-0005340,CUST-00255,2026-07-21,538.45
TX-0005341,CUST-00255,2026-08-01,592.45
TX-0005342,CUST-00255,2026-06-28,480.87
TX-0005343,CUST-00255,2026-05-25,464.82
TX-0005344,CUST-00255,2026-01-31,470.84
TX-0005345,CUST-00255,2026-05-09,551.21
TX-0005346,CUST-00255,2025-11-23,545.89
TX-0005347,CUST-00255,2026-06-02,451.61
TX-0005348,CUST-00255,2025-12-01,606.59
TX-0005349,CUST-00255,2026-07-18,528.21
TX-0005350,CUST-00255,2026-01-30,530.14
TX-0005351,CUST-00255,2026-03-03,621.41
TX-0005352,CUST-00255,2026-05-15,555.98
TX-0005353,CUST-00255,2025-11-09,617.84
TX-0005354,CUST-00255,2026-01-09,453.69
TX-0005355,CUST-00255,2026-06-06,486.19
TX-0005356,CUST-00256,2026-08-26,538.25
TX-0005357,CUST-00256,2026-05-16,458.13
TX-0005358,CUST-00256,2026-06-09,495.35
TX-0005359,CUST-00256,2025-12-30,568.01
TX-0005360,CUST-00256,2026-01-27,644.03
TX-0005361,CUST-00256,2026-06-27,450.6
TX-0005362,CUST-00256,2026-04-22,641.17
TX-0005363,CUST-00256,2026-06-06,572.5
TX-0005364,CUST-00256,2026-02-24,534.91
TX-0005365,CUST-00256,2025-11-09,418.88
TX-0005366,CUST-00256,2025-11-30,556.38
TX-0005367,CUST-00256,2026-01-10,542.92
TX-0005368,CUST-00256,2026-03-11,497.98
TX-0005369,CUST-00256,2025-11-11,463.67
TX-0005370,CUST-00256,2026-01-08,527.39
TX-0005371,CUST-00256,2026-03-12,408.48
TX-0005372,CUST-00256,2026-04-20,632.15
TX-0005373,CUST-00256,2026-02-02,493.47
TX-0005374,CUST-00256,2026-04-16,555.99
TX-0005375,CUST-00256,2026-06-19,600.42
TX-0005376,CUST-00257,2026-08-26,428.49
TX-0005377,CUST-00257,2025-12-12,631.15
TX-0005378,CUST-00257,2026-06-30,625.98
TX-0005379,CUST-00257,2026-03-17,556.19
TX-0005380,CUST-00257,2026-04-03,453.2
TX-0005381,CUST-00257,2026-04-06,450.68
TX-0005382,CUST-00257,2026-06-29,405.49
TX-0005383,CUST-00257,2025-11-05,464.79
TX-0005384,CUST-00257,2025-11-26,548.28
TX-0005385,CUST-00257,2026-05-18,492.66
TX-0005386,CUST-00257,2026-02-01,499.44
TX-0005387,CUST-00257,2026-05-08,559.35
TX-0005388,CUST-00257,2026-01-21,640.23
TX-0005389,CUST-00257,2026-04-11,643.33
TX-0005390,CUST-00257,2025-12-17,566.95
TX-0005391,CUST-00257,2026-02-19,459.28
TX-0005392,CUST-00257,2026-01-16,415.73
TX-0005393,CUST-00257,2025-12-12,543.5
TX-0005394,CUST-00257,2025-12-29,503.6
TX-0005395,CUST-00257,2025-12-23,477.65
TX-0005396,CUST-00257,2026-05-07,595.9
TX-0005397,CUST-00257,2026-05-10,630.22
TX-0005398,CUST-00257,2026-04-16,466.99
TX-0005399,CUST-00257,2026-07-03,574.52
TX-0005400,CUST-00257,2026-08-05,440.71
TX-0005401,CUST-00257,2025-11-14,563.89
TX-0005402,CUST-00258,2026-08-30,452.2
TX-0005403,CUST-00258,2026-05-21,630.97
TX-0005404,CUST-00258,2026-02-23,623.43
TX-0005405,CUST-00258,2025-11-07,427.56
TX-0005406,CUST-00258,2025-11-25,530.01
TX-0005407,CUST-00258,2026-01-14,567.11
TX-0005408,CUST-00258,2026-05-01,414.79
TX-0005409,CUST-00258,2026-06-26,639.49
TX-0005410,CUST-00258,2025-11-05,491.14
TX-0005411,CUST-00258,2026-05-05,635.97
TX-0005412,CUST-00258,2026-06-29,438.67
TX-0005413,CUST-00258,2026-03-26,418.28
TX-0005414,CUST-00258,2026-04-26,413.08
TX-0005415,CUST-00258,2026-07-10,498.66
TX-0005416,CUST-00258,2026-07-07,582.63
TX-0005417,CUST-00258,2026-07-27,608.34
TX-0005418,CUST-00258,2026-01-31,450.12
TX-0005419,CUST-00258,2026-02-25,591.71
TX-0005420,CUST-00259,2026-08-30,541.85
TX-0005421,CUST-00259,2026-01-11,491.68
TX-0005422,CUST-00259,2026-01-14,420.87
TX-0005423,CUST-00259,2025-12-23,634.91
TX-0005424,CUST-00259,2026-03-03,566.48
TX-0005425,CUST-00259,2025-11-14,633.53
TX-0005426,CUST-00259,2026-02-08,448.65
TX-0005427,CUST-00259,2026-01-19,487.33
TX-0005428,CUST-00259,2026-04-27,521.88
TX-0005429,CUST-00259,2026-07-02,643.69
TX-0005430,CUST-00259,2025-12-03,581.53
TX-0005431,CUST-00259,2026-05-31,492.87
TX-0005432,CUST-00259,2025-12-15,505.62
TX-0005433,CUST-00259,2026-01-14,631.42
TX-0005434,CUST-00259,2026-03-20,480.36
TX-0005435,CUST-00259,2026-04-03,548.3
TX-0005436,CUST-00259,2026-07-15,498.34
TX-0005437,CUST-00259,2026-03-25,426.43
TX-0005438,CUST-00259,2026-07-05,441.92
TX-0005439,CUST-00259,2026-04-23,628.73
TX-0005440,CUST-00259,2026-01-18,487.34
TX-0005441,CUST-00259,2026-06-05,585.72
TX-0005442,CUST-00259,2026-07-15,637.28
TX-0005443,CUST-00260,2026-08-28,572.04
TX-0005444,CUST-00260,2026-08-11,503.77
TX-0005445,CUST-00260,2026-08-01,568.41
TX-0005446,CUST-00260,2026-05-26,400.6
TX-0005447,CUST-00260,2025-11-03,486.12
TX-0005448,CUST-00260,2026-01-25,498.28
TX-0005449,CUST-00260,2026-03-02,454.79
TX-0005450,CUST-00260,2026-04-03,588.09
TX-0005451,CUST-00260,2026-04-06,429.86
TX-0005452,CUST-00260,2026-01-28,566.84
TX-0005453,CUST-00260,2026-07-16,492.68
TX-0005454,CUST-00260,2025-11-10,623.68
TX-0005455,CUST-00260,2026-05-13,479.04
TX-0005456,CUST-00260,2026-08-05,477.08
TX-0005457,CUST-00260,2026-03-22,451.18
TX-0005458,CUST-00260,2026-03-11,629.69
TX-0005459,CUST-00260,2026-01-14,617.58
TX-0005460,CUST-00260,2026-05-18,507.15
TX-0005461,CUST-00260,2026-08-05,409.14
TX-0005462,CUST-00260,2026-03-11,415.84
TX-0005463,CUST-00260,2026-03-28,634.65
TX-0005464,CUST-00260,2025-12-09,453.55
TX-0005465,CUST-00260,2026-08-10,574.84
TX-0005466,CUST-00260,2026-03-05,600.34
TX-0005467,CUST-00261,2026-08-25,447.94
TX-0005468,CUST-00261,2025-11-10,559.96
TX-0005469,CUST-00261,2026-07-19,546.15
TX-0005470,CUST-00261,2026-05-21,453.18
TX-0005471,CUST-00261,2026-01-27,607.01
TX-0005472,CUST-00261,2026-07-14,427.38
TX-0005473,CUST-00261,2026-04-18,583.38
TX-0005474,CUST-00261,2026-06-11,440.93
TX-0005475,CUST-00261,2026-03-02,567.96
TX-0005476,CUST-00261,2026-03-06,488.7
TX-0005477,CUST-00261,2025-12-16,527.66
TX-0005478,CUST-00261,2026-01-11,556.75
TX-0005479,CUST-00261,2026-07-01,405.79
TX-0005480,CUST-00261,2026-01-21,412.69
TX-0005481,CUST-00261,2025-11-26,620.66
TX-0005482,CUST-00261,2026-01-12,601.9
TX-0005483,CUST-00261,2026-06-15,531.36
TX-0005484,CUST-00261,2026-07-09,599.03
TX-0005485,CUST-00261,2026-01-30,428.88
TX-0005486,CUST-00261,2026-08-04,623.89
TX-0005487,CUST-00261,2026-06-26,442.95
TX-0005488,CUST-00262,2026-08-26,521.15
TX-0005489,CUST-00262,2026-04-25,493.22
TX-0005490,CUST-00262,2026-03-07,645.35
TX-0005491,CUST-00262,2026-05-16,429.91
TX-0005492,CUST-00262,2026-01-08,483.58
TX-0005493,CUST-00262,2026-05-09,429.26
TX-0005494,CUST-00262,2026-04-13,537.19
TX-0005495,CUST-00262,2025-12-02,451.49
TX-0005496,CUST-00262,2026-04-18,558.92
TX-0005497,CUST-00262,2026-06-09,544.11
TX-0005498,CUST-00262,2026-01-17,609.1
TX-0005499,CUST-00262,2026-04-23,502.29
TX-0005500,CUST-00262,2026-04-13,524.17
TX-0005501,CUST-00262,2026-05-27,541.59
TX-0005502,CUST-00262,2026-07-12,478.16
TX-0005503,CUST-00262,2026-05-07,442.97
TX-0005504,CUST-00262,2026-04-24,643.34
TX-0005505,CUST-00262,2026-03-03,545.68
TX-0005506,CUST-00262,2026-04-11,541.48
TX-0005507,CUST-00262,2026-07-10,567.27
TX-0005508,CUST-00262,2026-04-10,511.93
TX-0005509,CUST-00262,2026-04-14,575.35
TX-0005510,CUST-00262,2026-07-25,535.02
TX-0005511,CUST-00262,2026-01-18,536.83
TX-0005512,CUST-00262,2026-01-08,645.66
TX-0005513,CUST-00263,2026-08-24,525.95
TX-0005514,CUST-00263,2026-01-28,442.36
TX-0005515,CUST-00263,2026-02-23,608.57
TX-0005516,CUST-00263,2025-11-04,633.1
TX-0005517,CUST-00263,2025-12-17,447.24
TX-0005518,CUST-00263,2025-12-06,578.14
TX-0005519,CUST-00263,2025-12-02,570.25
TX-0005520,CUST-00263,2026-06-30,571.44
TX-0005521,CUST-00263,2026-03-20,559.24
TX-0005522,CUST-00263,2026-05-16,473.6
TX-0005523,CUST-00263,2026-07-15,606.93
TX-0005524,CUST-00263,2025-11-18,635.79
TX-0005525,CUST-00263,2025-12-08,483.48
TX-0005526,CUST-00263,2026-06-05,423.38
TX-0005527,CUST-00263,2026-05-22,610.71
TX-0005528,CUST-00263,2026-02-04,563.95
TX-0005529,CUST-00263,2025-11-07,485.67
TX-0005530,CUST-00263,2026-03-13,537.87
TX-0005531,CUST-00263,2025-12-27,458.5
TX-0005532,CUST-00263,2026-02-26,641.02
TX-0005533,CUST-00263,2026-02-22,401.97
TX-0005534,CUST-00263,2026-04-03,406.29
TX-0005535,CUST-00263,2025-12-01,561.32
TX-0005536,CUST-00263,2026-02-05,590.77
TX-0005537,CUST-00264,2026-08-25,599.65
TX-0005538,CUST-00264,2026-04-13,634.38
TX-0005539,CUST-00264,2026-01-18,443.04
TX-0005540,CUST-00264,2026-01-05,476.95
TX-0005541,CUST-00264,2026-03-31,480.37
TX-0005542,CUST-00264,2026-04-15,615.93
TX-0005543,CUST-00264,2026-07-05,405.51
TX-0005544,CUST-00264,2026-04-09,570.01
TX-0005545,CUST-00264,2026-05-09,427.6
TX-0005546,CUST-00264,2025-12-28,635.48
TX-0005547,CUST-00264,2025-11-08,422.73
TX-0005548,CUST-00264,2026-06-28,643.52
TX-0005549,CUST-00264,2026-03-20,449.46
TX-0005550,CUST-00264,2026-07-19,638.05
TX-0005551,CUST-00264,2026-03-09,623.16
TX-0005552,CUST-00264,2026-02-05,537.86
TX-0005553,CUST-00264,2026-03-28,629.81
TX-0005554,CUST-00264,2026-02-05,564.6
TX-0005555,CUST-00264,2026-06-08,610.92
TX-0005556,CUST-00265,2026-08-26,497.43
TX-0005557,CUST-00265,2026-03-21,525.78
TX-0005558,CUST-00265,2026-01-08,530.62
TX-0005559,CUST-00265,2026-05-01,512.03
TX-0005560,CUST-00265,2025-12-24,600.47
TX-0005561,CUST-00265,2026-04-15,406.39
TX-0005562,CUST-00265,2026-04-23,470.75
TX-0005563,CUST-00265,2026-06-06,598.4
TX-0005564,CUST-00265,2026-07-25,512.32
TX-0005565,CUST-00265,2026-05-24,602.68
TX-0005566,CUST-00265,2025-12-18,404.8
TX-0005567,CUST-00265,2026-06-23,606.74
TX-0005568,CUST-00265,2026-04-26,537.66
TX-0005569,CUST-00265,2026-01-03,609.54
TX-0005570,CUST-00265,2026-01-04,635.49
TX-0005571,CUST-00265,2026-07-24,599.81
TX-0005572,CUST-00265,2026-05-06,577.19
TX-0005573,CUST-00265,2026-06-13,632.93
TX-0005574,CUST-00265,2026-08-10,501.05
TX-0005575,CUST-00265,2025-12-02,551.28
TX-0005576,CUST-00265,2026-08-08,531.69
TX-0005577,CUST-00265,2026-06-27,628.58
TX-0005578,CUST-00266,2026-08-31,401.52
TX-0005579,CUST-00266,2025-12-16,404.57
TX-0005580,CUST-00266,2026-01-07,440.48
TX-0005581,CUST-00266,2026-04-24,549.68
TX-0005582,CUST-00266,2026-02-03,469.84
TX-0005583,CUST-00266,2026-02-26,542.33
TX-0005584,CUST-00266,2026-06-09,636.58
TX-0005585,CUST-00266,2026-05-14,615.04
TX-0005586,CUST-00266,2026-05-26,532.2
TX-0005587,CUST-00266,2026-05-24,525.16
TX-0005588,CUST-00266,2025-11-16,498.51
TX-0005589,CUST-00266,2026-02-20,540.56
TX-0005590,CUST-00266,2025-11-25,440.7
TX-0005591,CUST-00266,2026-08-09,537.62
TX-0005592,CUST-00266,2026-07-17,554.37
TX-0005593,CUST-00266,2026-01-19,491.42
TX-0005594,CUST-00266,2025-11-14,503.85
TX-0005595,CUST-00266,2026-08-01,434.05
TX-0005596,CUST-00266,2025-12-22,605.22
TX-0005597,CUST-00266,2025-11-18,573.71
TX-0005598,CUST-00266,2026-01-15,466.18
TX-0005599,CUST-00266,2026-04-17,560.51
TX-0005600,CUST-00267,2026-08-31,633.07
TX-0005601,CUST-00267,2026-06-21,584.81
TX-0005602,CUST-00267,2025-12-28,457.67
TX-0005603,CUST-00267,2026-07-16,637.23
TX-0005604,CUST-00267,2026-07-06,428.05
TX-0005605,CUST-00267,2026-06-04,445.66
TX-0005606,CUST-00267,2026-05-27,401.87
TX-0005607,CUST-00267,2026-05-19,643.54
TX-0005608,CUST-00267,2026-03-19,485.48
TX-0005609,CUST-00267,2026-03-26,586.48
TX-0005610,CUST-00267,2025-11-28,537.77
TX-0005611,CUST-00267,2026-01-17,565.41
TX-0005612,CUST-00267,2026-05-07,552.14
TX-0005613,CUST-00267,2026-02-12,599.79
TX-0005614,CUST-00267,2026-06-14,577.55
TX-0005615,CUST-00267,2026-01-03,436.4
TX-0005616,CUST-00267,2025-12-11,569.42
TX-0005617,CUST-00267,2026-01-18,474.99
TX-0005618,CUST-00267,2025-12-04,618.64
TX-0005619,CUST-00267,2026-05-22,460.96
TX-0005620,CUST-00267,2026-06-28,616.77
TX-0005621,CUST-00267,2026-06-07,503.88
TX-0005622,CUST-00267,2026-02-05,491.98
TX-0005623,CUST-00267,2025-12-04,513.81
TX-0005624,CUST-00267,2026-06-21,573.58
TX-0005625,CUST-00267,2026-01-02,556.98
TX-0005626,CUST-00268,2026-08-26,600.63
TX-0005627,CUST-00268,2026-04-08,500.05
TX-0005628,CUST-00268,2025-11-14,531.14
TX-0005629,CUST-00268,2026-02-12,405.64
TX-0005630,CUST-00268,2026-05-29,555.43
TX-0005631,CUST-00268,2026-04-04,439.2
TX-0005632,CUST-00268,2026-02-26,490.4
TX-0005633,CUST-00268,2026-05-18,533.6
TX-0005634,CUST-00268,2026-08-11,612.11
TX-0005635,CUST-00268,2026-03-27,490.48
TX-0005636,CUST-00268,2026-07-03,509.48
TX-0005637,CUST-00268,2025-11-10,521.54
TX-0005638,CUST-00268,2026-02-11,531.14
TX-0005639,CUST-00268,2026-04-24,410.88
TX-0005640,CUST-00268,2025-12-06,514.13
TX-0005641,CUST-00268,2026-05-13,419.25
TX-0005642,CUST-00268,2026-01-03,565.04
TX-0005643,CUST-00268,2026-02-05,562.36
TX-0005644,CUST-00268,2026-04-12,502.62
TX-0005645,CUST-00268,2026-01-06,534.08
TX-0005646,CUST-00268,2026-07-28,474.74
TX-0005647,CUST-00268,2026-04-02,646.97
TX-0005648,CUST-00268,2026-02-04,504.73
TX-0005649,CUST-00268,2026-08-02,455.59
TX-0005650,CUST-00268,2026-01-11,465.07
TX-0005651,CUST-00268,2026-06-01,440.59
TX-0005652,CUST-00269,2026-08-30,560.7
TX-0005653,CUST-00269,2026-01-20,417.45
TX-0005654,CUST-00269,2025-11-16,428.76
TX-0005655,CUST-00269,2026-02-16,542.78
TX-0005656,CUST-00269,2025-12-20,571.5
TX-0005657,CUST-00269,2026-06-26,581.65
TX-0005658,CUST-00269,2026-06-25,634.02
TX-0005659,CUST-00269,2026-02-25,449.03
TX-0005660,CUST-00269,2026-02-01,569.89
TX-0005661,CUST-00269,2026-05-10,412.32
TX-0005662,CUST-00269,2026-02-20,475.58
TX-0005663,CUST-00269,2025-11-30,502.78
TX-0005664,CUST-00269,2026-06-09,616.17
TX-0005665,CUST-00269,2026-03-24,529.24
TX-0005666,CUST-00269,2025-11-25,401.3
TX-0005667,CUST-00269,2026-02-15,426.95
TX-0005668,CUST-00269,2026-02-12,519.69
TX-0005669,CUST-00269,2026-06-02,498.1
TX-0005670,CUST-00270,2026-08-31,403.62
TX-0005671,CUST-00270,2026-03-23,471.15
TX-0005672,CUST-00270,2025-11-07,414.35
TX-0005673,CUST-00270,2026-06-19,479.85
TX-0005674,CUST-00270,2026-05-17,494.85
TX-0005675,CUST-00270,2026-07-10,571.2
TX-0005676,CUST-00270,2026-06-07,515.07
TX-0005677,CUST-00270,2026-05-23,561.22
TX-0005678,CUST-00270,2026-05-17,637.19
TX-0005679,CUST-00270,2026-04-21,644.92
TX-0005680,CUST-00270,2026-07-13,485.95
TX-0005681,CUST-00270,2026-07-05,451.99
TX-0005682,CUST-00270,2026-06-24,522.74
TX-0005683,CUST-00270,2025-12-19,540.96
TX-0005684,CUST-00270,2026-04-17,468.14
TX-0005685,CUST-00270,2025-11-26,469.66
TX-0005686,CUST-00270,2025-11-07,630.92
TX-0005687,CUST-00270,2026-03-30,418.97
TX-0005688,CUST-00270,2026-02-10,514.22
TX-0005689,CUST-00270,2026-05-25,572.2
TX-0005690,CUST-00270,2026-02-27,622.31
TX-0005691,CUST-00271,2026-08-31,487.4
TX-0005692,CUST-00271,2026-04-09,646.37
TX-0005693,CUST-00271,2026-06-26,431.83
TX-0005694,CUST-00271,2026-08-06,582.24
TX-0005695,CUST-00271,2026-01-07,568.07
TX-0005696,CUST-00271,2026-02-07,594.05
TX-0005697,CUST-00271,2026-01-31,433.94
TX-0005698,CUST-00271,2026-02-21,552.06
TX-0005699,CUST-00271,2026-01-07,616.38
TX-0005700,CUST-00271,2026-01-19,461.56
TX-0005701,CUST-00271,2026-07-11,595.27
TX-0005702,CUST-00271,2026-06-30,464.14
TX-0005703,CUST-00271,2026-08-07,606.3
TX-0005704,CUST-00271,2026-03-07,526.5
TX-0005705,CUST-00271,2026-05-15,402.86
TX-0005706,CUST-00271,2026-07-18,408.83
TX-0005707,CUST-00272,2026-08-25,437.43
TX-0005708,CUST-00272,2026-03-24,489.63
TX-0005709,CUST-00272,2026-06-06,441.33
TX-0005710,CUST-00272,2026-07-09,469.08
TX-0005711,CUST-00272,2026-03-22,537.38
TX-0005712,CUST-00272,2026-06-12,485.92
TX-0005713,CUST-00272,2026-07-02,519.48
TX-0005714,CUST-00272,2026-04-13,432.16
TX-0005715,CUST-00272,2026-02-20,409.72
TX-0005716,CUST-00272,2026-07-31,487.54
TX-0005717,CUST-00272,2026-03-30,579.7
TX-0005718,CUST-00272,2026-07-04,596.75
TX-0005719,CUST-00272,2026-04-23,578.92
TX-0005720,CUST-00272,2026-08-09,406.69
TX-0005721,CUST-00272,2026-02-25,448.76
TX-0005722,CUST-00272,2026-07-26,532.84
TX-0005723,CUST-00272,2026-04-01,409.91
TX-0005724,CUST-00272,2025-12-25,523.24
TX-0005725,CUST-00272,2026-05-19,581.99
TX-0005726,CUST-00272,2026-01-09,526.69
TX-0005727,CUST-00272,2025-12-04,631.34
TX-0005728,CUST-00272,2025-11-01,489.8
TX-0005729,CUST-00273,2026-08-31,490.81
TX-0005730,CUST-00273,2026-08-11,455.84
TX-0005731,CUST-00273,2026-03-18,494.6
TX-0005732,CUST-00273,2025-11-16,520.11
TX-0005733,CUST-00273,2026-01-11,468.51
TX-0005734,CUST-00273,2026-01-14,534.37
TX-0005735,CUST-00273,2026-05-13,596.24
TX-0005736,CUST-00273,2026-04-23,559.88
TX-0005737,CUST-00273,2026-08-14,565.01
TX-0005738,CUST-00273,2026-01-20,442.54
TX-0005739,CUST-00273,2026-01-22,541.83
TX-0005740,CUST-00273,2026-01-30,500.37
TX-0005741,CUST-00273,2026-01-31,614.15
TX-0005742,CUST-00273,2026-01-03,594.69
TX-0005743,CUST-00273,2026-03-14,580.67
TX-0005744,CUST-00273,2025-12-31,503.48
TX-0005745,CUST-00273,2026-01-04,607.26
TX-0005746,CUST-00274,2026-08-29,459.51
TX-0005747,CUST-00274,2026-03-27,467.5
TX-0005748,CUST-00274,2026-06-28,498.13
TX-0005749,CUST-00274,2025-11-28,448.26
TX-0005750,CUST-00274,2026-02-26,425.4
TX-0005751,CUST-00274,2026-07-02,467.48
TX-0005752,CUST-00274,2026-02-06,499.64
TX-0005753,CUST-00274,2026-07-14,505.37
TX-0005754,CUST-00274,2025-12-30,646.13
TX-0005755,CUST-00274,2026-02-18,541.27
TX-0005756,CUST-00274,2026-07-23,425.73
TX-0005757,CUST-00274,2026-03-09,642.13
TX-0005758,CUST-00274,2026-02-02,588.12
TX-0005759,CUST-00274,2026-07-27,568.94
TX-0005760,CUST-00274,2026-06-24,512.09
TX-0005761,CUST-00274,2026-05-20,599.52
TX-0005762,CUST-00274,2025-12-11,459.33
TX-0005763,CUST-00275,2026-08-29,439.28
TX-0005764,CUST-00275,2026-07-07,639.57
TX-0005765,CUST-00275,2026-06-04,581.66
TX-0005766,CUST-00275,2026-06-08,457.78
TX-0005767,CUST-00275,2026-02-20,564.82
TX-0005768,CUST-00275,2025-12-12,482.11
TX-0005769,CUST-00275,2025-12-24,621.34
TX-0005770,CUST-00275,2026-06-25,613.77
TX-0005771,CUST-00275,2026-05-12,586.09
TX-0005772,CUST-00275,2026-04-29,539.87
TX-0005773,CUST-00275,2026-02-27,519.36
TX-0005774,CUST-00275,2026-05-12,550.07
TX-0005775,CUST-00275,2026-07-07,502.21
TX-0005776,CUST-00275,2025-11-16,444.42
TX-0005777,CUST-00275,2026-05-27,431.95
TX-0005778,CUST-00275,2026-04-24,453.12
TX-0005779,CUST-00275,2026-01-04,537.46
TX-0005780,CUST-00275,2026-08-07,405.91
TX-0005781,CUST-00275,2026-01-02,627.37
TX-0005782,CUST-00275,2025-11-03,620.11
TX-0005783,CUST-00275,2025-12-23,648.05
TX-0005784,CUST-00275,2026-08-13,546.6
TX-0005785,CUST-00276,2026-08-24,478.31
TX-0005786,CUST-00276,2025-11-12,615.86
TX-0005787,CUST-00276,2026-06-09,598.12
TX-0005788,CUST-00276,2025-12-31,624.07
TX-0005789,CUST-00276,2026-07-15,496.05
TX-0005790,CUST-00276,2026-04-17,560.01
TX-0005791,CUST-00276,2025-10-31,584.45
TX-0005792,CUST-00276,2025-12-02,618.96
TX-0005793,CUST-00276,2026-03-14,580.33
TX-0005794,CUST-00276,2025-11-10,444.66
TX-0005795,CUST-00276,2026-08-05,637.58
TX-0005796,CUST-00276,2026-07-22,538.91
TX-0005797,CUST-00276,2026-02-27,422.55
TX-0005798,CUST-00276,2026-03-01,497.53
TX-0005799,CUST-00276,2026-03-01,420.4
TX-0005800,CUST-00276,2026-02-06,582.8
TX-0005801,CUST-00276,2026-02-27,443.55
TX-0005802,CUST-00276,2026-01-24,444.76
TX-0005803,CUST-00276,2026-04-30,434.35
TX-0005804,CUST-00276,2026-06-29,549.77
TX-0005805,CUST-00276,2026-08-04,594.7
TX-0005806,CUST-00276,2026-02-20,602.34
TX-0005807,CUST-00277,2026-08-30,599.33
TX-0005808,CUST-00277,2026-05-29,644.13
TX-0005809,CUST-00277,2026-04-26,437.49
TX-0005810,CUST-00277,2026-01-19,433.85
TX-0005811,CUST-00277,2026-02-26,536.78
TX-0005812,CUST-00277,2026-05-23,446.06
TX-0005813,CUST-00277,2025-12-07,639.19
TX-0005814,CUST-00277,2026-05-16,463.3
TX-0005815,CUST-00277,2026-06-18,453.48
TX-0005816,CUST-00277,2025-11-13,496.86
TX-0005817,CUST-00277,2025-12-15,548.99
TX-0005818,CUST-00277,2026-03-24,416.89
TX-0005819,CUST-00277,2026-04-03,422.58
TX-0005820,CUST-00277,2026-04-04,501.55
TX-0005821,CUST-00277,2026-04-22,562.09
TX-0005822,CUST-00277,2026-06-29,537.36
TX-0005823,CUST-00277,2025-12-09,404.07
TX-0005824,CUST-00277,2026-04-27,593.5
TX-0005825,CUST-00277,2026-08-09,476.07
TX-0005826,CUST-00277,2026-08-02,619.92
TX-0005827,CUST-00277,2026-01-31,443.0
TX-0005828,CUST-00277,2026-07-05,522.7
TX-0005829,CUST-00278,2026-08-26,558.58
TX-0005830,CUST-00278,2025-11-17,406.17
TX-0005831,CUST-00278,2026-01-01,524.93
TX-0005832,CUST-00278,2026-06-29,411.94
TX-0005833,CUST-00278,2025-12-18,549.63
TX-0005834,CUST-00278,2026-01-02,409.02
TX-0005835,CUST-00278,2026-07-19,595.9
TX-0005836,CUST-00278,2026-01-22,588.0
TX-0005837,CUST-00278,2026-06-16,461.18
TX-0005838,CUST-00278,2026-04-21,429.94
TX-0005839,CUST-00278,2026-03-04,459.72
TX-0005840,CUST-00278,2026-05-17,479.86
TX-0005841,CUST-00278,2026-07-18,443.76
TX-0005842,CUST-00278,2026-06-19,625.37
TX-0005843,CUST-00278,2026-01-25,595.97
TX-0005844,CUST-00278,2026-05-05,636.91
TX-0005845,CUST-00278,2025-11-25,459.73
TX-0005846,CUST-00278,2026-04-18,603.38
TX-0005847,CUST-00278,2026-01-23,510.72
TX-0005848,CUST-00279,2026-08-30,525.18
TX-0005849,CUST-00279,2026-05-02,555.16
TX-0005850,CUST-00279,2026-01-04,501.4
TX-0005851,CUST-00279,2026-04-15,465.99
TX-0005852,CUST-00279,2025-11-20,533.84
TX-0005853,CUST-00279,2026-06-14,616.88
TX-0005854,CUST-00279,2026-04-02,586.84
TX-0005855,CUST-00279,2026-04-21,586.81
TX-0005856,CUST-00279,2026-07-26,401.75
TX-0005857,CUST-00279,2026-05-09,510.08
TX-0005858,CUST-00279,2026-06-05,517.45
TX-0005859,CUST-00279,2026-01-14,640.7
TX-0005860,CUST-00279,2026-01-27,495.0
TX-0005861,CUST-00279,2026-05-08,552.63
TX-0005862,CUST-00279,2026-08-11,470.31
TX-0005863,CUST-00279,2026-07-06,640.39
TX-0005864,CUST-00279,2026-04-04,602.38
TX-0005865,CUST-00279,2025-11-15,454.46
TX-0005866,CUST-00279,2026-02-28,404.45
TX-0005867,CUST-00279,2026-04-13,633.4
TX-0005868,CUST-00279,2026-07-07,434.58
TX-0005869,CUST-00279,2026-07-13,417.24
TX-0005870,CUST-00279,2025-12-09,591.25
TX-0005871,CUST-00279,2026-01-04,573.84
TX-0005872,CUST-00279,2025-12-01,413.32
TX-0005873,CUST-00280,2026-08-26,439.47
TX-0005874,CUST-00280,2026-04-06,473.78
TX-0005875,CUST-00280,2026-03-29,525.29
TX-0005876,CUST-00280,2026-05-10,642.44
TX-0005877,CUST-00280,2026-01-18,518.69
TX-0005878,CUST-00280,2026-04-27,568.29
TX-0005879,CUST-00280,2026-03-03,562.64
TX-0005880,CUST-00280,2026-08-11,554.62
TX-0005881,CUST-00280,2025-11-05,460.94
TX-0005882,CUST-00280,2026-04-27,576.59
TX-0005883,CUST-00280,2026-02-08,539.35
TX-0005884,CUST-00280,2026-04-28,441.85
TX-0005885,CUST-00280,2026-04-15,526.37
TX-0005886,CUST-00280,2026-05-12,628.23
TX-0005887,CUST-00280,2026-03-29,533.59
TX-0005888,CUST-00280,2025-12-08,497.55
TX-0005889,CUST-00280,2025-12-13,606.86
TX-0005890,CUST-00280,2026-07-26,474.53
TX-0005891,CUST-00280,2026-07-19,419.54
TX-0005892,CUST-00280,2026-08-02,629.72
TX-0005893,CUST-00281,2026-08-26,556.28
TX-0005894,CUST-00281,2025-12-11,533.12
TX-0005895,CUST-00281,2026-03-02,559.67
TX-0005896,CUST-00281,2026-03-22,606.64
TX-0005897,CUST-00281,2026-02-22,587.15
TX-0005898,CUST-00281,2025-11-26,470.24
TX-0005899,CUST-00281,2025-11-06,407.97
TX-0005900,CUST-00281,2026-06-27,496.64
TX-0005901,CUST-00281,2025-12-03,445.13
TX-0005902,CUST-00281,2025-12-30,435.33
TX-0005903,CUST-00281,2026-04-29,507.05
TX-0005904,CUST-00281,2026-07-08,633.35
TX-0005905,CUST-00281,2025-12-16,516.02
TX-0005906,CUST-00281,2025-12-29,643.24
TX-0005907,CUST-00281,2026-02-09,618.41
TX-0005908,CUST-00281,2026-08-01,461.51
TX-0005909,CUST-00281,2026-03-25,407.43
TX-0005910,CUST-00281,2025-12-29,402.22
TX-0005911,CUST-00281,2026-01-22,429.57
TX-0005912,CUST-00281,2025-12-08,536.95
TX-0005913,CUST-00281,2026-01-25,408.06
TX-0005914,CUST-00281,2025-12-12,512.19
TX-0005915,CUST-00281,2026-01-29,622.43
TX-0005916,CUST-00282,2026-08-31,643.55
TX-0005917,CUST-00282,2026-06-14,611.14
TX-0005918,CUST-00282,2026-02-12,497.98
TX-0005919,CUST-00282,2025-12-11,577.78
TX-0005920,CUST-00282,2025-12-27,475.82
TX-0005921,CUST-00282,2026-02-24,648.21
TX-0005922,CUST-00282,2025-12-01,521.38
TX-0005923,CUST-00282,2026-06-20,580.71
TX-0005924,CUST-00282,2026-03-20,590.23
TX-0005925,CUST-00282,2025-11-25,606.75
TX-0005926,CUST-00282,2026-08-10,419.78
TX-0005927,CUST-00282,2026-03-21,484.12
TX-0005928,CUST-00282,2025-11-28,499.57
TX-0005929,CUST-00282,2026-05-19,621.88
TX-0005930,CUST-00282,2026-04-07,472.21
TX-0005931,CUST-00282,2026-05-15,625.16
TX-0005932,CUST-00282,2026-03-10,490.12
TX-0005933,CUST-00282,2025-12-01,411.1
TX-0005934,CUST-00282,2026-07-16,434.83
TX-0005935,CUST-00283,2026-08-26,551.83
TX-0005936,CUST-00283,2026-08-10,476.9
TX-0005937,CUST-00283,2026-07-24,466.2
TX-0005938,CUST-00283,2026-04-05,502.17
TX-0005939,CUST-00283,2025-11-02,498.25
TX-0005940,CUST-00283,2026-04-23,422.3
TX-0005941,CUST-00283,2026-02-27,629.91
TX-0005942,CUST-00283,2026-05-25,596.67
TX-0005943,CUST-00283,2025-12-16,632.06
TX-0005944,CUST-00283,2026-06-14,559.14
TX-0005945,CUST-00283,2025-11-01,408.32
TX-0005946,CUST-00283,2025-11-22,608.71
TX-0005947,CUST-00283,2025-12-10,629.18
TX-0005948,CUST-00283,2026-06-21,519.54
TX-0005949,CUST-00283,2025-12-30,448.77
TX-0005950,CUST-00283,2026-05-27,550.78
TX-0005951,CUST-00283,2026-05-01,549.04
TX-0005952,CUST-00283,2026-07-02,568.89
TX-0005953,CUST-00283,2026-05-05,454.06
TX-0005954,CUST-00283,2026-01-30,480.42
TX-0005955,CUST-00284,2026-08-26,585.33
TX-0005956,CUST-00284,2026-01-31,431.63
TX-0005957,CUST-00284,2026-04-10,604.63
TX-0005958,CUST-00284,2026-01-27,407.63
TX-0005959,CUST-00284,2025-12-28,483.9
TX-0005960,CUST-00284,2026-03-31,490.15
TX-0005961,CUST-00284,2025-11-29,429.35
TX-0005962,CUST-00284,2026-06-13,406.14
TX-0005963,CUST-00284,2026-03-08,423.27
TX-0005964,CUST-00284,2026-05-28,604.99
TX-0005965,CUST-00284,2026-01-13,531.66
TX-0005966,CUST-00284,2026-04-13,565.54
TX-0005967,CUST-00284,2026-04-24,535.38
TX-0005968,CUST-00284,2026-07-05,455.66
TX-0005969,CUST-00284,2025-12-20,455.63
TX-0005970,CUST-00284,2026-02-22,515.41
TX-0005971,CUST-00284,2026-06-16,496.9
TX-0005972,CUST-00285,2026-08-27,478.55
TX-0005973,CUST-00285,2025-11-09,530.05
TX-0005974,CUST-00285,2026-06-01,520.09
TX-0005975,CUST-00285,2026-01-20,582.57
TX-0005976,CUST-00285,2026-05-07,582.27
TX-0005977,CUST-00285,2026-06-16,512.27
TX-0005978,CUST-00285,2025-11-26,602.79
TX-0005979,CUST-00285,2026-04-26,646.06
TX-0005980,CUST-00285,2026-01-14,491.2
TX-0005981,CUST-00285,2026-03-24,518.63
TX-0005982,CUST-00285,2026-04-19,508.42
TX-0005983,CUST-00285,2025-12-14,438.82
TX-0005984,CUST-00285,2025-11-02,541.92
TX-0005985,CUST-00285,2026-02-17,612.81
TX-0005986,CUST-00285,2026-06-04,552.3
TX-0005987,CUST-00285,2025-11-12,618.04
TX-0005988,CUST-00285,2026-07-03,487.18
TX-0005989,CUST-00285,2025-12-10,639.62
TX-0005990,CUST-00286,2026-08-26,552.55
TX-0005991,CUST-00286,2026-06-13,470.45
TX-0005992,CUST-00286,2026-02-07,423.41
TX-0005993,CUST-00286,2026-08-03,583.55
TX-0005994,CUST-00286,2026-04-14,546.83
TX-0005995,CUST-00286,2026-04-16,406.47
TX-0005996,CUST-00286,2026-01-25,524.0
TX-0005997,CUST-00286,2026-01-10,556.31
TX-0005998,CUST-00286,2026-05-14,436.46
TX-0005999,CUST-00286,2026-08-02,508.86
TX-0006000,CUST-00286,2025-11-15,456.95
TX-0006001,CUST-00286,2026-03-09,568.96
TX-0006002,CUST-00286,2026-07-28,579.52
TX-0006003,CUST-00286,2026-05-26,459.61
TX-0006004,CUST-00286,2026-04-05,491.94
TX-0006005,CUST-00286,2026-07-07,428.21
TX-0006006,CUST-00286,2026-05-05,487.53
TX-0006007,CUST-00286,2026-06-18,530.53
TX-0006008,CUST-00287,2026-08-24,628.61
TX-0006009,CUST-00287,2026-03-29,515.39
TX-0006010,CUST-00287,2026-05-19,426.89
TX-0006011,CUST-00287,2026-06-05,501.88
TX-0006012,CUST-00287,2025-12-04,481.34
TX-0006013,CUST-00287,2025-12-06,569.66
TX-0006014,CUST-00287,2026-04-20,544.58
TX-0006015,CUST-00287,2026-03-22,499.32
TX-0006016,CUST-00287,2026-04-09,553.05
TX-0006017,CUST-00287,2026-07-05,440.63
TX-0006018,CUST-00287,2026-05-22,475.78
TX-0006019,CUST-00287,2026-06-22,569.27
TX-0006020,CUST-00287,2026-05-26,406.19
TX-0006021,CUST-00287,2026-06-25,625.65
TX-0006022,CUST-00287,2026-07-08,649.39
TX-0006023,CUST-00287,2026-03-24,523.84
TX-0006024,CUST-00287,2026-05-06,593.35
TX-0006025,CUST-00287,2026-07-30,506.76
TX-0006026,CUST-00287,2026-02-16,424.96
TX-0006027,CUST-00287,2026-04-17,645.96
TX-0006028,CUST-00287,2026-07-04,588.41
TX-0006029,CUST-00287,2025-11-02,586.51
TX-0006030,CUST-00287,2026-04-22,552.03
TX-0006031,CUST-00287,2026-01-07,564.77
TX-0006032,CUST-00288,2026-08-27,473.14
TX-0006033,CUST-00288,2026-02-12,530.04
TX-0006034,CUST-00288,2026-05-31,521.67
TX-0006035,CUST-00288,2026-04-22,436.53
TX-0006036,CUST-00288,2026-03-04,461.32
TX-0006037,CUST-00288,2026-01-14,473.4
TX-0006038,CUST-00288,2026-03-23,440.63
TX-0006039,CUST-00288,2026-01-12,640.59
TX-0006040,CUST-00288,2026-04-07,488.07
TX-0006041,CUST-00288,2026-01-03,407.3
TX-0006042,CUST-00288,2025-12-15,556.46
TX-0006043,CUST-00288,2026-06-01,504.1
TX-0006044,CUST-00288,2026-06-04,586.28
TX-0006045,CUST-00288,2026-01-04,636.37
TX-0006046,CUST-00288,2026-04-26,433.72
TX-0006047,CUST-00288,2026-07-12,427.3
TX-0006048,CUST-00288,2026-08-11,585.99
TX-0006049,CUST-00288,2025-11-11,645.35
TX-0006050,CUST-00288,2025-11-03,596.05
TX-0006051,CUST-00288,2026-07-05,440.55
TX-0006052,CUST-00288,2025-11-07,481.95
TX-0006053,CUST-00289,2026-08-31,571.83
TX-0006054,CUST-00289,2025-11-10,412.26
TX-0006055,CUST-00289,2025-12-24,649.32
TX-0006056,CUST-00289,2026-01-04,593.77
TX-0006057,CUST-00289,2026-01-06,497.58
TX-0006058,CUST-00289,2026-02-15,416.48
TX-0006059,CUST-00289,2026-01-03,549.29
TX-0006060,CUST-00289,2026-01-10,627.33
TX-0006061,CUST-00289,2026-07-14,476.28
TX-0006062,CUST-00289,2026-06-15,490.16
TX-0006063,CUST-00289,2026-02-03,596.94
TX-0006064,CUST-00289,2026-08-15,640.26
TX-0006065,CUST-00289,2026-05-24,523.41
TX-0006066,CUST-00289,2026-01-11,407.24
TX-0006067,CUST-00289,2026-06-05,493.5
TX-0006068,CUST-00289,2026-04-02,548.45
TX-0006069,CUST-00289,2026-04-04,491.12
TX-0006070,CUST-00289,2026-06-29,556.02
TX-0006071,CUST-00289,2025-12-23,460.42
TX-0006072,CUST-00290,2026-08-31,576.23
TX-0006073,CUST-00290,2026-05-17,594.49
TX-0006074,CUST-00290,2025-12-24,452.33
TX-0006075,CUST-00290,2026-06-20,534.82
TX-0006076,CUST-00290,2025-12-03,497.99
TX-0006077,CUST-00290,2026-04-23,507.47
TX-0006078,CUST-00290,2025-11-09,428.26
TX-0006079,CUST-00290,2026-06-15,576.4
TX-0006080,CUST-00290,2025-12-17,437.7
TX-0006081,CUST-00290,2026-06-16,578.61
TX-0006082,CUST-00290,2026-04-05,613.22
TX-0006083,CUST-00290,2026-05-22,626.86
TX-0006084,CUST-00290,2025-12-11,416.1
TX-0006085,CUST-00290,2025-11-25,589.21
TX-0006086,CUST-00290,2025-11-27,555.34
TX-0006087,CUST-00290,2026-08-11,550.22
TX-0006088,CUST-00290,2026-08-04,614.01
TX-0006089,CUST-00290,2026-04-23,411.6
TX-0006090,CUST-00290,2026-05-19,631.47
TX-0006091,CUST-00291,2026-08-27,647.98
TX-0006092,CUST-00291,2026-07-29,519.1
TX-0006093,CUST-00291,2026-06-23,521.99
TX-0006094,CUST-00291,2026-02-21,425.58
TX-0006095,CUST-00291,2025-12-07,540.13
TX-0006096,CUST-00291,2026-06-21,501.13
TX-0006097,CUST-00291,2026-07-21,501.31
TX-0006098,CUST-00291,2025-12-27,616.55
TX-0006099,CUST-00291,2026-01-24,420.61
TX-0006100,CUST-00291,2026-03-14,439.98
TX-0006101,CUST-00291,2026-04-23,425.34
TX-0006102,CUST-00291,2026-07-06,633.51
TX-0006103,CUST-00291,2026-02-08,423.71
TX-0006104,CUST-00291,2025-12-08,597.01
TX-0006105,CUST-00291,2026-04-30,461.22
TX-0006106,CUST-00291,2026-04-12,542.5
TX-0006107,CUST-00291,2026-08-09,516.35
TX-0006108,CUST-00291,2026-03-05,610.95
TX-0006109,CUST-00291,2025-11-21,485.64
TX-0006110,CUST-00291,2026-01-08,560.61
TX-0006111,CUST-00291,2026-06-09,540.05
TX-0006112,CUST-00291,2025-11-26,463.51
TX-0006113,CUST-00291,2026-03-03,442.93
TX-0006114,CUST-00291,2026-04-15,635.31
TX-0006115,CUST-00291,2025-12-03,484.23
TX-0006116,CUST-00291,2026-07-07,594.17
TX-0006117,CUST-00292,2026-08-31,470.61
TX-0006118,CUST-00292,2026-01-17,433.91
TX-0006119,CUST-00292,2025-11-12,569.55
TX-0006120,CUST-00292,2026-04-05,532.53
TX-0006121,CUST-00292,2025-11-16,530.13
TX-0006122,CUST-00292,2026-07-31,412.85
TX-0006123,CUST-00292,2026-08-03,550.29
TX-0006124,CUST-00292,2026-02-20,411.79
TX-0006125,CUST-00292,2026-08-10,494.61
TX-0006126,CUST-00292,2026-02-23,564.17
TX-0006127,CUST-00292,2026-04-19,607.07
TX-0006128,CUST-00292,2026-04-19,537.06
TX-0006129,CUST-00292,2026-02-13,544.64
TX-0006130,CUST-00292,2026-05-20,413.46
TX-0006131,CUST-00292,2026-03-03,401.06
TX-0006132,CUST-00292,2025-12-21,450.06
TX-0006133,CUST-00292,2026-08-12,557.56
TX-0006134,CUST-00293,2026-08-27,608.37
TX-0006135,CUST-00293,2026-04-21,574.6
TX-0006136,CUST-00293,2026-07-25,405.69
TX-0006137,CUST-00293,2026-01-03,526.75
TX-0006138,CUST-00293,2026-01-30,486.75
TX-0006139,CUST-00293,2026-01-17,571.52
TX-0006140,CUST-00293,2026-01-02,477.65
TX-0006141,CUST-00293,2025-11-05,562.18
TX-0006142,CUST-00293,2025-12-31,551.44
TX-0006143,CUST-00293,2026-07-24,469.83
TX-0006144,CUST-00293,2026-08-05,511.74
TX-0006145,CUST-00293,2026-02-14,528.19
TX-0006146,CUST-00293,2026-08-02,590.76
TX-0006147,CUST-00293,2026-05-30,575.54
TX-0006148,CUST-00293,2025-11-19,604.15
TX-0006149,CUST-00293,2026-01-06,592.71
TX-0006150,CUST-00294,2026-08-30,421.04
TX-0006151,CUST-00294,2026-07-06,574.3
TX-0006152,CUST-00294,2025-11-12,543.41
TX-0006153,CUST-00294,2026-03-10,454.33
TX-0006154,CUST-00294,2025-11-04,443.67
TX-0006155,CUST-00294,2026-07-09,483.89
TX-0006156,CUST-00294,2026-06-27,516.13
TX-0006157,CUST-00294,2025-11-12,504.72
TX-0006158,CUST-00294,2026-03-28,632.0
TX-0006159,CUST-00294,2026-01-14,519.58
TX-0006160,CUST-00294,2026-03-22,621.67
TX-0006161,CUST-00294,2026-06-07,604.44
TX-0006162,CUST-00294,2026-06-08,403.23
TX-0006163,CUST-00294,2026-04-20,557.37
TX-0006164,CUST-00294,2025-12-18,538.21
TX-0006165,CUST-00294,2026-06-27,452.79
TX-0006166,CUST-00294,2026-01-16,567.38
TX-0006167,CUST-00294,2025-12-09,541.26
TX-0006168,CUST-00294,2025-12-12,596.06
TX-0006169,CUST-00294,2026-06-23,566.99
TX-0006170,CUST-00294,2026-02-07,565.55
TX-0006171,CUST-00294,2026-02-11,531.29
TX-0006172,CUST-00294,2026-04-05,577.4
TX-0006173,CUST-00294,2026-01-12,552.62
TX-0006174,CUST-00294,2026-03-29,431.67
TX-0006175,CUST-00295,2026-08-28,561.5
TX-0006176,CUST-00295,2026-01-26,485.56
TX-0006177,CUST-00295,2026-05-04,461.68
TX-0006178,CUST-00295,2026-03-25,640.48
TX-0006179,CUST-00295,2025-12-11,540.26
TX-0006180,CUST-00295,2026-04-09,500.41
TX-0006181,CUST-00295,2026-01-16,531.93
TX-0006182,CUST-00295,2026-07-26,643.96
TX-0006183,CUST-00295,2026-07-29,408.57
TX-0006184,CUST-00295,2026-04-20,542.15
TX-0006185,CUST-00295,2026-06-17,551.08
TX-0006186,CUST-00295,2026-03-10,595.36
TX-0006187,CUST-00295,2026-07-05,510.15
TX-0006188,CUST-00295,2026-05-01,572.17
TX-0006189,CUST-00295,2025-12-19,524.09
TX-0006190,CUST-00295,2026-01-08,451.54
TX-0006191,CUST-00295,2026-02-28,513.63
TX-0006192,CUST-00295,2026-06-20,592.98
TX-0006193,CUST-00295,2026-03-08,469.86
TX-0006194,CUST-00295,2026-05-28,588.6
TX-0006195,CUST-00295,2026-03-19,444.39
TX-0006196,CUST-00295,2026-06-24,540.77
TX-0006197,CUST-00295,2025-11-16,576.38
TX-0006198,CUST-00296,2026-08-28,577.72
TX-0006199,CUST-00296,2026-07-03,470.65
TX-0006200,CUST-00296,2026-03-12,531.65
TX-0006201,CUST-00296,2026-04-28,461.85
TX-0006202,CUST-00296,2026-05-06,635.55
TX-0006203,CUST-00296,2026-02-22,462.65
TX-0006204,CUST-00296,2025-12-28,566.84
TX-0006205,CUST-00296,2026-07-26,533.16
TX-0006206,CUST-00296,2026-07-05,451.14
TX-0006207,CUST-00296,2026-01-05,444.74
TX-0006208,CUST-00296,2026-02-27,643.35
TX-0006209,CUST-00296,2026-05-07,619.31
TX-0006210,CUST-00296,2026-08-06,468.43
TX-0006211,CUST-00296,2026-04-26,439.31
TX-0006212,CUST-00296,2025-11-08,458.9
TX-0006213,CUST-00296,2025-12-20,450.33
TX-0006214,CUST-00296,2026-02-18,539.05
TX-0006215,CUST-00296,2026-03-03,456.46
TX-0006216,CUST-00296,2026-02-03,424.25
TX-0006217,CUST-00297,2026-08-30,420.6
TX-0006218,CUST-00297,2026-05-25,491.22
TX-0006219,CUST-00297,2025-11-11,536.81
TX-0006220,CUST-00297,2026-02-15,588.68
TX-0006221,CUST-00297,2026-05-16,579.83
TX-0006222,CUST-00297,2026-03-12,641.55
TX-0006223,CUST-00297,2026-05-06,649.76
TX-0006224,CUST-00297,2026-02-25,559.6
TX-0006225,CUST-00297,2026-01-14,463.04
TX-0006226,CUST-00297,2026-07-23,560.77
TX-0006227,CUST-00297,2026-03-23,639.1
TX-0006228,CUST-00297,2026-02-25,626.17
TX-0006229,CUST-00297,2026-04-24,636.72
TX-0006230,CUST-00297,2026-04-17,621.2
TX-0006231,CUST-00297,2026-02-28,420.53
TX-0006232,CUST-00297,2026-01-06,440.2
TX-0006233,CUST-00298,2026-08-31,644.24
TX-0006234,CUST-00298,2026-07-17,453.04
TX-0006235,CUST-00298,2026-01-21,572.71
TX-0006236,CUST-00298,2026-02-16,557.79
TX-0006237,CUST-00298,2025-11-24,451.68
TX-0006238,CUST-00298,2026-03-04,556.38
TX-0006239,CUST-00298,2026-01-31,542.6
TX-0006240,CUST-00298,2026-06-24,580.77
TX-0006241,CUST-00298,2026-07-02,418.31
TX-0006242,CUST-00298,2026-03-01,509.06
TX-0006243,CUST-00298,2026-08-11,462.57
TX-0006244,CUST-00298,2025-12-29,443.97
TX-0006245,CUST-00298,2025-12-24,633.25
TX-0006246,CUST-00298,2025-12-07,490.15
TX-0006247,CUST-00298,2025-11-27,476.29
TX-0006248,CUST-00298,2026-07-08,629.08
TX-0006249,CUST-00298,2025-12-16,556.88
TX-0006250,CUST-00298,2026-08-07,527.75
TX-0006251,CUST-00298,2025-11-24,421.45
TX-0006252,CUST-00298,2026-03-06,527.24
TX-0006253,CUST-00298,2026-03-18,420.71
TX-0006254,CUST-00298,2025-12-27,465.58
TX-0006255,CUST-00299,2026-08-28,559.76
TX-0006256,CUST-00299,2026-05-20,640.58
TX-0006257,CUST-00299,2026-03-26,629.33
TX-0006258,CUST-00299,2026-04-04,488.71
TX-0006259,CUST-00299,2025-12-12,458.96
TX-0006260,CUST-00299,2026-06-14,576.87
TX-0006261,CUST-00299,2026-07-19,646.51
TX-0006262,CUST-00299,2026-05-26,638.48
TX-0006263,CUST-00299,2026-04-09,530.98
TX-0006264,CUST-00299,2026-08-02,549.44
TX-0006265,CUST-00299,2026-05-27,568.62
TX-0006266,CUST-00299,2026-04-11,574.64
TX-0006267,CUST-00299,2026-03-17,436.94
TX-0006268,CUST-00299,2026-06-06,629.8
TX-0006269,CUST-00299,2026-07-12,557.29
TX-0006270,CUST-00299,2026-02-10,425.77
TX-0006271,CUST-00299,2026-07-03,405.13
TX-0006272,CUST-00299,2026-05-24,490.84
TX-0006273,CUST-00299,2026-02-12,530.39
TX-0006274,CUST-00299,2026-02-17,568.63
TX-0006275,CUST-00299,2026-02-02,435.04
TX-0006276,CUST-00300,2026-08-27,556.34
TX-0006277,CUST-00300,2025-11-02,563.31
TX-0006278,CUST-00300,2026-03-07,461.44
TX-0006279,CUST-00300,2026-05-13,602.69
TX-0006280,CUST-00300,2026-07-22,558.08
TX-0006281,CUST-00300,2026-08-06,430.1
TX-0006282,CUST-00300,2026-02-07,504.43
TX-0006283,CUST-00300,2026-01-12,579.53
TX-0006284,CUST-00300,2026-07-29,538.77
TX-0006285,CUST-00300,2026-06-28,436.22
TX-0006286,CUST-00300,2026-01-30,429.99
TX-0006287,CUST-00300,2026-06-08,418.4
TX-0006288,CUST-00300,2026-01-21,415.88
TX-0006289,CUST-00300,2026-03-19,456.13
TX-0006290,CUST-00300,2025-12-20,602.42
TX-0006291,CUST-00300,2026-08-09,613.53
TX-0006292,CUST-00301,2026-08-29,593.34
TX-0006293,CUST-00301,2026-03-17,434.25
TX-0006294,CUST-00301,2026-04-06,581.1
TX-0006295,CUST-00301,2026-07-18,628.31
TX-0006296,CUST-00301,2025-11-18,559.33
TX-0006297,CUST-00301,2026-03-27,521.18
TX-0006298,CUST-00301,2025-12-26,445.34
TX-0006299,CUST-00301,2026-05-08,581.78
TX-0006300,CUST-00301,2026-06-24,535.24
TX-0006301,CUST-00301,2026-03-17,448.81
TX-0006302,CUST-00301,2025-11-08,572.59
TX-0006303,CUST-00301,2026-04-25,445.69
TX-0006304,CUST-00301,2026-04-11,635.95
TX-0006305,CUST-00301,2026-03-23,532.01
TX-0006306,CUST-00301,2026-06-18,645.34
TX-0006307,CUST-00301,2026-05-02,635.76
TX-0006308,CUST-00301,2025-12-07,573.73
TX-0006309,CUST-00301,2026-02-15,458.6
TX-0006310,CUST-00302,2026-08-29,509.45
TX-0006311,CUST-00302,2026-01-29,402.54
TX-0006312,CUST-00302,2026-07-25,548.83
TX-0006313,CUST-00302,2026-08-05,581.12
TX-0006314,CUST-00302,2026-06-28,583.13
TX-0006315,CUST-00302,2025-12-04,637.43
TX-0006316,CUST-00302,2026-01-15,596.18
TX-0006317,CUST-00302,2025-11-20,575.18
TX-0006318,CUST-00302,2026-06-11,490.22
TX-0006319,CUST-00302,2026-04-09,637.32
TX-0006320,CUST-00302,2026-02-07,597.26
TX-0006321,CUST-00302,2026-01-30,642.17
TX-0006322,CUST-00302,2026-06-10,480.42
TX-0006323,CUST-00302,2026-05-17,561.2
TX-0006324,CUST-00302,2026-08-08,542.8
TX-0006325,CUST-00302,2026-02-15,602.17
TX-0006326,CUST-00303,2026-08-27,581.03
TX-0006327,CUST-00303,2026-05-20,436.51
TX-0006328,CUST-00303,2025-11-02,623.69
TX-0006329,CUST-00303,2026-07-15,615.87
TX-0006330,CUST-00303,2026-03-21,524.45
TX-0006331,CUST-00303,2026-04-12,525.17
TX-0006332,CUST-00303,2026-07-28,450.05
TX-0006333,CUST-00303,2026-04-04,612.43
TX-0006334,CUST-00303,2026-05-19,600.24
TX-0006335,CUST-00303,2026-06-27,568.36
TX-0006336,CUST-00303,2026-04-10,614.21
TX-0006337,CUST-00303,2025-12-22,506.41
TX-0006338,CUST-00303,2026-01-23,412.02
TX-0006339,CUST-00303,2025-11-20,498.97
TX-0006340,CUST-00303,2026-05-02,490.24
TX-0006341,CUST-00303,2026-01-08,465.99
TX-0006342,CUST-00303,2026-03-15,608.69
TX-0006343,CUST-00303,2026-07-22,585.18
TX-0006344,CUST-00303,2025-11-14,641.45
TX-0006345,CUST-00303,2025-11-02,630.95
TX-0006346,CUST-00303,2026-03-10,617.69
TX-0006347,CUST-00303,2026-05-25,641.66
TX-0006348,CUST-00303,2026-03-07,631.97
TX-0006349,CUST-00303,2026-03-13,500.52
TX-0006350,CUST-00304,2026-08-27,547.66
TX-0006351,CUST-00304,2026-04-03,575.14
TX-0006352,CUST-00304,2026-04-19,501.51
TX-0006353,CUST-00304,2026-05-27,543.33
TX-0006354,CUST-00304,2026-08-05,639.47
TX-0006355,CUST-00304,2026-02-22,472.48
TX-0006356,CUST-00304,2026-07-03,401.37
TX-0006357,CUST-00304,2026-01-18,614.22
TX-0006358,CUST-00304,2025-12-09,423.83
TX-0006359,CUST-00304,2026-07-27,438.06
TX-0006360,CUST-00304,2026-04-07,446.43
TX-0006361,CUST-00304,2026-02-01,583.96
TX-0006362,CUST-00304,2026-07-27,537.43
TX-0006363,CUST-00304,2025-12-14,495.7
TX-0006364,CUST-00304,2026-04-02,506.19
TX-0006365,CUST-00304,2026-05-15,438.29
TX-0006366,CUST-00304,2026-06-11,416.2
TX-0006367,CUST-00305,2026-08-27,644.47
TX-0006368,CUST-00305,2026-03-23,469.95
TX-0006369,CUST-00305,2026-05-17,431.78
TX-0006370,CUST-00305,2026-02-26,588.79
TX-0006371,CUST-00305,2025-11-22,597.44
TX-0006372,CUST-00305,2026-03-01,553.15
TX-0006373,CUST-00305,2025-12-24,501.06
TX-0006374,CUST-00305,2026-04-10,614.87
TX-0006375,CUST-00305,2025-12-28,400.43
TX-0006376,CUST-00305,2026-06-05,521.95
TX-0006377,CUST-00305,2026-05-29,421.56
TX-0006378,CUST-00305,2026-07-19,611.55
TX-0006379,CUST-00305,2026-08-10,582.54
TX-0006380,CUST-00305,2026-08-04,647.05
TX-0006381,CUST-00305,2026-03-28,492.81
TX-0006382,CUST-00305,2025-11-26,551.46
TX-0006383,CUST-00305,2025-12-26,460.06
TX-0006384,CUST-00306,2026-08-29,551.79
TX-0006385,CUST-00306,2026-01-26,634.97
TX-0006386,CUST-00306,2026-05-21,494.19
TX-0006387,CUST-00306,2026-04-25,648.33
TX-0006388,CUST-00306,2026-06-25,419.24
TX-0006389,CUST-00306,2026-02-12,547.44
TX-0006390,CUST-00306,2026-08-08,445.11
TX-0006391,CUST-00306,2026-05-28,555.55
TX-0006392,CUST-00306,2026-02-08,527.61
TX-0006393,CUST-00306,2026-07-10,495.94
TX-0006394,CUST-00306,2026-03-03,560.85
TX-0006395,CUST-00306,2026-08-04,600.87
TX-0006396,CUST-00306,2026-01-01,566.2
TX-0006397,CUST-00306,2026-04-18,623.56
TX-0006398,CUST-00306,2025-12-19,433.31
TX-0006399,CUST-00306,2025-11-27,639.17
TX-0006400,CUST-00306,2025-12-03,480.23
TX-0006401,CUST-00306,2025-12-02,405.05
TX-0006402,CUST-00307,2026-08-27,587.39
TX-0006403,CUST-00307,2026-04-10,531.15
TX-0006404,CUST-00307,2026-01-14,419.12
TX-0006405,CUST-00307,2026-06-04,620.63
TX-0006406,CUST-00307,2026-08-07,409.42
TX-0006407,CUST-00307,2026-01-15,472.99
TX-0006408,CUST-00307,2026-07-27,513.16
TX-0006409,CUST-00307,2026-03-14,462.52
TX-0006410,CUST-00307,2026-04-22,562.99
TX-0006411,CUST-00307,2026-01-27,421.26
TX-0006412,CUST-00307,2026-03-04,493.48
TX-0006413,CUST-00307,2026-01-12,580.41
TX-0006414,CUST-00307,2026-04-04,536.15
TX-0006415,CUST-00307,2026-01-03,426.91
TX-0006416,CUST-00307,2026-06-04,429.55
TX-0006417,CUST-00307,2026-02-06,573.33
TX-0006418,CUST-00307,2026-04-19,603.63
TX-0006419,CUST-00307,2026-06-22,529.19
TX-0006420,CUST-00307,2026-01-18,565.21
TX-0006421,CUST-00307,2026-06-10,529.23
TX-0006422,CUST-00307,2026-04-09,559.61
TX-0006423,CUST-00307,2026-06-12,493.89
TX-0006424,CUST-00308,2026-08-28,625.74
TX-0006425,CUST-00308,2025-12-19,459.2
TX-0006426,CUST-00308,2026-07-10,408.79
TX-0006427,CUST-00308,2026-03-11,411.24
TX-0006428,CUST-00308,2026-06-20,552.05
TX-0006429,CUST-00308,2026-06-29,404.41
TX-0006430,CUST-00308,2026-05-24,414.54
TX-0006431,CUST-00308,2026-05-13,500.91
TX-0006432,CUST-00308,2026-07-31,551.89
TX-0006433,CUST-00308,2026-07-28,572.11
TX-0006434,CUST-00308,2026-01-17,456.09
TX-0006435,CUST-00308,2026-03-23,617.13
TX-0006436,CUST-00308,2026-01-29,414.16
TX-0006437,CUST-00308,2026-05-12,510.19
TX-0006438,CUST-00308,2026-01-07,477.72
TX-0006439,CUST-00308,2026-02-02,495.39
TX-0006440,CUST-00308,2026-02-15,413.87
TX-0006441,CUST-00308,2026-05-08,641.73
TX-0006442,CUST-00309,2026-08-30,401.33
TX-0006443,CUST-00309,2026-08-08,499.89
TX-0006444,CUST-00309,2026-01-16,621.06
TX-0006445,CUST-00309,2025-12-25,628.01
TX-0006446,CUST-00309,2026-01-29,533.45
TX-0006447,CUST-00309,2026-04-10,496.47
TX-0006448,CUST-00309,2025-12-17,411.6
TX-0006449,CUST-00309,2025-11-29,524.04
TX-0006450,CUST-00309,2026-01-31,513.77
TX-0006451,CUST-00309,2026-03-22,598.54
TX-0006452,CUST-00309,2026-01-30,456.12
TX-0006453,CUST-00309,2026-01-25,577.69
TX-0006454,CUST-00309,2026-04-20,612.39
TX-0006455,CUST-00309,2026-08-13,442.6
TX-0006456,CUST-00309,2026-07-25,517.76
TX-0006457,CUST-00309,2025-12-16,641.28
TX-0006458,CUST-00309,2025-12-27,548.72
TX-0006459,CUST-00309,2026-06-16,446.15
TX-0006460,CUST-00310,2026-08-24,452.52
TX-0006461,CUST-00310,2025-11-02,538.27
TX-0006462,CUST-00310,2025-12-15,497.45
TX-0006463,CUST-00310,2026-08-06,494.62
TX-0006464,CUST-00310,2026-07-30,463.52
TX-0006465,CUST-00310,2026-02-17,574.55
TX-0006466,CUST-00310,2026-04-29,439.57
TX-0006467,CUST-00310,2026-03-11,426.44
TX-0006468,CUST-00310,2026-07-13,564.78
TX-0006469,CUST-00310,2026-05-02,553.16
TX-0006470,CUST-00310,2026-03-15,525.08
TX-0006471,CUST-00310,2026-02-24,438.28
TX-0006472,CUST-00310,2026-03-20,414.98
TX-0006473,CUST-00310,2026-01-20,631.46
TX-0006474,CUST-00310,2026-07-24,505.88
TX-0006475,CUST-00310,2026-05-13,400.14
TX-0006476,CUST-00310,2025-12-28,441.54
TX-0006477,CUST-00310,2025-12-21,631.23
TX-0006478,CUST-00310,2026-07-28,605.2
TX-0006479,CUST-00310,2026-05-28,564.16
TX-0006480,CUST-00310,2026-05-30,450.6
TX-0006481,CUST-00310,2026-06-28,489.42
TX-0006482,CUST-00310,2025-12-16,615.49
TX-0006483,CUST-00311,2026-08-27,488.36
TX-0006484,CUST-00311,2026-01-27,459.37
TX-0006485,CUST-00311,2026-07-09,561.61
TX-0006486,CUST-00311,2026-05-03,486.47
TX-0006487,CUST-00311,2026-06-09,616.5
TX-0006488,CUST-00311,2026-03-04,587.08
TX-0006489,CUST-00311,2026-01-04,409.8
TX-0006490,CUST-00311,2026-06-29,628.78
TX-0006491,CUST-00311,2026-03-02,525.95
TX-0006492,CUST-00311,2026-02-03,402.65
TX-0006493,CUST-00311,2025-11-30,535.97
TX-0006494,CUST-00311,2026-03-11,606.29
TX-0006495,CUST-00311,2026-02-07,599.17
TX-0006496,CUST-00311,2026-05-11,573.23
TX-0006497,CUST-00311,2025-11-23,456.37
TX-0006498,CUST-00311,2026-02-24,450.53
TX-0006499,CUST-00311,2026-01-21,525.35
TX-0006500,CUST-00312,2026-08-27,577.14
TX-0006501,CUST-00312,2025-11-01,536.86
TX-0006502,CUST-00312,2025-12-31,479.72
TX-0006503,CUST-00312,2026-04-30,614.75
TX-0006504,CUST-00312,2026-07-13,558.5
TX-0006505,CUST-00312,2026-06-08,622.53
TX-0006506,CUST-00312,2026-06-01,481.71
TX-0006507,CUST-00312,2026-04-22,476.36
TX-0006508,CUST-00312,2026-03-05,503.22
TX-0006509,CUST-00312,2025-12-31,426.99
TX-0006510,CUST-00312,2025-12-01,451.17
TX-0006511,CUST-00312,2026-03-08,533.52
TX-0006512,CUST-00312,2026-02-24,410.19
TX-0006513,CUST-00312,2026-06-29,423.93
TX-0006514,CUST-00312,2025-11-09,566.13
TX-0006515,CUST-00312,2026-06-13,408.39
TX-0006516,CUST-00312,2025-12-29,527.14
TX-0006517,CUST-00312,2025-12-28,418.8
TX-0006518,CUST-00312,2026-01-30,524.84
TX-0006519,CUST-00312,2026-06-03,451.23
TX-0006520,CUST-00312,2025-12-05,472.84
TX-0006521,CUST-00312,2026-08-09,471.14
TX-0006522,CUST-00313,2026-08-29,576.53
TX-0006523,CUST-00313,2026-01-08,625.79
TX-0006524,CUST-00313,2026-02-28,457.33
TX-0006525,CUST-00313,2026-01-02,543.26
TX-0006526,CUST-00313,2026-06-19,477.17
TX-0006527,CUST-00313,2026-08-04,604.74
TX-0006528,CUST-00313,2026-08-09,460.27
TX-0006529,CUST-00313,2026-02-15,537.22
TX-0006530,CUST-00313,2026-03-03,401.11
TX-0006531,CUST-00313,2025-11-04,603.58
TX-0006532,CUST-00313,2026-05-19,521.62
TX-0006533,CUST-00313,2026-02-02,519.15
TX-0006534,CUST-00313,2026-06-15,586.15
TX-0006535,CUST-00313,2026-07-07,511.59
TX-0006536,CUST-00313,2026-06-07,483.88
TX-0006537,CUST-00313,2026-04-05,512.62
TX-0006538,CUST-00313,2026-07-13,435.77
TX-0006539,CUST-00313,2025-11-09,403.87
TX-0006540,CUST-00313,2026-07-24,402.52
TX-0006541,CUST-00313,2026-04-30,555.09
TX-0006542,CUST-00313,2026-06-21,444.91
TX-0006543,CUST-00313,2026-03-16,580.69
TX-0006544,CUST-00313,2025-12-07,423.52
TX-0006545,CUST-00314,2026-08-24,560.6
TX-0006546,CUST-00314,2026-05-06,427.68
TX-0006547,CUST-00314,2026-05-02,577.37
TX-0006548,CUST-00314,2025-12-13,426.32
TX-0006549,CUST-00314,2026-04-12,431.47
TX-0006550,CUST-00314,2026-05-21,402.98
TX-0006551,CUST-00314,2026-04-26,646.51
TX-0006552,CUST-00314,2026-02-20,551.9
TX-0006553,CUST-00314,2026-02-15,639.74
TX-0006554,CUST-00314,2025-12-15,603.56
TX-0006555,CUST-00314,2026-03-03,484.88
TX-0006556,CUST-00314,2026-05-06,472.93
TX-0006557,CUST-00314,2026-02-12,486.67
TX-0006558,CUST-00314,2026-04-26,435.0
TX-0006559,CUST-00314,2025-11-09,488.99
TX-0006560,CUST-00314,2026-04-04,477.34
TX-0006561,CUST-00314,2026-06-24,441.34
TX-0006562,CUST-00314,2026-04-25,520.23
TX-0006563,CUST-00314,2026-06-10,580.18
TX-0006564,CUST-00314,2026-01-19,450.67
TX-0006565,CUST-00314,2026-01-21,409.16
TX-0006566,CUST-00314,2026-05-15,439.28
TX-0006567,CUST-00315,2026-08-29,644.84
TX-0006568,CUST-00315,2026-03-11,445.27
TX-0006569,CUST-00315,2026-05-16,581.28
TX-0006570,CUST-00315,2026-08-08,527.3
TX-0006571,CUST-00315,2026-08-02,440.42
TX-0006572,CUST-00315,2025-11-29,633.81
TX-0006573,CUST-00315,2026-07-16,558.77
TX-0006574,CUST-00315,2026-03-29,598.08
TX-0006575,CUST-00315,2026-05-31,581.27
TX-0006576,CUST-00315,2025-11-20,442.47
TX-0006577,CUST-00315,2026-05-25,477.96
TX-0006578,CUST-00315,2026-02-28,649.11
TX-0006579,CUST-00315,2026-06-14,432.3
TX-0006580,CUST-00315,2026-06-25,631.42
TX-0006581,CUST-00315,2026-06-29,619.82
TX-0006582,CUST-00315,2026-03-15,562.61
TX-0006583,CUST-00315,2026-03-03,587.83
TX-0006584,CUST-00315,2025-11-30,581.5
TX-0006585,CUST-00315,2026-07-14,649.87
TX-0006586,CUST-00315,2026-05-07,635.47
TX-0006587,CUST-00316,2026-08-24,530.7
TX-0006588,CUST-00316,2026-02-13,534.07
TX-0006589,CUST-00316,2026-06-12,403.73
TX-0006590,CUST-00316,2026-03-20,555.94
TX-0006591,CUST-00316,2026-07-10,564.68
TX-0006592,CUST-00316,2026-05-07,517.82
TX-0006593,CUST-00316,2026-05-08,559.08
TX-0006594,CUST-00316,2026-04-09,640.53
TX-0006595,CUST-00316,2026-03-23,576.36
TX-0006596,CUST-00316,2026-08-09,405.82
TX-0006597,CUST-00316,2025-12-21,572.58
TX-0006598,CUST-00316,2026-04-14,609.87
TX-0006599,CUST-00316,2026-02-03,443.25
TX-0006600,CUST-00316,2026-08-06,497.02
TX-0006601,CUST-00316,2026-03-28,584.02
TX-0006602,CUST-00316,2025-11-06,620.91
TX-0006603,CUST-00316,2025-11-11,521.02
TX-0006604,CUST-00316,2025-12-21,417.58
TX-0006605,CUST-00316,2026-02-08,543.07
TX-0006606,CUST-00316,2025-11-19,499.1
TX-0006607,CUST-00316,2026-06-23,640.03
TX-0006608,CUST-00316,2026-06-08,426.41
TX-0006609,CUST-00316,2026-03-04,531.19
TX-0006610,CUST-00316,2025-11-24,477.82
TX-0006611,CUST-00316,2026-03-12,600.04
TX-0006612,CUST-00316,2026-06-22,586.39
TX-0006613,CUST-00317,2026-08-30,443.75
TX-0006614,CUST-00317,2026-02-21,579.52
TX-0006615,CUST-00317,2026-01-24,528.86
TX-0006616,CUST-00317,2026-02-10,456.37
TX-0006617,CUST-00317,2026-07-09,639.31
TX-0006618,CUST-00317,2026-03-22,563.95
TX-0006619,CUST-00317,2025-12-28,574.24
TX-0006620,CUST-00317,2026-01-22,607.37
TX-0006621,CUST-00317,2026-06-30,524.24
TX-0006622,CUST-00317,2026-01-03,566.78
TX-0006623,CUST-00317,2026-07-17,437.49
TX-0006624,CUST-00317,2026-07-14,558.5
TX-0006625,CUST-00317,2025-12-11,565.1
TX-0006626,CUST-00317,2025-12-12,409.05
TX-0006627,CUST-00317,2025-11-12,434.88
TX-0006628,CUST-00317,2026-04-09,458.14
TX-0006629,CUST-00317,2025-11-11,592.76
TX-0006630,CUST-00317,2025-11-26,634.14
TX-0006631,CUST-00317,2025-12-29,562.93
TX-0006632,CUST-00317,2026-01-08,471.14
TX-0006633,CUST-00317,2026-05-14,636.82
TX-0006634,CUST-00317,2026-05-27,615.16
TX-0006635,CUST-00318,2026-08-29,474.42
TX-0006636,CUST-00318,2026-04-30,481.53
TX-0006637,CUST-00318,2026-04-12,615.17
TX-0006638,CUST-00318,2026-08-12,509.01
TX-0006639,CUST-00318,2026-07-08,635.71
TX-0006640,CUST-00318,2026-03-13,512.61
TX-0006641,CUST-00318,2026-08-09,478.09
TX-0006642,CUST-00318,2026-07-24,456.12
TX-0006643,CUST-00318,2026-07-31,422.61
TX-0006644,CUST-00318,2026-07-09,440.88
TX-0006645,CUST-00318,2026-05-23,475.51
TX-0006646,CUST-00318,2026-08-11,637.54
TX-0006647,CUST-00318,2026-05-26,430.95
TX-0006648,CUST-00318,2026-04-27,619.88
TX-0006649,CUST-00318,2026-03-28,426.64
TX-0006650,CUST-00318,2026-03-30,611.2
TX-0006651,CUST-00318,2026-05-31,539.24
TX-0006652,CUST-00318,2026-06-16,583.88
TX-0006653,CUST-00318,2026-01-30,570.34
TX-0006654,CUST-00319,2026-08-29,401.97
TX-0006655,CUST-00319,2026-08-01,606.35
TX-0006656,CUST-00319,2025-12-05,480.39
TX-0006657,CUST-00319,2026-07-06,529.64
TX-0006658,CUST-00319,2026-01-08,630.21
TX-0006659,CUST-00319,2026-08-12,414.04
TX-0006660,CUST-00319,2026-01-20,504.26
TX-0006661,CUST-00319,2026-02-03,519.03
TX-0006662,CUST-00319,2026-05-23,624.39
TX-0006663,CUST-00319,2026-08-02,485.04
TX-0006664,CUST-00319,2026-07-20,487.84
TX-0006665,CUST-00319,2026-05-10,521.92
TX-0006666,CUST-00319,2026-04-18,597.64
TX-0006667,CUST-00319,2026-05-16,586.12
TX-0006668,CUST-00319,2026-08-14,436.62
TX-0006669,CUST-00319,2026-03-08,493.77
TX-0006670,CUST-00319,2026-08-14,534.8
TX-0006671,CUST-00319,2026-07-15,638.37
TX-0006672,CUST-00319,2026-04-04,626.55
TX-0006673,CUST-00319,2025-12-22,623.2
TX-0006674,CUST-00319,2026-04-22,436.67
TX-0006675,CUST-00319,2026-03-24,479.48
TX-0006676,CUST-00319,2025-11-12,621.85
TX-0006677,CUST-00319,2026-06-22,454.99
TX-0006678,CUST-00319,2026-04-20,571.68
TX-0006679,CUST-00319,2026-07-20,583.09
TX-0006680,CUST-00320,2026-08-28,565.23
TX-0006681,CUST-00320,2026-05-16,618.26
TX-0006682,CUST-00320,2026-02-21,453.17
TX-0006683,CUST-00320,2026-04-29,412.29
TX-0006684,CUST-00320,2026-08-01,422.2
TX-0006685,CUST-00320,2025-11-05,544.95
TX-0006686,CUST-00320,2026-05-06,460.78
TX-0006687,CUST-00320,2026-07-12,454.83
TX-0006688,CUST-00320,2025-11-16,429.7
TX-0006689,CUST-00320,2026-06-23,476.2
TX-0006690,CUST-00320,2026-04-01,400.11
TX-0006691,CUST-00320,2026-04-23,630.24
TX-0006692,CUST-00320,2026-07-16,570.62
TX-0006693,CUST-00320,2026-07-30,557.22
TX-0006694,CUST-00320,2025-12-26,562.85
TX-0006695,CUST-00320,2026-06-08,592.35
TX-0006696,CUST-00320,2026-04-15,522.18
TX-0006697,CUST-00320,2026-07-15,575.42
TX-0006698,CUST-00321,2026-08-27,451.39
TX-0006699,CUST-00321,2026-03-20,464.53
TX-0006700,CUST-00321,2026-01-09,489.62
TX-0006701,CUST-00321,2026-08-10,504.34
TX-0006702,CUST-00321,2026-08-08,400.69
TX-0006703,CUST-00321,2026-03-04,576.01
TX-0006704,CUST-00321,2026-08-02,540.54
TX-0006705,CUST-00321,2026-01-27,400.0
TX-0006706,CUST-00321,2026-07-31,414.86
TX-0006707,CUST-00321,2026-01-25,600.73
TX-0006708,CUST-00321,2026-02-18,579.43
TX-0006709,CUST-00321,2026-02-05,576.85
TX-0006710,CUST-00321,2026-04-07,584.9
TX-0006711,CUST-00321,2026-01-18,584.5
TX-0006712,CUST-00321,2026-04-10,418.5
TX-0006713,CUST-00321,2026-07-25,490.28
TX-0006714,CUST-00322,2026-08-28,590.65
TX-0006715,CUST-00322,2026-01-22,483.68
TX-0006716,CUST-00322,2026-05-27,595.36
TX-0006717,CUST-00322,2026-02-17,462.33
TX-0006718,CUST-00322,2025-12-23,444.28
TX-0006719,CUST-00322,2026-01-23,489.87
TX-0006720,CUST-00322,2026-04-21,474.88
TX-0006721,CUST-00322,2026-06-04,400.84
TX-0006722,CUST-00322,2026-06-07,484.41
TX-0006723,CUST-00322,2026-03-06,478.41
TX-0006724,CUST-00322,2026-01-02,411.84
TX-0006725,CUST-00322,2025-12-26,497.24
TX-0006726,CUST-00322,2026-08-03,632.66
TX-0006727,CUST-00322,2026-07-12,597.55
TX-0006728,CUST-00322,2025-11-07,627.54
TX-0006729,CUST-00322,2026-04-17,478.95
TX-0006730,CUST-00322,2026-01-28,476.64
TX-0006731,CUST-00322,2026-06-04,622.05
TX-0006732,CUST-00322,2026-04-18,493.97
TX-0006733,CUST-00322,2026-03-03,628.52
TX-0006734,CUST-00322,2025-12-18,641.6
TX-0006735,CUST-00323,2026-08-31,460.83
TX-0006736,CUST-00323,2026-01-03,475.21
TX-0006737,CUST-00323,2026-04-18,518.28
TX-0006738,CUST-00323,2026-03-22,472.87
TX-0006739,CUST-00323,2026-01-03,455.81
TX-0006740,CUST-00323,2026-06-10,574.13
TX-0006741,CUST-00323,2025-12-17,550.92
TX-0006742,CUST-00323,2026-04-13,488.54
TX-0006743,CUST-00323,2026-06-24,433.59
TX-0006744,CUST-00323,2026-07-11,586.04
TX-0006745,CUST-00323,2026-04-05,411.58
TX-0006746,CUST-00323,2026-02-16,645.96
TX-0006747,CUST-00323,2026-02-06,611.05
TX-0006748,CUST-00323,2026-01-27,509.55
TX-0006749,CUST-00323,2025-11-17,449.88
TX-0006750,CUST-00323,2026-05-14,446.28
TX-0006751,CUST-00324,2026-08-24,524.75
TX-0006752,CUST-00324,2025-11-28,431.45
TX-0006753,CUST-00324,2026-07-23,476.3
TX-0006754,CUST-00324,2026-01-07,611.5
TX-0006755,CUST-00324,2025-12-20,486.91
TX-0006756,CUST-00324,2026-07-23,566.43
TX-0006757,CUST-00324,2025-12-08,584.87
TX-0006758,CUST-00324,2026-04-11,545.77
TX-0006759,CUST-00324,2025-12-20,646.84
TX-0006760,CUST-00324,2026-06-01,543.24
TX-0006761,CUST-00324,2025-11-19,552.74
TX-0006762,CUST-00324,2026-03-06,617.28
TX-0006763,CUST-00324,2026-07-02,551.25
TX-0006764,CUST-00324,2026-03-18,430.75
TX-0006765,CUST-00324,2026-06-19,575.8
TX-0006766,CUST-00324,2026-07-03,406.64
TX-0006767,CUST-00324,2026-02-13,522.13
TX-0006768,CUST-00324,2026-02-27,649.76
TX-0006769,CUST-00325,2026-08-30,612.15
TX-0006770,CUST-00325,2026-07-08,486.6
TX-0006771,CUST-00325,2026-03-23,643.57
TX-0006772,CUST-00325,2025-12-02,504.35
TX-0006773,CUST-00325,2025-12-28,531.5
TX-0006774,CUST-00325,2025-12-28,455.99
TX-0006775,CUST-00325,2026-03-03,454.52
TX-0006776,CUST-00325,2026-01-24,400.76
TX-0006777,CUST-00325,2026-06-09,448.29
TX-0006778,CUST-00325,2026-06-23,492.73
TX-0006779,CUST-00325,2025-12-05,496.96
TX-0006780,CUST-00325,2026-01-29,611.3
TX-0006781,CUST-00325,2026-03-10,401.9
TX-0006782,CUST-00325,2026-02-11,447.18
TX-0006783,CUST-00325,2025-11-23,551.04
TX-0006784,CUST-00325,2026-08-05,632.39
TX-0006785,CUST-00325,2026-05-19,579.14
TX-0006786,CUST-00325,2026-04-03,593.01
TX-0006787,CUST-00325,2025-11-10,404.54
TX-0006788,CUST-00325,2026-08-03,638.06
TX-0006789,CUST-00325,2026-04-26,609.5
TX-0006790,CUST-00325,2026-08-07,536.18
TX-0006791,CUST-00325,2026-03-08,489.84
TX-0006792,CUST-00326,2026-08-29,466.0
TX-0006793,CUST-00326,2026-06-02,523.06
TX-0006794,CUST-00326,2026-03-08,585.63
TX-0006795,CUST-00326,2026-03-13,517.91
TX-0006796,CUST-00326,2026-02-02,521.32
TX-0006797,CUST-00326,2026-07-10,564.83
TX-0006798,CUST-00326,2026-02-03,577.36
TX-0006799,CUST-00326,2026-03-16,605.82
TX-0006800,CUST-00326,2026-03-13,448.32
TX-0006801,CUST-00326,2026-03-17,569.91
TX-0006802,CUST-00326,2026-07-24,454.74
TX-0006803,CUST-00326,2026-05-03,598.04
TX-0006804,CUST-00326,2026-04-13,524.51
TX-0006805,CUST-00326,2026-02-13,646.85
TX-0006806,CUST-00326,2026-06-08,404.89
TX-0006807,CUST-00326,2026-07-30,427.84
TX-0006808,CUST-00326,2026-06-06,581.48
TX-0006809,CUST-00326,2026-01-16,593.96
TX-0006810,CUST-00326,2026-03-06,463.76
TX-0006811,CUST-00326,2026-03-07,530.44
TX-0006812,CUST-00326,2026-08-10,570.45
TX-0006813,CUST-00326,2025-12-27,553.57
TX-0006814,CUST-00326,2026-08-08,604.25
TX-0006815,CUST-00326,2026-07-27,590.86
TX-0006816,CUST-00326,2026-05-19,558.84
TX-0006817,CUST-00327,2026-08-25,435.8
TX-0006818,CUST-00327,2026-03-13,448.31
TX-0006819,CUST-00327,2026-01-28,633.39
TX-0006820,CUST-00327,2026-04-14,544.07
TX-0006821,CUST-00327,2026-03-02,561.67
TX-0006822,CUST-00327,2026-06-16,510.14
TX-0006823,CUST-00327,2026-07-26,499.13
TX-0006824,CUST-00327,2026-01-23,625.06
TX-0006825,CUST-00327,2025-12-24,631.86
TX-0006826,CUST-00327,2026-02-09,438.21
TX-0006827,CUST-00327,2026-03-19,546.18
TX-0006828,CUST-00327,2026-07-05,452.48
TX-0006829,CUST-00327,2026-06-14,595.51
TX-0006830,CUST-00327,2025-10-30,567.96
TX-0006831,CUST-00327,2026-02-07,466.75
TX-0006832,CUST-00327,2026-01-07,526.69
TX-0006833,CUST-00327,2026-08-04,432.49
TX-0006834,CUST-00327,2026-05-12,529.56
TX-0006835,CUST-00327,2026-05-14,641.42
TX-0006836,CUST-00327,2026-01-31,517.87
TX-0006837,CUST-00327,2026-07-18,404.46
TX-0006838,CUST-00327,2025-11-07,581.31
TX-0006839,CUST-00328,2026-08-30,505.95
TX-0006840,CUST-00328,2026-06-23,466.02
TX-0006841,CUST-00328,2026-04-13,554.14
TX-0006842,CUST-00328,2026-03-30,427.86
TX-0006843,CUST-00328,2026-04-17,596.19
TX-0006844,CUST-00328,2026-04-16,552.71
TX-0006845,CUST-00328,2025-12-24,400.99
TX-0006846,CUST-00328,2026-02-18,470.71
TX-0006847,CUST-00328,2026-01-12,523.59
TX-0006848,CUST-00328,2026-05-23,649.07
TX-0006849,CUST-00328,2026-06-09,457.71
TX-0006850,CUST-00328,2025-11-28,629.49
TX-0006851,CUST-00328,2026-07-31,505.25
TX-0006852,CUST-00328,2026-05-21,495.26
TX-0006853,CUST-00328,2026-05-21,647.33
TX-0006854,CUST-00328,2026-02-20,536.2
TX-0006855,CUST-00328,2026-01-29,408.98
TX-0006856,CUST-00328,2025-12-17,420.95
TX-0006857,CUST-00328,2025-11-27,411.74
TX-0006858,CUST-00328,2026-05-29,518.95
TX-0006859,CUST-00328,2026-05-15,623.82
TX-0006860,CUST-00328,2026-01-02,449.41
TX-0006861,CUST-00328,2026-03-09,493.02
TX-0006862,CUST-00329,2026-08-25,443.62
TX-0006863,CUST-00329,2026-03-13,499.01
TX-0006864,CUST-00329,2025-11-18,556.48
TX-0006865,CUST-00329,2025-11-06,565.45
TX-0006866,CUST-00329,2026-03-08,404.05
TX-0006867,CUST-00329,2026-01-22,462.72
TX-0006868,CUST-00329,2026-07-14,615.54
TX-0006869,CUST-00329,2026-04-23,449.9
TX-0006870,CUST-00329,2026-01-26,516.99
TX-0006871,CUST-00329,2026-05-30,458.96
TX-0006872,CUST-00329,2026-08-07,543.32
TX-0006873,CUST-00329,2026-01-04,608.74
TX-0006874,CUST-00329,2025-11-27,499.42
TX-0006875,CUST-00329,2026-07-22,520.99
TX-0006876,CUST-00329,2026-01-10,508.45
TX-0006877,CUST-00329,2026-06-15,624.04
TX-0006878,CUST-00329,2026-05-28,643.54
TX-0006879,CUST-00329,2026-07-27,598.94
TX-0006880,CUST-00329,2025-12-22,561.43
TX-0006881,CUST-00329,2026-05-28,558.79
TX-0006882,CUST-00329,2026-05-26,432.16
TX-0006883,CUST-00329,2026-07-22,648.37
TX-0006884,CUST-00329,2025-11-05,559.09
TX-0006885,CUST-00329,2026-05-30,512.51
TX-0006886,CUST-00329,2026-02-04,637.52
TX-0006887,CUST-00330,2026-08-28,617.2
TX-0006888,CUST-00330,2025-11-30,486.04
TX-0006889,CUST-00330,2025-12-28,574.0
TX-0006890,CUST-00330,2026-02-06,592.8
TX-0006891,CUST-00330,2026-01-24,491.48
TX-0006892,CUST-00330,2026-07-30,442.76
TX-0006893,CUST-00330,2025-12-15,554.14
TX-0006894,CUST-00330,2026-01-05,589.01
TX-0006895,CUST-00330,2025-11-26,545.92
TX-0006896,CUST-00330,2026-07-20,404.32
TX-0006897,CUST-00330,2026-08-03,595.54
TX-0006898,CUST-00330,2026-03-10,595.68
TX-0006899,CUST-00330,2026-07-18,440.7
TX-0006900,CUST-00330,2026-04-19,629.79
TX-0006901,CUST-00330,2026-01-26,442.9
TX-0006902,CUST-00330,2026-07-27,563.37
TX-0006903,CUST-00330,2026-04-06,548.63
TX-0006904,CUST-00330,2025-11-15,626.62
TX-0006905,CUST-00330,2026-06-26,587.36
TX-0006906,CUST-00330,2026-08-08,520.1
TX-0006907,CUST-00330,2026-05-12,624.03
TX-0006908,CUST-00330,2026-04-12,640.54
TX-0006909,CUST-00330,2026-07-13,563.12
TX-0006910,CUST-00330,2026-07-13,527.32
TX-0006911,CUST-00331,2026-08-30,416.34
TX-0006912,CUST-00331,2026-04-24,486.16
TX-0006913,CUST-00331,2026-01-23,439.27
TX-0006914,CUST-00331,2026-06-28,487.08
TX-0006915,CUST-00331,2026-01-31,593.89
TX-0006916,CUST-00331,2026-04-23,529.63
TX-0006917,CUST-00331,2025-11-16,631.33
TX-0006918,CUST-00331,2025-12-27,518.36
TX-0006919,CUST-00331,2026-07-01,593.23
TX-0006920,CUST-00331,2025-12-25,460.78
TX-0006921,CUST-00331,2025-12-18,546.79
TX-0006922,CUST-00331,2026-07-04,498.52
TX-0006923,CUST-00331,2026-03-10,533.2
TX-0006924,CUST-00331,2026-06-20,631.18
TX-0006925,CUST-00331,2026-06-15,632.04
TX-0006926,CUST-00331,2026-07-01,407.84
TX-0006927,CUST-00331,2026-01-08,629.92
TX-0006928,CUST-00331,2026-03-10,498.51
TX-0006929,CUST-00331,2026-07-26,601.17
TX-0006930,CUST-00331,2026-04-10,610.72
TX-0006931,CUST-00331,2026-05-12,529.65
TX-0006932,CUST-00331,2026-01-24,602.37
TX-0006933,CUST-00331,2026-06-22,557.24
TX-0006934,CUST-00332,2026-08-29,443.6
TX-0006935,CUST-00332,2025-11-21,607.86
TX-0006936,CUST-00332,2026-05-14,633.61
TX-0006937,CUST-00332,2026-03-21,542.23
TX-0006938,CUST-00332,2026-03-21,505.83
TX-0006939,CUST-00332,2026-02-08,500.17
TX-0006940,CUST-00332,2025-12-24,569.38
TX-0006941,CUST-00332,2026-04-24,593.42
TX-0006942,CUST-00332,2026-04-16,465.36
TX-0006943,CUST-00332,2026-06-12,421.72
TX-0006944,CUST-00332,2026-01-05,503.82
TX-0006945,CUST-00332,2026-01-07,527.31
TX-0006946,CUST-00332,2026-04-03,507.78
TX-0006947,CUST-00332,2026-07-05,570.97
TX-0006948,CUST-00332,2026-02-22,643.01
TX-0006949,CUST-00332,2025-11-14,434.73
TX-0006950,CUST-00332,2026-03-04,415.81
TX-0006951,CUST-00332,2026-04-03,601.98
TX-0006952,CUST-00332,2026-02-20,507.09
TX-0006953,CUST-00332,2026-07-27,600.56
TX-0006954,CUST-00333,2026-08-28,518.13
TX-0006955,CUST-00333,2026-06-10,417.71
TX-0006956,CUST-00333,2026-06-11,624.47
TX-0006957,CUST-00333,2026-01-17,590.08
TX-0006958,CUST-00333,2026-04-30,618.62
TX-0006959,CUST-00333,2025-12-31,507.96
TX-0006960,CUST-00333,2026-03-25,429.66
TX-0006961,CUST-00333,2026-04-29,633.52
TX-0006962,CUST-00333,2025-11-08,637.27
TX-0006963,CUST-00333,2026-01-07,451.11
TX-0006964,CUST-00333,2026-06-22,448.61
TX-0006965,CUST-00333,2025-12-06,435.48
TX-0006966,CUST-00333,2026-08-01,546.03
TX-0006967,CUST-00333,2026-04-28,475.5
TX-0006968,CUST-00333,2026-04-01,569.35
TX-0006969,CUST-00333,2025-11-13,594.41
TX-0006970,CUST-00333,2026-01-26,521.54
TX-0006971,CUST-00333,2026-04-10,626.92
TX-0006972,CUST-00333,2025-11-05,544.53
TX-0006973,CUST-00333,2026-03-25,570.71
TX-0006974,CUST-00333,2026-01-18,459.29
TX-0006975,CUST-00333,2026-07-26,613.78
TX-0006976,CUST-00333,2026-02-18,551.82
TX-0006977,CUST-00333,2026-06-28,474.51
TX-0006978,CUST-00333,2026-06-06,647.48
TX-0006979,CUST-00334,2026-08-26,418.04
TX-0006980,CUST-00334,2026-02-11,642.25
TX-0006981,CUST-00334,2025-12-14,623.2
TX-0006982,CUST-00334,2026-03-08,477.35
TX-0006983,CUST-00334,2026-02-27,574.51
TX-0006984,CUST-00334,2025-12-17,596.53
TX-0006985,CUST-00334,2026-03-06,644.26
TX-0006986,CUST-00334,2026-02-11,480.31
TX-0006987,CUST-00334,2026-03-19,524.48
TX-0006988,CUST-00334,2025-12-22,466.34
TX-0006989,CUST-00334,2026-03-19,457.85
TX-0006990,CUST-00334,2026-01-17,511.11
TX-0006991,CUST-00334,2026-03-15,604.14
TX-0006992,CUST-00334,2026-07-02,483.92
TX-0006993,CUST-00334,2025-12-08,467.02
TX-0006994,CUST-00334,2026-01-25,589.83
TX-0006995,CUST-00335,2026-08-26,519.51
TX-0006996,CUST-00335,2026-05-06,433.01
TX-0006997,CUST-00335,2026-01-23,648.08
TX-0006998,CUST-00335,2026-04-12,594.48
TX-0006999,CUST-00335,2026-06-09,555.78
TX-0007000,CUST-00335,2025-12-03,473.74
TX-0007001,CUST-00335,2026-08-03,444.96
TX-0007002,CUST-00335,2025-12-27,425.65
TX-0007003,CUST-00335,2026-06-17,598.9
TX-0007004,CUST-00335,2026-07-21,473.21
TX-0007005,CUST-00335,2026-01-08,637.22
TX-0007006,CUST-00335,2026-07-09,543.57
TX-0007007,CUST-00335,2026-03-26,587.53
TX-0007008,CUST-00335,2026-03-22,424.27
TX-0007009,CUST-00335,2026-04-11,524.71
TX-0007010,CUST-00335,2026-03-17,607.76
TX-0007011,CUST-00335,2025-12-22,612.07
TX-0007012,CUST-00335,2026-03-04,574.47
TX-0007013,CUST-00335,2026-03-13,606.97
TX-0007014,CUST-00335,2026-01-24,618.32
TX-0007015,CUST-00335,2026-03-28,646.42
TX-0007016,CUST-00336,2026-08-26,527.62
TX-0007017,CUST-00336,2026-01-22,417.32
TX-0007018,CUST-00336,2026-06-09,594.1
TX-0007019,CUST-00336,2026-03-22,427.79
TX-0007020,CUST-00336,2026-03-31,551.21
TX-0007021,CUST-00336,2026-07-10,619.59
TX-0007022,CUST-00336,2025-12-13,591.07
TX-0007023,CUST-00336,2026-05-24,501.92
TX-0007024,CUST-00336,2026-07-02,567.41
TX-0007025,CUST-00336,2026-08-08,445.32
TX-0007026,CUST-00336,2026-03-05,645.17
TX-0007027,CUST-00336,2026-02-24,537.58
TX-0007028,CUST-00336,2026-02-09,569.39
TX-0007029,CUST-00336,2025-12-09,607.6
TX-0007030,CUST-00336,2026-04-10,524.38
TX-0007031,CUST-00336,2026-05-06,443.99
TX-0007032,CUST-00336,2026-02-17,473.94
TX-0007033,CUST-00336,2026-02-11,526.91
TX-0007034,CUST-00336,2026-01-05,404.39
TX-0007035,CUST-00336,2026-08-10,540.98
TX-0007036,CUST-00336,2026-06-23,469.85
TX-0007037,CUST-00336,2025-12-01,408.68
TX-0007038,CUST-00336,2026-06-24,646.66
TX-0007039,CUST-00336,2026-08-06,649.63
TX-0007040,CUST-00336,2026-01-18,552.96
TX-0007041,CUST-00337,2026-08-29,624.14
TX-0007042,CUST-00337,2026-03-05,529.83
TX-0007043,CUST-00337,2026-08-04,577.35
TX-0007044,CUST-00337,2026-03-15,646.15
TX-0007045,CUST-00337,2026-06-02,515.87
TX-0007046,CUST-00337,2025-12-10,490.32
TX-0007047,CUST-00337,2026-04-25,580.35
TX-0007048,CUST-00337,2026-02-16,494.6
TX-0007049,CUST-00337,2025-11-19,597.41
TX-0007050,CUST-00337,2026-03-22,406.91
TX-0007051,CUST-00337,2025-12-24,593.21
TX-0007052,CUST-00337,2026-07-14,529.12
TX-0007053,CUST-00337,2026-03-26,608.88
TX-0007054,CUST-00337,2026-04-26,506.2
TX-0007055,CUST-00337,2026-06-30,478.22
TX-0007056,CUST-00337,2025-11-03,466.3
TX-0007057,CUST-00337,2026-02-01,444.72
TX-0007058,CUST-00337,2026-03-21,561.19
TX-0007059,CUST-00337,2026-04-04,609.92
TX-0007060,CUST-00337,2026-02-05,521.25
TX-0007061,CUST-00337,2025-11-23,625.12
TX-0007062,CUST-00337,2025-11-12,446.32
TX-0007063,CUST-00337,2026-01-31,453.66
TX-0007064,CUST-00337,2026-08-02,605.83
TX-0007065,CUST-00338,2026-08-26,462.28
TX-0007066,CUST-00338,2026-05-20,507.39
TX-0007067,CUST-00338,2026-06-28,600.18
TX-0007068,CUST-00338,2025-12-28,408.34
TX-0007069,CUST-00338,2026-06-20,475.57
TX-0007070,CUST-00338,2026-04-13,546.4
TX-0007071,CUST-00338,2026-07-21,437.38
TX-0007072,CUST-00338,2026-05-08,621.4
TX-0007073,CUST-00338,2026-04-20,519.14
TX-0007074,CUST-00338,2026-01-11,521.19
TX-0007075,CUST-00338,2026-01-01,516.25
TX-0007076,CUST-00338,2026-02-15,464.84
TX-0007077,CUST-00338,2025-11-19,462.45
TX-0007078,CUST-00338,2025-11-03,617.25
TX-0007079,CUST-00338,2026-07-23,584.44
TX-0007080,CUST-00338,2026-07-03,407.56
TX-0007081,CUST-00338,2026-08-10,443.85
TX-0007082,CUST-00339,2026-08-24,530.77
TX-0007083,CUST-00339,2025-12-20,642.2
TX-0007084,CUST-00339,2026-04-26,436.65
TX-0007085,CUST-00339,2026-03-03,445.81
TX-0007086,CUST-00339,2026-05-24,476.61
TX-0007087,CUST-00339,2025-11-15,617.07
TX-0007088,CUST-00339,2025-12-23,425.45
TX-0007089,CUST-00339,2026-05-30,548.63
TX-0007090,CUST-00339,2026-04-16,415.34
TX-0007091,CUST-00339,2026-03-06,546.12
TX-0007092,CUST-00339,2026-05-04,472.74
TX-0007093,CUST-00339,2026-05-18,457.27
TX-0007094,CUST-00339,2026-02-02,633.92
TX-0007095,CUST-00339,2026-04-21,546.32
TX-0007096,CUST-00339,2026-07-30,475.39
TX-0007097,CUST-00339,2026-01-21,425.36
TX-0007098,CUST-00339,2026-02-07,417.91
TX-0007099,CUST-00339,2026-01-09,581.67
TX-0007100,CUST-00339,2026-01-21,466.25
TX-0007101,CUST-00340,2026-08-29,426.08
TX-0007102,CUST-00340,2025-11-15,445.79
TX-0007103,CUST-00340,2026-01-14,507.51
TX-0007104,CUST-00340,2026-05-26,562.25
TX-0007105,CUST-00340,2026-05-18,572.65
TX-0007106,CUST-00340,2026-03-17,552.8
TX-0007107,CUST-00340,2026-08-02,508.36
TX-0007108,CUST-00340,2026-01-10,410.52
TX-0007109,CUST-00340,2026-06-21,478.22
TX-0007110,CUST-00340,2026-01-31,482.41
TX-0007111,CUST-00340,2025-11-18,419.63
TX-0007112,CUST-00340,2026-05-08,577.87
TX-0007113,CUST-00340,2025-11-18,430.5
TX-0007114,CUST-00340,2026-01-20,593.86
TX-0007115,CUST-00340,2026-07-09,558.83
TX-0007116,CUST-00340,2026-06-06,601.32
TX-0007117,CUST-00340,2026-02-22,453.61
TX-0007118,CUST-00340,2025-11-29,576.66
TX-0007119,CUST-00340,2026-01-08,413.68
TX-0007120,CUST-00340,2025-12-30,526.61
TX-0007121,CUST-00340,2026-06-07,513.16
TX-0007122,CUST-00340,2026-04-17,551.66
TX-0007123,CUST-00340,2026-03-20,581.14
TX-0007124,CUST-00340,2025-12-02,468.24
TX-0007125,CUST-00340,2026-07-15,557.69
TX-0007126,CUST-00340,2026-01-31,568.7
TX-0007127,CUST-00341,2026-08-30,497.76
TX-0007128,CUST-00341,2025-12-21,590.59
TX-0007129,CUST-00341,2026-05-22,452.01
TX-0007130,CUST-00341,2026-01-24,536.46
TX-0007131,CUST-00341,2026-05-31,408.31
TX-0007132,CUST-00341,2026-06-17,412.89
TX-0007133,CUST-00341,2026-01-29,643.29
TX-0007134,CUST-00341,2025-12-02,513.67
TX-0007135,CUST-00341,2026-07-05,604.52
TX-0007136,CUST-00341,2026-02-20,465.36
TX-0007137,CUST-00341,2025-11-05,540.82
TX-0007138,CUST-00341,2026-01-09,458.16
TX-0007139,CUST-00341,2026-03-27,483.85
TX-0007140,CUST-00341,2025-11-20,594.87
TX-0007141,CUST-00341,2026-07-16,614.25
TX-0007142,CUST-00341,2026-01-24,591.83
TX-0007143,CUST-00341,2025-12-13,623.75
TX-0007144,CUST-00341,2026-07-26,457.44
TX-0007145,CUST-00341,2026-03-20,612.48
TX-0007146,CUST-00341,2026-01-09,494.35
TX-0007147,CUST-00341,2026-07-29,472.91
TX-0007148,CUST-00342,2026-08-31,617.52
TX-0007149,CUST-00342,2026-06-20,515.96
TX-0007150,CUST-00342,2026-02-03,640.53
TX-0007151,CUST-00342,2026-05-20,474.8
TX-0007152,CUST-00342,2026-01-12,405.69
TX-0007153,CUST-00342,2025-11-25,426.03
TX-0007154,CUST-00342,2026-07-01,478.1
TX-0007155,CUST-00342,2026-05-04,500.75
TX-0007156,CUST-00342,2026-04-03,461.33
TX-0007157,CUST-00342,2026-01-18,416.55
TX-0007158,CUST-00342,2026-02-04,405.92
TX-0007159,CUST-00342,2025-11-20,602.37
TX-0007160,CUST-00342,2025-11-25,577.59
TX-0007161,CUST-00342,2026-05-14,548.99
TX-0007162,CUST-00342,2026-02-10,563.06
TX-0007163,CUST-00342,2026-07-14,632.93
TX-0007164,CUST-00342,2025-11-15,506.68
TX-0007165,CUST-00342,2026-01-04,554.27
TX-0007166,CUST-00343,2026-08-25,531.75
TX-0007167,CUST-00343,2026-08-10,563.22
TX-0007168,CUST-00343,2026-03-30,579.3
TX-0007169,CUST-00343,2026-04-27,473.91
TX-0007170,CUST-00343,2026-04-24,445.54
TX-0007171,CUST-00343,2026-03-05,629.83
TX-0007172,CUST-00343,2025-12-21,623.99
TX-0007173,CUST-00343,2026-04-30,464.46
TX-0007174,CUST-00343,2026-02-17,597.2
TX-0007175,CUST-00343,2026-01-16,526.33
TX-0007176,CUST-00343,2025-11-27,497.26
TX-0007177,CUST-00343,2026-07-06,596.28
TX-0007178,CUST-00343,2025-11-17,554.37
TX-0007179,CUST-00343,2026-04-25,629.7
TX-0007180,CUST-00343,2026-05-27,564.92
TX-0007181,CUST-00343,2025-11-19,518.6
TX-0007182,CUST-00343,2026-04-11,513.65
TX-0007183,CUST-00344,2026-08-24,640.19
TX-0007184,CUST-00344,2025-11-09,604.72
TX-0007185,CUST-00344,2026-05-28,515.6
TX-0007186,CUST-00344,2026-06-11,495.86
TX-0007187,CUST-00344,2026-01-25,634.57
TX-0007188,CUST-00344,2026-04-28,589.18
TX-0007189,CUST-00344,2025-12-04,630.75
TX-0007190,CUST-00344,2025-11-06,636.92
TX-0007191,CUST-00344,2026-06-19,538.76
TX-0007192,CUST-00344,2026-03-22,646.91
TX-0007193,CUST-00344,2025-11-13,454.54
TX-0007194,CUST-00344,2026-06-17,640.8
TX-0007195,CUST-00344,2025-12-25,572.3
TX-0007196,CUST-00344,2026-03-10,433.01
TX-0007197,CUST-00344,2026-03-01,528.31
TX-0007198,CUST-00344,2025-11-13,550.72
TX-0007199,CUST-00344,2026-08-04,501.16
TX-0007200,CUST-00344,2026-03-05,621.54
TX-0007201,CUST-00344,2025-10-30,628.21
TX-0007202,CUST-00345,2026-08-28,469.8
TX-0007203,CUST-00345,2026-02-21,512.77
TX-0007204,CUST-00345,2026-04-09,454.97
TX-0007205,CUST-00345,2026-03-15,544.56
TX-0007206,CUST-00345,2025-12-04,484.46
TX-0007207,CUST-00345,2026-05-28,437.76
TX-0007208,CUST-00345,2026-05-01,434.89
TX-0007209,CUST-00345,2026-01-23,455.41
TX-0007210,CUST-00345,2026-04-11,429.49
TX-0007211,CUST-00345,2025-11-02,464.98
TX-0007212,CUST-00345,2026-03-11,624.01
TX-0007213,CUST-00345,2026-02-21,578.77
TX-0007214,CUST-00345,2026-03-15,540.23
TX-0007215,CUST-00345,2026-06-23,611.76
TX-0007216,CUST-00345,2026-03-05,606.99
TX-0007217,CUST-00345,2026-05-06,590.96
TX-0007218,CUST-00345,2026-06-28,535.76
TX-0007219,CUST-00345,2025-11-27,600.71
TX-0007220,CUST-00345,2026-01-20,410.25
TX-0007221,CUST-00345,2025-12-06,642.14
TX-0007222,CUST-00346,2026-08-25,429.98
TX-0007223,CUST-00346,2026-02-24,601.84
TX-0007224,CUST-00346,2026-02-07,484.71
TX-0007225,CUST-00346,2026-02-17,621.01
TX-0007226,CUST-00346,2026-03-02,613.23
TX-0007227,CUST-00346,2025-12-31,567.53
TX-0007228,CUST-00346,2026-05-20,643.75
TX-0007229,CUST-00346,2026-01-28,542.75
TX-0007230,CUST-00346,2026-03-16,500.88
TX-0007231,CUST-00346,2025-12-11,434.09
TX-0007232,CUST-00346,2026-01-27,507.7
TX-0007233,CUST-00346,2026-01-29,633.65
TX-0007234,CUST-00346,2025-11-08,591.91
TX-0007235,CUST-00346,2026-02-05,460.62
TX-0007236,CUST-00346,2026-01-18,405.11
TX-0007237,CUST-00346,2026-05-02,606.6
TX-0007238,CUST-00346,2026-03-23,634.18
TX-0007239,CUST-00346,2026-04-10,494.44
TX-0007240,CUST-00346,2026-05-27,648.76
TX-0007241,CUST-00346,2026-07-04,532.67
TX-0007242,CUST-00346,2025-12-07,627.76
TX-0007243,CUST-00346,2026-04-08,529.62
TX-0007244,CUST-00346,2026-04-03,538.22
TX-0007245,CUST-00346,2026-03-27,611.93
TX-0007246,CUST-00347,2026-08-24,584.66
TX-0007247,CUST-00347,2026-05-08,471.34
TX-0007248,CUST-00347,2026-03-03,552.74
TX-0007249,CUST-00347,2025-12-23,621.62
TX-0007250,CUST-00347,2026-07-03,512.18
TX-0007251,CUST-00347,2026-04-26,463.36
TX-0007252,CUST-00347,2026-07-23,433.35
TX-0007253,CUST-00347,2026-04-27,617.99
TX-0007254,CUST-00347,2026-04-17,504.7
TX-0007255,CUST-00347,2026-05-11,584.78
TX-0007256,CUST-00347,2026-07-17,453.9
TX-0007257,CUST-00347,2026-05-28,633.98
TX-0007258,CUST-00347,2026-07-27,420.4
TX-0007259,CUST-00347,2026-04-13,544.19
TX-0007260,CUST-00347,2026-03-04,457.57
TX-0007261,CUST-00347,2026-05-21,455.46
TX-0007262,CUST-00347,2026-05-08,486.3
TX-0007263,CUST-00347,2025-11-26,507.9
TX-0007264,CUST-00347,2026-02-17,504.46
TX-0007265,CUST-00348,2026-08-28,429.32
TX-0007266,CUST-00348,2025-11-12,617.97
TX-0007267,CUST-00348,2026-02-18,481.79
TX-0007268,CUST-00348,2025-11-14,478.81
TX-0007269,CUST-00348,2025-12-16,420.72
TX-0007270,CUST-00348,2026-03-18,456.97
TX-0007271,CUST-00348,2026-06-19,588.25
TX-0007272,CUST-00348,2026-02-07,571.62
TX-0007273,CUST-00348,2026-02-13,448.37
TX-0007274,CUST-00348,2026-01-24,477.83
TX-0007275,CUST-00348,2026-06-25,649.67
TX-0007276,CUST-00348,2026-01-17,547.6
TX-0007277,CUST-00348,2026-04-09,616.78
TX-0007278,CUST-00348,2026-02-27,538.19
TX-0007279,CUST-00348,2025-11-16,459.33
TX-0007280,CUST-00348,2026-02-01,493.66
TX-0007281,CUST-00348,2025-11-23,410.77
TX-0007282,CUST-00348,2025-12-24,412.97
TX-0007283,CUST-00348,2026-03-16,568.08
TX-0007284,CUST-00348,2026-06-30,508.14
TX-0007285,CUST-00348,2026-03-10,614.77
TX-0007286,CUST-00348,2026-07-18,566.79
TX-0007287,CUST-00348,2025-11-28,553.15
TX-0007288,CUST-00348,2025-12-09,443.18
TX-0007289,CUST-00349,2026-08-30,512.53
TX-0007290,CUST-00349,2026-07-29,507.16
TX-0007291,CUST-00349,2026-05-04,496.39
TX-0007292,CUST-00349,2026-02-04,529.99
TX-0007293,CUST-00349,2026-07-16,506.27
TX-0007294,CUST-00349,2026-07-08,563.0
TX-0007295,CUST-00349,2026-03-27,441.46
TX-0007296,CUST-00349,2026-08-04,490.76
TX-0007297,CUST-00349,2026-04-11,567.22
TX-0007298,CUST-00349,2026-07-23,625.19
TX-0007299,CUST-00349,2026-03-12,569.09
TX-0007300,CUST-00349,2026-07-01,419.3
TX-0007301,CUST-00349,2025-11-16,478.8
TX-0007302,CUST-00349,2026-08-14,488.57
TX-0007303,CUST-00349,2026-06-13,421.17
TX-0007304,CUST-00349,2025-11-20,597.51
TX-0007305,CUST-00349,2026-06-08,470.67
TX-0007306,CUST-00349,2026-06-09,445.45
TX-0007307,CUST-00349,2025-11-11,595.26
TX-0007308,CUST-00349,2026-01-30,632.47
TX-0007309,CUST-00349,2025-12-13,626.57
TX-0007310,CUST-00349,2026-07-29,519.76
TX-0007311,CUST-00349,2026-06-28,481.72
TX-0007312,CUST-00349,2026-05-07,473.11
TX-0007313,CUST-00350,2026-08-26,435.51
TX-0007314,CUST-00350,2026-08-04,570.72
TX-0007315,CUST-00350,2026-01-18,430.86
TX-0007316,CUST-00350,2026-07-29,427.3
TX-0007317,CUST-00350,2026-02-07,572.67
TX-0007318,CUST-00350,2026-07-03,436.58
TX-0007319,CUST-00350,2026-01-12,457.58
TX-0007320,CUST-00350,2026-01-09,450.09
TX-0007321,CUST-00350,2025-12-14,408.84
TX-0007322,CUST-00350,2025-11-26,619.08
TX-0007323,CUST-00350,2026-05-14,446.2
TX-0007324,CUST-00350,2026-05-28,447.14
TX-0007325,CUST-00350,2026-05-17,579.88
TX-0007326,CUST-00350,2026-06-01,632.86
TX-0007327,CUST-00350,2025-12-15,606.91
TX-0007328,CUST-00350,2026-02-25,402.23
TX-0007329,CUST-00351,2026-08-31,581.94
TX-0007330,CUST-00351,2026-02-08,596.98
TX-0007331,CUST-00351,2026-07-27,577.14
TX-0007332,CUST-00351,2025-12-05,601.15
TX-0007333,CUST-00351,2025-11-17,545.12
TX-0007334,CUST-00351,2026-01-02,527.01
TX-0007335,CUST-00351,2026-04-17,575.32
TX-0007336,CUST-00351,2025-12-18,630.21
TX-0007337,CUST-00351,2026-02-27,456.82
TX-0007338,CUST-00351,2026-04-01,404.39
TX-0007339,CUST-00351,2026-02-21,616.15
TX-0007340,CUST-00351,2026-05-17,416.49
TX-0007341,CUST-00351,2026-04-25,635.01
TX-0007342,CUST-00351,2026-03-17,525.42
TX-0007343,CUST-00351,2026-06-15,488.41
TX-0007344,CUST-00351,2026-03-03,502.03
TX-0007345,CUST-00351,2026-07-14,565.2
TX-0007346,CUST-00351,2026-05-22,548.04
TX-0007347,CUST-00351,2026-02-13,552.7
TX-0007348,CUST-00351,2026-06-05,404.17
TX-0007349,CUST-00351,2026-06-28,441.39
TX-0007350,CUST-00351,2025-12-07,424.49
TX-0007351,CUST-00351,2026-01-19,430.03
TX-0007352,CUST-00351,2025-12-07,567.05
TX-0007353,CUST-00351,2026-06-27,429.58
TX-0007354,CUST-00352,2026-08-28,527.1
TX-0007355,CUST-00352,2026-01-10,561.37
TX-0007356,CUST-00352,2025-12-25,432.14
TX-0007357,CUST-00352,2025-12-23,554.05
TX-0007358,CUST-00352,2026-01-05,478.1
TX-0007359,CUST-00352,2026-05-16,419.93
TX-0007360,CUST-00352,2026-06-30,422.89
TX-0007361,CUST-00352,2025-11-14,621.8
TX-0007362,CUST-00352,2026-04-28,530.84
TX-0007363,CUST-00352,2026-03-17,592.17
TX-0007364,CUST-00352,2026-04-30,562.28
TX-0007365,CUST-00352,2026-01-06,419.17
TX-0007366,CUST-00352,2026-03-29,424.13
TX-0007367,CUST-00352,2026-07-15,462.07
TX-0007368,CUST-00352,2026-05-22,579.4
TX-0007369,CUST-00352,2026-04-07,568.53
TX-0007370,CUST-00352,2026-01-13,415.44
TX-0007371,CUST-00353,2026-08-29,413.61
TX-0007372,CUST-00353,2026-03-13,606.44
TX-0007373,CUST-00353,2026-01-16,547.94
TX-0007374,CUST-00353,2026-08-03,509.71
TX-0007375,CUST-00353,2026-01-11,584.96
TX-0007376,CUST-00353,2026-07-13,434.29
TX-0007377,CUST-00353,2026-01-01,419.64
TX-0007378,CUST-00353,2026-05-07,525.14
TX-0007379,CUST-00353,2026-02-12,605.42
TX-0007380,CUST-00353,2025-11-21,515.78
TX-0007381,CUST-00353,2026-06-08,522.66
TX-0007382,CUST-00353,2025-11-26,462.55
TX-0007383,CUST-00353,2026-03-17,515.63
TX-0007384,CUST-00353,2026-05-13,595.13
TX-0007385,CUST-00353,2026-06-07,450.0
TX-0007386,CUST-00353,2025-12-30,518.55
TX-0007387,CUST-00353,2026-07-31,457.34
TX-0007388,CUST-00353,2026-08-13,488.43
TX-0007389,CUST-00353,2026-03-29,467.36
TX-0007390,CUST-00353,2026-01-25,540.16
TX-0007391,CUST-00353,2025-12-07,535.93
TX-0007392,CUST-00353,2026-01-20,471.71
TX-0007393,CUST-00353,2026-07-28,434.17
TX-0007394,CUST-00353,2026-02-12,540.3
TX-0007395,CUST-00353,2026-02-01,412.42
TX-0007396,CUST-00353,2026-05-15,446.39
TX-0007397,CUST-00354,2026-08-29,639.6
TX-0007398,CUST-00354,2026-05-15,450.94
TX-0007399,CUST-00354,2025-12-01,415.63
TX-0007400,CUST-00354,2026-05-06,433.61
TX-0007401,CUST-00354,2026-06-09,431.65
TX-0007402,CUST-00354,2026-04-20,476.6
TX-0007403,CUST-00354,2026-06-04,422.93
TX-0007404,CUST-00354,2026-02-23,525.42
TX-0007405,CUST-00354,2026-01-28,419.27
TX-0007406,CUST-00354,2025-12-12,471.18
TX-0007407,CUST-00354,2026-01-01,640.35
TX-0007408,CUST-00354,2025-11-22,508.52
TX-0007409,CUST-00354,2026-05-23,457.14
TX-0007410,CUST-00354,2025-12-20,490.32
TX-0007411,CUST-00354,2026-02-06,440.89
TX-0007412,CUST-00354,2026-03-10,522.35
TX-0007413,CUST-00354,2025-11-05,612.5
TX-0007414,CUST-00354,2026-01-19,619.03
TX-0007415,CUST-00354,2026-05-23,583.68
TX-0007416,CUST-00354,2026-02-12,525.04
TX-0007417,CUST-00354,2026-03-10,646.89
TX-0007418,CUST-00354,2025-11-14,612.21
TX-0007419,CUST-00354,2026-06-04,593.83
TX-0007420,CUST-00354,2026-03-03,464.94
TX-0007421,CUST-00355,2026-08-24,402.7
TX-0007422,CUST-00355,2025-11-06,456.86
TX-0007423,CUST-00355,2026-04-16,546.54
TX-0007424,CUST-00355,2026-04-05,540.22
TX-0007425,CUST-00355,2026-06-20,426.2
TX-0007426,CUST-00355,2026-07-01,455.58
TX-0007427,CUST-00355,2026-05-02,403.51
TX-0007428,CUST-00355,2025-12-20,573.11
TX-0007429,CUST-00355,2026-05-31,487.85
TX-0007430,CUST-00355,2025-11-28,483.73
TX-0007431,CUST-00355,2026-03-17,614.95
TX-0007432,CUST-00355,2026-06-17,437.35
TX-0007433,CUST-00355,2026-05-04,573.01
TX-0007434,CUST-00355,2026-04-17,411.06
TX-0007435,CUST-00355,2025-12-16,640.46
TX-0007436,CUST-00355,2025-11-18,551.91
TX-0007437,CUST-00355,2025-11-10,503.27
TX-0007438,CUST-00355,2026-06-23,503.76
TX-0007439,CUST-00355,2026-07-10,408.86
TX-0007440,CUST-00355,2026-03-11,461.13
TX-0007441,CUST-00355,2026-03-26,526.92
TX-0007442,CUST-00355,2026-03-27,454.39
TX-0007443,CUST-00355,2026-02-16,445.3
TX-0007444,CUST-00355,2026-05-29,481.55
TX-0007445,CUST-00355,2026-06-15,574.17
TX-0007446,CUST-00356,2026-08-25,584.03
TX-0007447,CUST-00356,2026-03-01,414.31
TX-0007448,CUST-00356,2026-04-11,641.74
TX-0007449,CUST-00356,2026-02-24,413.4
TX-0007450,CUST-00356,2026-04-13,410.1
TX-0007451,CUST-00356,2026-07-30,436.66
TX-0007452,CUST-00356,2026-04-01,439.38
TX-0007453,CUST-00356,2026-03-27,529.69
TX-0007454,CUST-00356,2025-11-21,450.1
TX-0007455,CUST-00356,2025-12-05,426.8
TX-0007456,CUST-00356,2025-12-18,515.07
TX-0007457,CUST-00356,2026-07-04,620.65
TX-0007458,CUST-00356,2026-05-15,556.88
TX-0007459,CUST-00356,2026-03-24,630.83
TX-0007460,CUST-00356,2026-06-23,600.18
TX-0007461,CUST-00356,2026-03-03,557.88
TX-0007462,CUST-00356,2025-12-22,442.67
TX-0007463,CUST-00356,2025-12-21,508.52
TX-0007464,CUST-00356,2026-07-05,640.02
TX-0007465,CUST-00356,2025-12-21,415.67
TX-0007466,CUST-00356,2026-07-23,624.54
TX-0007467,CUST-00357,2026-08-30,549.26
TX-0007468,CUST-00357,2026-05-14,471.87
TX-0007469,CUST-00357,2026-02-12,448.12
TX-0007470,CUST-00357,2026-05-07,514.72
TX-0007471,CUST-00357,2026-03-16,483.41
TX-0007472,CUST-00357,2026-05-14,462.93
TX-0007473,CUST-00357,2026-07-07,576.54
TX-0007474,CUST-00357,2026-04-09,442.07
TX-0007475,CUST-00357,2026-05-24,484.23
TX-0007476,CUST-00357,2026-01-11,513.59
TX-0007477,CUST-00357,2026-01-27,506.99
TX-0007478,CUST-00357,2026-03-19,617.77
TX-0007479,CUST-00357,2026-02-03,609.62
TX-0007480,CUST-00357,2026-04-10,579.09
TX-0007481,CUST-00357,2026-07-04,644.48
TX-0007482,CUST-00357,2025-11-06,596.65
TX-0007483,CUST-00357,2026-03-05,441.31
TX-0007484,CUST-00357,2025-11-21,443.17
TX-0007485,CUST-00357,2026-02-21,504.05
TX-0007486,CUST-00358,2026-08-28,493.11
TX-0007487,CUST-00358,2026-07-23,528.21
TX-0007488,CUST-00358,2026-06-21,438.8
TX-0007489,CUST-00358,2026-07-29,418.91
TX-0007490,CUST-00358,2025-12-23,538.85
TX-0007491,CUST-00358,2026-06-06,636.79
TX-0007492,CUST-00358,2026-01-12,592.19
TX-0007493,CUST-00358,2026-01-05,527.26
TX-0007494,CUST-00358,2025-12-24,635.52
TX-0007495,CUST-00358,2025-11-22,580.44
TX-0007496,CUST-00358,2026-07-14,562.75
TX-0007497,CUST-00358,2025-12-27,430.11
TX-0007498,CUST-00358,2026-07-22,573.23
TX-0007499,CUST-00358,2025-11-21,608.7
TX-0007500,CUST-00358,2026-06-29,418.54
TX-0007501,CUST-00358,2026-02-23,621.63
TX-0007502,CUST-00358,2026-07-07,408.77
TX-0007503,CUST-00358,2026-07-02,580.26
TX-0007504,CUST-00358,2025-12-15,528.62
TX-0007505,CUST-00358,2026-03-30,534.98
TX-0007506,CUST-00358,2026-05-09,459.62
TX-0007507,CUST-00358,2025-12-05,588.81
TX-0007508,CUST-00358,2025-12-14,480.31
TX-0007509,CUST-00359,2026-08-31,466.95
TX-0007510,CUST-00359,2026-04-21,412.65
TX-0007511,CUST-00359,2026-05-28,406.41
TX-0007512,CUST-00359,2025-12-15,597.1
TX-0007513,CUST-00359,2026-06-05,572.54
TX-0007514,CUST-00359,2026-05-11,535.8
TX-0007515,CUST-00359,2025-12-21,640.09
TX-0007516,CUST-00359,2026-05-15,491.82
TX-0007517,CUST-00359,2026-07-22,587.41
TX-0007518,CUST-00359,2025-12-24,405.33
TX-0007519,CUST-00359,2026-06-14,413.31
TX-0007520,CUST-00359,2026-02-06,624.54
TX-0007521,CUST-00359,2026-08-15,523.19
TX-0007522,CUST-00359,2025-12-11,506.0
TX-0007523,CUST-00359,2026-02-11,472.44
TX-0007524,CUST-00359,2026-08-03,618.42
TX-0007525,CUST-00359,2026-01-19,508.07
TX-0007526,CUST-00359,2026-06-23,489.51
TX-0007527,CUST-00359,2025-12-27,589.27
TX-0007528,CUST-00360,2026-08-29,485.34
TX-0007529,CUST-00360,2026-08-11,409.72
TX-0007530,CUST-00360,2026-07-22,413.48
TX-0007531,CUST-00360,2026-01-11,406.1
TX-0007532,CUST-00360,2026-07-02,614.29
TX-0007533,CUST-00360,2026-01-06,599.54
TX-0007534,CUST-00360,2025-12-17,555.95
TX-0007535,CUST-00360,2026-04-28,556.02
TX-0007536,CUST-00360,2026-07-10,574.74
TX-0007537,CUST-00360,2026-01-07,470.01
TX-0007538,CUST-00360,2026-03-20,638.68
TX-0007539,CUST-00360,2026-04-01,617.65
TX-0007540,CUST-00360,2026-06-09,584.16
TX-0007541,CUST-00360,2026-01-31,426.02
TX-0007542,CUST-00360,2026-08-07,407.04
TX-0007543,CUST-00360,2026-04-22,442.56
TX-0007544,CUST-00360,2026-01-28,490.83
TX-0007545,CUST-00360,2026-04-02,403.99
TX-0007546,CUST-00360,2025-11-06,533.34
TX-0007547,CUST-00360,2026-01-08,498.47
TX-0007548,CUST-00361,2026-08-27,517.56
TX-0007549,CUST-00361,2026-03-17,553.24
TX-0007550,CUST-00361,2026-06-09,621.41
TX-0007551,CUST-00361,2026-05-19,521.74
TX-0007552,CUST-00361,2025-11-30,400.91
TX-0007553,CUST-00361,2025-12-10,476.48
TX-0007554,CUST-00361,2026-05-17,467.82
TX-0007555,CUST-00361,2025-11-01,546.1
TX-0007556,CUST-00361,2025-11-11,430.76
TX-0007557,CUST-00361,2026-05-29,488.31
TX-0007558,CUST-00361,2026-02-25,646.52
TX-0007559,CUST-00361,2026-04-12,457.53
TX-0007560,CUST-00361,2026-07-16,542.43
TX-0007561,CUST-00361,2026-04-19,413.74
TX-0007562,CUST-00361,2026-02-12,615.23
TX-0007563,CUST-00361,2026-08-08,624.62
TX-0007564,CUST-00361,2025-12-16,597.96
TX-0007565,CUST-00361,2026-07-22,580.9
TX-0007566,CUST-00361,2026-03-16,592.74
TX-0007567,CUST-00361,2026-02-22,544.42
TX-0007568,CUST-00361,2026-06-14,412.42
TX-0007569,CUST-00361,2026-07-27,581.82
TX-0007570,CUST-00361,2026-05-29,426.39
TX-0007571,CUST-00362,2026-08-30,441.04
TX-0007572,CUST-00362,2026-03-26,597.46
TX-0007573,CUST-00362,2025-11-28,601.84
TX-0007574,CUST-00362,2025-12-18,412.39
TX-0007575,CUST-00362,2026-01-24,506.97
TX-0007576,CUST-00362,2025-12-17,490.8
TX-0007577,CUST-00362,2025-12-31,573.96
TX-0007578,CUST-00362,2026-03-01,486.8
TX-0007579,CUST-00362,2026-06-03,469.1
TX-0007580,CUST-00362,2026-02-10,433.41
TX-0007581,CUST-00362,2026-04-13,615.03
TX-0007582,CUST-00362,2026-03-04,427.88
TX-0007583,CUST-00362,2026-02-14,575.88
TX-0007584,CUST-00362,2026-04-15,451.02
TX-0007585,CUST-00362,2026-05-29,640.27
TX-0007586,CUST-00362,2026-01-22,548.25
TX-0007587,CUST-00362,2025-12-23,612.22
TX-0007588,CUST-00362,2026-03-13,510.37
TX-0007589,CUST-00362,2026-04-23,447.36
TX-0007590,CUST-00362,2026-07-03,507.99
TX-0007591,CUST-00362,2026-01-24,513.99
TX-0007592,CUST-00363,2026-08-26,548.29
TX-0007593,CUST-00363,2026-04-08,608.13
TX-0007594,CUST-00363,2026-01-22,648.33
TX-0007595,CUST-00363,2026-05-12,625.49
TX-0007596,CUST-00363,2025-12-17,601.51
TX-0007597,CUST-00363,2026-07-23,483.54
TX-0007598,CUST-00363,2026-08-02,454.76
TX-0007599,CUST-00363,2026-02-03,538.82
TX-0007600,CUST-00363,2025-11-10,523.71
TX-0007601,CUST-00363,2026-01-06,483.33
TX-0007602,CUST-00363,2025-11-18,495.69
TX-0007603,CUST-00363,2025-12-08,643.05
TX-0007604,CUST-00363,2026-02-27,594.09
TX-0007605,CUST-00363,2026-06-11,428.16
TX-0007606,CUST-00363,2025-12-31,452.3
TX-0007607,CUST-00363,2026-04-13,459.17
TX-0007608,CUST-00363,2026-01-04,625.26
TX-0007609,CUST-00364,2026-08-26,468.45
TX-0007610,CUST-00364,2026-04-15,495.17
TX-0007611,CUST-00364,2026-01-10,519.01
TX-0007612,CUST-00364,2026-01-20,422.34
TX-0007613,CUST-00364,2025-11-05,612.21
TX-0007614,CUST-00364,2026-07-06,465.61
TX-0007615,CUST-00364,2026-02-11,648.4
TX-0007616,CUST-00364,2026-06-18,425.29
TX-0007617,CUST-00364,2026-07-23,559.6
TX-0007618,CUST-00364,2026-04-21,422.96
TX-0007619,CUST-00364,2026-02-05,400.94
TX-0007620,CUST-00364,2026-07-20,530.68
TX-0007621,CUST-00364,2025-12-17,457.72
TX-0007622,CUST-00364,2026-01-02,614.38
TX-0007623,CUST-00364,2025-11-26,436.21
TX-0007624,CUST-00364,2026-05-07,436.64
TX-0007625,CUST-00364,2026-02-24,471.67
TX-0007626,CUST-00364,2026-06-04,596.72
TX-0007627,CUST-00364,2026-02-06,486.37
TX-0007628,CUST-00364,2026-03-23,568.47
TX-0007629,CUST-00364,2026-06-18,605.56
TX-0007630,CUST-00364,2026-05-18,452.31
TX-0007631,CUST-00365,2026-08-24,480.04
TX-0007632,CUST-00365,2026-02-20,567.77
TX-0007633,CUST-00365,2026-01-28,528.51
TX-0007634,CUST-00365,2026-01-01,457.11
TX-0007635,CUST-00365,2026-06-30,521.75
TX-0007636,CUST-00365,2026-06-25,527.73
TX-0007637,CUST-00365,2026-01-01,577.46
TX-0007638,CUST-00365,2026-05-21,628.01
TX-0007639,CUST-00365,2025-11-06,581.96
TX-0007640,CUST-00365,2026-07-12,419.13
TX-0007641,CUST-00365,2026-04-16,552.2
TX-0007642,CUST-00365,2026-06-12,547.55
TX-0007643,CUST-00365,2026-06-19,545.74
TX-0007644,CUST-00365,2026-05-05,487.42
TX-0007645,CUST-00365,2026-05-05,608.5
TX-0007646,CUST-00365,2026-01-08,505.48
TX-0007647,CUST-00365,2026-03-12,540.72
TX-0007648,CUST-00365,2026-01-01,540.75
TX-0007649,CUST-00365,2026-06-10,549.86
TX-0007650,CUST-00365,2026-03-18,483.66
TX-0007651,CUST-00365,2026-02-04,436.42
TX-0007652,CUST-00365,2025-11-29,648.53
TX-0007653,CUST-00365,2026-01-01,504.31
TX-0007654,CUST-00365,2025-12-06,475.34
TX-0007655,CUST-00365,2026-04-21,580.3
TX-0007656,CUST-00365,2025-12-22,563.85
TX-0007657,CUST-00366,2026-08-26,514.07
TX-0007658,CUST-00366,2025-12-01,567.38
TX-0007659,CUST-00366,2026-06-25,510.38
TX-0007660,CUST-00366,2026-02-11,518.71
TX-0007661,CUST-00366,2026-03-29,594.17
TX-0007662,CUST-00366,2026-08-10,453.93
TX-0007663,CUST-00366,2026-06-25,474.11
TX-0007664,CUST-00366,2025-11-15,526.76
TX-0007665,CUST-00366,2025-11-17,491.09
TX-0007666,CUST-00366,2026-04-18,512.96
TX-0007667,CUST-00366,2025-12-08,616.96
TX-0007668,CUST-00366,2025-11-10,611.04
TX-0007669,CUST-00366,2025-11-10,610.41
TX-0007670,CUST-00366,2026-06-16,467.17
TX-0007671,CUST-00366,2026-04-16,549.01
TX-0007672,CUST-00366,2026-02-06,450.68
TX-0007673,CUST-00366,2026-06-21,586.57
TX-0007674,CUST-00366,2026-06-16,465.75
TX-0007675,CUST-00366,2026-03-16,476.7
TX-0007676,CUST-00366,2025-12-13,583.02
TX-0007677,CUST-00366,2026-04-17,532.67
TX-0007678,CUST-00366,2025-12-21,603.23
TX-0007679,CUST-00367,2026-08-24,595.36
TX-0007680,CUST-00367,2025-11-08,451.56
TX-0007681,CUST-00367,2026-03-19,429.56
TX-0007682,CUST-00367,2026-07-10,506.7
TX-0007683,CUST-00367,2026-03-14,419.98
TX-0007684,CUST-00367,2025-12-30,515.65
TX-0007685,CUST-00367,2026-02-05,553.52
TX-0007686,CUST-00367,2025-11-01,413.59
TX-0007687,CUST-00367,2026-07-13,487.84
TX-0007688,CUST-00367,2025-12-10,610.67
TX-0007689,CUST-00367,2025-12-05,477.4
TX-0007690,CUST-00367,2026-06-23,579.72
TX-0007691,CUST-00367,2026-02-26,645.86
TX-0007692,CUST-00367,2026-08-01,423.66
TX-0007693,CUST-00367,2026-03-06,548.13
TX-0007694,CUST-00367,2026-04-13,476.92
TX-0007695,CUST-00367,2026-07-27,413.03
TX-0007696,CUST-00367,2025-10-29,513.4
TX-0007697,CUST-00367,2026-01-24,575.04
TX-0007698,CUST-00367,2026-03-20,445.24
TX-0007699,CUST-00368,2026-08-25,641.09
TX-0007700,CUST-00368,2026-04-25,429.54
TX-0007701,CUST-00368,2025-11-28,609.11
TX-0007702,CUST-00368,2025-11-25,605.67
TX-0007703,CUST-00368,2025-12-02,602.21
TX-0007704,CUST-00368,2026-04-30,578.34
TX-0007705,CUST-00368,2026-05-08,544.84
TX-0007706,CUST-00368,2026-04-12,648.28
TX-0007707,CUST-00368,2025-12-16,472.61
TX-0007708,CUST-00368,2026-04-15,625.72
TX-0007709,CUST-00368,2026-06-26,472.25
TX-0007710,CUST-00368,2026-06-28,477.5
TX-0007711,CUST-00368,2026-08-09,589.83
TX-0007712,CUST-00368,2025-12-08,428.61
TX-0007713,CUST-00368,2025-11-05,555.43
TX-0007714,CUST-00368,2026-03-02,567.2
TX-0007715,CUST-00368,2026-04-27,567.76
TX-0007716,CUST-00368,2025-11-10,486.63
TX-0007717,CUST-00368,2026-06-11,474.94
TX-0007718,CUST-00368,2026-02-26,507.35
TX-0007719,CUST-00368,2026-03-30,518.44
TX-0007720,CUST-00368,2026-07-22,437.06
TX-0007721,CUST-00368,2026-03-15,633.84
TX-0007722,CUST-00368,2026-07-22,547.54
TX-0007723,CUST-00368,2026-02-01,588.64
TX-0007724,CUST-00369,2026-08-31,494.27
TX-0007725,CUST-00369,2026-06-14,526.7
TX-0007726,CUST-00369,2025-12-09,485.4
TX-0007727,CUST-00369,2026-02-13,456.6
TX-0007728,CUST-00369,2025-12-07,406.37
TX-0007729,CUST-00369,2026-08-16,486.38
TX-0007730,CUST-00369,2026-08-09,490.42
TX-0007731,CUST-00369,2025-11-19,411.2
TX-0007732,CUST-00369,2025-11-17,532.52
TX-0007733,CUST-00369,2026-03-05,574.82
TX-0007734,CUST-00369,2026-05-09,559.68
TX-0007735,CUST-00369,2026-08-14,557.96
TX-0007736,CUST-00369,2026-07-24,480.6
TX-0007737,CUST-00369,2026-01-08,447.09
TX-0007738,CUST-00369,2025-11-06,579.05
TX-0007739,CUST-00369,2026-02-19,563.07
TX-0007740,CUST-00369,2026-07-31,443.99
TX-0007741,CUST-00369,2026-02-07,584.24
TX-0007742,CUST-00369,2026-07-16,522.35
TX-0007743,CUST-00369,2026-05-11,441.64
TX-0007744,CUST-00369,2026-03-30,472.49
TX-0007745,CUST-00369,2026-01-11,502.35
TX-0007746,CUST-00370,2026-08-25,585.02
TX-0007747,CUST-00370,2026-05-12,568.54
TX-0007748,CUST-00370,2026-01-31,552.7
TX-0007749,CUST-00370,2026-01-20,529.61
TX-0007750,CUST-00370,2026-06-15,610.7
TX-0007751,CUST-00370,2025-12-09,641.07
TX-0007752,CUST-00370,2026-03-31,633.31
TX-0007753,CUST-00370,2026-08-09,649.5
TX-0007754,CUST-00370,2026-03-25,581.09
TX-0007755,CUST-00370,2026-06-10,560.95
TX-0007756,CUST-00370,2026-06-04,411.77
TX-0007757,CUST-00370,2026-07-23,513.34
TX-0007758,CUST-00370,2025-12-29,481.28
TX-0007759,CUST-00370,2026-04-19,596.11
TX-0007760,CUST-00370,2026-02-05,573.89
TX-0007761,CUST-00370,2025-12-02,471.44
TX-0007762,CUST-00370,2026-03-30,445.43
TX-0007763,CUST-00370,2026-02-13,461.65
TX-0007764,CUST-00370,2026-07-16,431.69
TX-0007765,CUST-00370,2025-12-03,452.63
TX-0007766,CUST-00370,2026-02-26,510.3
TX-0007767,CUST-00370,2026-02-19,466.73
TX-0007768,CUST-00370,2025-12-08,531.29
TX-0007769,CUST-00371,2026-08-24,558.74
TX-0007770,CUST-00371,2026-02-19,403.95
TX-0007771,CUST-00371,2025-11-22,614.37
TX-0007772,CUST-00371,2026-02-11,558.82
TX-0007773,CUST-00371,2026-03-10,513.23
TX-0007774,CUST-00371,2025-12-17,520.54
TX-0007775,CUST-00371,2026-01-02,528.29
TX-0007776,CUST-00371,2026-04-26,444.01
TX-0007777,CUST-00371,2026-07-24,431.55
TX-0007778,CUST-00371,2026-06-12,462.86
TX-0007779,CUST-00371,2026-04-27,623.1
TX-0007780,CUST-00371,2026-03-29,459.77
TX-0007781,CUST-00371,2026-05-10,455.75
TX-0007782,CUST-00371,2026-04-23,536.44
TX-0007783,CUST-00371,2026-02-15,533.03
TX-0007784,CUST-00371,2025-11-03,637.96
TX-0007785,CUST-00371,2025-10-30,609.35
TX-0007786,CUST-00371,2026-01-08,601.32
TX-0007787,CUST-00371,2026-04-27,544.95
TX-0007788,CUST-00371,2026-01-10,487.87
TX-0007789,CUST-00371,2025-12-29,442.96
TX-0007790,CUST-00371,2025-11-15,454.17
TX-0007791,CUST-00371,2026-07-29,552.23
TX-0007792,CUST-00371,2026-04-16,572.13
TX-0007793,CUST-00371,2026-08-09,527.7
TX-0007794,CUST-00371,2025-11-29,494.22
TX-0007795,CUST-00372,2026-08-25,412.14
TX-0007796,CUST-00372,2026-07-30,555.05
TX-0007797,CUST-00372,2025-12-23,547.91
TX-0007798,CUST-00372,2025-12-17,548.07
TX-0007799,CUST-00372,2026-01-05,637.34
TX-0007800,CUST-00372,2026-05-13,499.48
TX-0007801,CUST-00372,2025-12-23,644.42
TX-0007802,CUST-00372,2026-07-11,598.98
TX-0007803,CUST-00372,2026-05-29,402.89
TX-0007804,CUST-00372,2026-03-25,438.35
TX-0007805,CUST-00372,2026-03-08,549.72
TX-0007806,CUST-00372,2025-12-26,408.26
TX-0007807,CUST-00372,2026-04-30,440.94
TX-0007808,CUST-00372,2026-05-05,463.95
TX-0007809,CUST-00372,2025-12-21,495.8
TX-0007810,CUST-00372,2025-11-12,425.3
TX-0007811,CUST-00372,2026-05-06,505.82
TX-0007812,CUST-00373,2026-08-28,469.63
TX-0007813,CUST-00373,2026-05-26,578.69
TX-0007814,CUST-00373,2025-12-01,554.46
TX-0007815,CUST-00373,2025-12-25,501.27
TX-0007816,CUST-00373,2026-05-13,551.68
TX-0007817,CUST-00373,2025-12-02,612.83
TX-0007818,CUST-00373,2026-06-18,630.01
TX-0007819,CUST-00373,2026-05-29,646.36
TX-0007820,CUST-00373,2026-03-09,604.1
TX-0007821,CUST-00373,2025-12-30,566.89
TX-0007822,CUST-00373,2026-03-02,645.82
TX-0007823,CUST-00373,2026-04-10,585.38
TX-0007824,CUST-00373,2025-11-14,574.7
TX-0007825,CUST-00373,2026-01-17,587.87
TX-0007826,CUST-00373,2025-11-04,447.69
TX-0007827,CUST-00373,2026-05-06,498.06
TX-0007828,CUST-00373,2026-03-12,587.0
TX-0007829,CUST-00373,2026-01-21,608.34
TX-0007830,CUST-00373,2026-05-24,597.13
TX-0007831,CUST-00374,2026-08-27,558.86
TX-0007832,CUST-00374,2026-07-04,621.76
TX-0007833,CUST-00374,2026-06-24,560.79
TX-0007834,CUST-00374,2025-11-30,649.76
TX-0007835,CUST-00374,2026-01-09,489.8
TX-0007836,CUST-00374,2026-01-18,534.99
TX-0007837,CUST-00374,2026-04-29,513.74
TX-0007838,CUST-00374,2026-06-05,461.48
TX-0007839,CUST-00374,2026-04-27,446.24
TX-0007840,CUST-00374,2026-02-14,435.51
TX-0007841,CUST-00374,2026-02-27,507.85
TX-0007842,CUST-00374,2026-03-16,509.56
TX-0007843,CUST-00374,2025-11-28,613.73
TX-0007844,CUST-00374,2026-04-08,420.71
TX-0007845,CUST-00374,2026-05-30,648.05
TX-0007846,CUST-00374,2025-12-15,565.01
TX-0007847,CUST-00374,2026-07-15,589.08
TX-0007848,CUST-00374,2026-07-07,591.48
TX-0007849,CUST-00374,2026-07-31,451.94
TX-0007850,CUST-00374,2026-03-26,444.5
TX-0007851,CUST-00374,2026-01-02,588.45
TX-0007852,CUST-00374,2026-06-03,463.3
TX-0007853,CUST-00375,2026-08-28,580.15
TX-0007854,CUST-00375,2025-12-08,473.96
TX-0007855,CUST-00375,2026-03-19,483.06
TX-0007856,CUST-00375,2026-01-20,593.68
TX-0007857,CUST-00375,2026-06-10,635.21
TX-0007858,CUST-00375,2026-07-22,480.33
TX-0007859,CUST-00375,2026-07-15,460.08
TX-0007860,CUST-00375,2025-11-07,418.49
TX-0007861,CUST-00375,2026-04-02,462.56
TX-0007862,CUST-00375,2026-02-03,621.51
TX-0007863,CUST-00375,2026-03-19,458.34
TX-0007864,CUST-00375,2026-07-31,512.82
TX-0007865,CUST-00375,2026-06-19,444.68
TX-0007866,CUST-00375,2026-05-22,475.16
TX-0007867,CUST-00375,2026-07-14,447.16
TX-0007868,CUST-00375,2025-11-27,634.51
TX-0007869,CUST-00375,2026-02-04,630.28
TX-0007870,CUST-00376,2026-08-26,614.25
TX-0007871,CUST-00376,2026-06-25,490.57
TX-0007872,CUST-00376,2026-07-01,601.18
TX-0007873,CUST-00376,2025-11-23,414.91
TX-0007874,CUST-00376,2026-04-18,604.83
TX-0007875,CUST-00376,2025-11-22,554.3
TX-0007876,CUST-00376,2026-03-17,488.41
TX-0007877,CUST-00376,2026-05-25,418.76
TX-0007878,CUST-00376,2025-11-02,443.69
TX-0007879,CUST-00376,2026-03-15,463.83
TX-0007880,CUST-00376,2026-06-05,626.99
TX-0007881,CUST-00376,2026-07-20,590.92
TX-0007882,CUST-00376,2026-04-03,638.86
TX-0007883,CUST-00376,2026-01-10,413.2
TX-0007884,CUST-00376,2025-11-30,415.11
TX-0007885,CUST-00376,2026-04-05,497.78
TX-0007886,CUST-00376,2026-07-27,649.74
TX-0007887,CUST-00376,2026-03-17,628.6
TX-0007888,CUST-00377,2026-08-27,469.19
TX-0007889,CUST-00377,2026-06-11,512.39
TX-0007890,CUST-00377,2025-12-29,480.7
TX-0007891,CUST-00377,2026-08-06,564.06
TX-0007892,CUST-00377,2026-01-11,553.36
TX-0007893,CUST-00377,2025-11-28,519.21
TX-0007894,CUST-00377,2025-11-08,486.18
TX-0007895,CUST-00377,2026-03-20,448.67
TX-0007896,CUST-00377,2026-04-12,556.39
TX-0007897,CUST-00377,2026-01-05,438.37
TX-0007898,CUST-00377,2025-12-23,479.6
TX-0007899,CUST-00377,2025-12-08,526.38
TX-0007900,CUST-00377,2026-01-23,532.96
TX-0007901,CUST-00377,2026-01-19,544.47
TX-0007902,CUST-00377,2026-01-28,417.39
TX-0007903,CUST-00377,2025-12-26,630.71
TX-0007904,CUST-00377,2026-02-13,413.32
TX-0007905,CUST-00377,2026-07-09,575.49
TX-0007906,CUST-00377,2026-01-11,551.12
TX-0007907,CUST-00377,2026-04-25,534.81
TX-0007908,CUST-00377,2026-04-26,575.83
TX-0007909,CUST-00377,2026-03-22,435.05
TX-0007910,CUST-00377,2026-06-17,422.36
TX-0007911,CUST-00377,2026-04-09,630.72
TX-0007912,CUST-00377,2026-06-16,539.44
TX-0007913,CUST-00377,2026-05-02,627.18
TX-0007914,CUST-00378,2026-08-24,527.29
TX-0007915,CUST-00378,2026-07-28,429.12
TX-0007916,CUST-00378,2026-01-11,575.08
TX-0007917,CUST-00378,2026-07-08,598.56
TX-0007918,CUST-00378,2026-05-09,509.01
TX-0007919,CUST-00378,2026-01-31,442.09
TX-0007920,CUST-00378,2025-11-08,421.52
TX-0007921,CUST-00378,2025-11-20,562.25
TX-0007922,CUST-00378,2026-01-21,439.43
TX-0007923,CUST-00378,2025-12-15,491.33
TX-0007924,CUST-00378,2026-07-28,539.15
TX-0007925,CUST-00378,2026-02-21,648.73
TX-0007926,CUST-00378,2026-04-09,647.5
TX-0007927,CUST-00378,2026-03-18,431.56
TX-0007928,CUST-00378,2026-04-20,625.49
TX-0007929,CUST-00378,2026-06-10,619.17
TX-0007930,CUST-00378,2026-05-09,569.65
TX-0007931,CUST-00378,2026-06-23,621.54
TX-0007932,CUST-00378,2026-01-03,557.12
TX-0007933,CUST-00378,2026-07-09,438.14
TX-0007934,CUST-00379,2026-08-31,525.07
TX-0007935,CUST-00379,2026-02-22,459.51
TX-0007936,CUST-00379,2026-06-03,473.19
TX-0007937,CUST-00379,2026-04-27,523.88
TX-0007938,CUST-00379,2026-02-20,497.56
TX-0007939,CUST-00379,2026-04-28,428.93
TX-0007940,CUST-00379,2026-04-07,616.4
TX-0007941,CUST-00379,2026-02-24,436.53
TX-0007942,CUST-00379,2025-12-06,505.97
TX-0007943,CUST-00379,2026-04-20,550.16
TX-0007944,CUST-00379,2025-11-09,552.22
TX-0007945,CUST-00379,2026-02-14,574.48
TX-0007946,CUST-00379,2026-05-27,425.84
TX-0007947,CUST-00379,2026-05-22,404.34
TX-0007948,CUST-00379,2026-06-21,513.66
TX-0007949,CUST-00379,2026-04-16,583.58
TX-0007950,CUST-00379,2025-11-16,441.78
TX-0007951,CUST-00379,2026-02-18,476.67
TX-0007952,CUST-00379,2026-05-15,495.48
TX-0007953,CUST-00379,2026-01-24,417.89
TX-0007954,CUST-00379,2026-02-22,485.7
TX-0007955,CUST-00379,2026-04-27,578.94
TX-0007956,CUST-00379,2026-01-27,449.81
TX-0007957,CUST-00380,2026-08-24,604.73
TX-0007958,CUST-00380,2025-10-29,474.93
TX-0007959,CUST-00380,2025-12-05,565.97
TX-0007960,CUST-00380,2026-07-17,617.82
TX-0007961,CUST-00380,2026-07-19,529.0
TX-0007962,CUST-00380,2026-06-20,481.85
TX-0007963,CUST-00380,2026-06-13,600.19
TX-0007964,CUST-00380,2025-12-04,529.93
TX-0007965,CUST-00380,2026-04-13,520.08
TX-0007966,CUST-00380,2026-01-08,606.55
TX-0007967,CUST-00380,2026-04-12,591.21
TX-0007968,CUST-00380,2026-04-22,560.48
TX-0007969,CUST-00380,2026-07-25,614.34
TX-0007970,CUST-00380,2026-06-27,497.03
TX-0007971,CUST-00380,2026-07-11,414.15
TX-0007972,CUST-00380,2026-04-15,593.07
TX-0007973,CUST-00380,2026-06-13,449.26
TX-0007974,CUST-00380,2026-03-08,409.15
TX-0007975,CUST-00380,2026-06-24,624.41
TX-0007976,CUST-00380,2025-12-19,531.1
TX-0007977,CUST-00381,2026-08-26,425.98
TX-0007978,CUST-00381,2026-07-31,611.3
TX-0007979,CUST-00381,2026-01-20,429.99
TX-0007980,CUST-00381,2026-08-03,645.17
TX-0007981,CUST-00381,2026-08-05,557.13
TX-0007982,CUST-00381,2025-12-28,442.94
TX-0007983,CUST-00381,2026-01-19,417.6
TX-0007984,CUST-00381,2026-07-10,420.28
TX-0007985,CUST-00381,2026-04-01,648.5
TX-0007986,CUST-00381,2026-05-10,469.13
TX-0007987,CUST-00381,2026-02-18,529.65
TX-0007988,CUST-00381,2026-07-26,610.53
TX-0007989,CUST-00381,2026-05-21,538.74
TX-0007990,CUST-00381,2025-11-23,637.66
TX-0007991,CUST-00381,2026-05-09,509.85
TX-0007992,CUST-00381,2026-01-01,622.2
TX-0007993,CUST-00381,2026-05-09,495.17
TX-0007994,CUST-00381,2026-07-12,476.03
TX-0007995,CUST-00381,2025-12-24,632.6
TX-0007996,CUST-00381,2026-03-05,557.77
TX-0007997,CUST-00381,2026-02-15,497.5
TX-0007998,CUST-00381,2026-03-24,403.12
TX-0007999,CUST-00381,2026-06-23,436.86
TX-0008000,CUST-00382,2026-08-29,563.51
TX-0008001,CUST-00382,2026-03-04,434.09
TX-0008002,CUST-00382,2026-07-21,495.65
TX-0008003,CUST-00382,2026-05-26,462.26
TX-0008004,CUST-00382,2026-07-04,436.53
TX-0008005,CUST-00382,2026-03-06,464.05
TX-0008006,CUST-00382,2026-03-14,589.52
TX-0008007,CUST-00382,2026-06-02,613.19
TX-0008008,CUST-00382,2026-01-12,557.05
TX-0008009,CUST-00382,2026-05-29,626.91
TX-0008010,CUST-00382,2026-03-19,558.34
TX-0008011,CUST-00382,2026-08-12,502.91
TX-0008012,CUST-00382,2026-05-13,482.93
TX-0008013,CUST-00382,2026-01-23,437.08
TX-0008014,CUST-00382,2025-12-30,413.84
TX-0008015,CUST-00382,2025-11-23,568.67
TX-0008016,CUST-00382,2025-12-11,524.36
TX-0008017,CUST-00383,2026-08-30,507.1
TX-0008018,CUST-00383,2026-05-18,485.81
TX-0008019,CUST-00383,2025-11-08,572.82
TX-0008020,CUST-00383,2026-05-11,580.34
TX-0008021,CUST-00383,2026-03-21,577.35
TX-0008022,CUST-00383,2026-02-24,580.64
TX-0008023,CUST-00383,2026-07-28,455.65
TX-0008024,CUST-00383,2026-01-22,403.24
TX-0008025,CUST-00383,2026-03-23,618.95
TX-0008026,CUST-00383,2026-07-05,552.39
TX-0008027,CUST-00383,2026-03-26,631.49
TX-0008028,CUST-00383,2026-02-03,443.05
TX-0008029,CUST-00383,2026-07-25,629.33
TX-0008030,CUST-00383,2026-05-07,625.7
TX-0008031,CUST-00383,2026-02-02,461.49
TX-0008032,CUST-00383,2026-07-15,642.44
TX-0008033,CUST-00384,2026-08-25,455.73
TX-0008034,CUST-00384,2026-01-30,528.27
TX-0008035,CUST-00384,2026-05-24,605.64
TX-0008036,CUST-00384,2025-12-08,540.36
TX-0008037,CUST-00384,2026-03-13,530.7
TX-0008038,CUST-00384,2026-01-24,532.06
TX-0008039,CUST-00384,2026-03-14,504.42
TX-0008040,CUST-00384,2026-07-17,431.51
TX-0008041,CUST-00384,2025-11-13,590.07
TX-0008042,CUST-00384,2026-08-03,413.08
TX-0008043,CUST-00384,2026-01-04,626.16
TX-0008044,CUST-00384,2026-01-22,401.05
TX-0008045,CUST-00384,2026-01-26,478.01
TX-0008046,CUST-00384,2026-01-05,504.4
TX-0008047,CUST-00384,2026-02-12,517.2
TX-0008048,CUST-00384,2026-04-02,450.53
TX-0008049,CUST-00384,2025-12-05,580.35
TX-0008050,CUST-00384,2026-07-12,526.81
TX-0008051,CUST-00384,2026-05-10,442.49
TX-0008052,CUST-00384,2026-07-28,435.81
TX-0008053,CUST-00385,2026-08-26,444.04
TX-0008054,CUST-00385,2026-06-28,469.59
TX-0008055,CUST-00385,2026-07-03,583.89
TX-0008056,CUST-00385,2026-05-07,511.36
TX-0008057,CUST-00385,2025-11-16,566.08
TX-0008058,CUST-00385,2025-12-02,532.85
TX-0008059,CUST-00385,2026-02-05,410.11
TX-0008060,CUST-00385,2026-02-02,637.67
TX-0008061,CUST-00385,2025-11-12,469.03
TX-0008062,CUST-00385,2026-07-01,557.07
TX-0008063,CUST-00385,2026-06-15,536.87
TX-0008064,CUST-00385,2026-07-11,592.7
TX-0008065,CUST-00385,2025-11-17,484.8
TX-0008066,CUST-00385,2026-07-17,573.38
TX-0008067,CUST-00385,2026-01-19,455.29
TX-0008068,CUST-00385,2026-06-26,557.26
TX-0008069,CUST-00385,2026-02-06,591.02
TX-0008070,CUST-00385,2025-11-20,649.99
TX-0008071,CUST-00385,2026-07-31,450.58
TX-0008072,CUST-00385,2026-03-12,436.27
TX-0008073,CUST-00385,2026-06-28,513.56
TX-0008074,CUST-00385,2026-02-21,619.63
TX-0008075,CUST-00385,2026-04-06,567.12
TX-0008076,CUST-00385,2025-11-02,494.12
TX-0008077,CUST-00385,2026-05-12,608.56
TX-0008078,CUST-00386,2026-08-24,487.72
TX-0008079,CUST-00386,2025-12-08,628.54
TX-0008080,CUST-00386,2026-03-20,447.07
TX-0008081,CUST-00386,2026-03-05,520.81
TX-0008082,CUST-00386,2026-01-29,491.78
TX-0008083,CUST-00386,2026-01-04,610.95
TX-0008084,CUST-00386,2026-03-11,516.94
TX-0008085,CUST-00386,2026-03-18,614.68
TX-0008086,CUST-00386,2026-03-31,503.6
TX-0008087,CUST-00386,2026-01-06,425.93
TX-0008088,CUST-00386,2026-04-28,499.26
TX-0008089,CUST-00386,2026-06-17,445.16
TX-0008090,CUST-00386,2026-02-23,435.96
TX-0008091,CUST-00386,2026-01-11,455.92
TX-0008092,CUST-00386,2026-03-03,467.25
TX-0008093,CUST-00386,2026-05-01,559.92
TX-0008094,CUST-00386,2026-01-25,475.32
TX-0008095,CUST-00386,2026-05-27,421.85
TX-0008096,CUST-00386,2026-03-23,423.22
TX-0008097,CUST-00386,2026-01-18,528.81
TX-0008098,CUST-00386,2026-01-15,555.08
TX-0008099,CUST-00386,2025-12-07,512.07
TX-0008100,CUST-00386,2025-11-13,425.44
TX-0008101,CUST-00387,2026-08-27,600.03
TX-0008102,CUST-00387,2025-11-16,504.93
TX-0008103,CUST-00387,2026-06-30,438.97
TX-0008104,CUST-00387,2025-11-01,630.45
TX-0008105,CUST-00387,2026-06-07,618.53
TX-0008106,CUST-00387,2026-06-24,525.82
TX-0008107,CUST-00387,2026-04-03,554.88
TX-0008108,CUST-00387,2026-02-08,453.76
TX-0008109,CUST-00387,2026-04-12,634.62
TX-0008110,CUST-00387,2025-11-23,459.56
TX-0008111,CUST-00387,2025-11-23,648.55
TX-0008112,CUST-00387,2026-05-17,412.98
TX-0008113,CUST-00387,2026-03-14,442.95
TX-0008114,CUST-00387,2026-02-21,555.43
TX-0008115,CUST-00387,2025-11-03,624.22
TX-0008116,CUST-00387,2026-01-01,631.21
TX-0008117,CUST-00387,2026-06-13,535.58
TX-0008118,CUST-00387,2026-05-30,458.71
TX-0008119,CUST-00387,2025-11-29,447.79
TX-0008120,CUST-00387,2026-04-08,438.49
TX-0008121,CUST-00387,2026-08-09,445.49
TX-0008122,CUST-00387,2026-06-21,447.44
TX-0008123,CUST-00387,2026-07-21,616.94
TX-0008124,CUST-00387,2026-03-11,595.0
TX-0008125,CUST-00387,2026-06-01,595.81
TX-0008126,CUST-00388,2026-08-31,593.88
TX-0008127,CUST-00388,2026-05-19,480.75
TX-0008128,CUST-00388,2026-03-09,495.4
TX-0008129,CUST-00388,2026-06-06,446.92
TX-0008130,CUST-00388,2026-03-03,587.71
TX-0008131,CUST-00388,2026-03-01,588.28
TX-0008132,CUST-00388,2026-05-07,529.68
TX-0008133,CUST-00388,2026-06-25,590.94
TX-0008134,CUST-00388,2026-08-01,417.97
TX-0008135,CUST-00388,2026-08-15,494.06
TX-0008136,CUST-00388,2026-06-14,493.66
TX-0008137,CUST-00388,2026-01-23,423.44
TX-0008138,CUST-00388,2026-03-01,567.94
TX-0008139,CUST-00388,2026-05-14,597.96
TX-0008140,CUST-00388,2026-02-12,499.1
TX-0008141,CUST-00388,2025-12-09,633.73
TX-0008142,CUST-00388,2026-01-21,531.92
TX-0008143,CUST-00388,2025-11-18,451.71
TX-0008144,CUST-00388,2026-02-13,547.93
TX-0008145,CUST-00388,2026-07-20,570.83
TX-0008146,CUST-00389,2026-08-25,637.26
TX-0008147,CUST-00389,2025-11-23,557.55
TX-0008148,CUST-00389,2026-03-07,641.49
TX-0008149,CUST-00389,2025-11-24,400.65
TX-0008150,CUST-00389,2026-02-28,559.4
TX-0008151,CUST-00389,2026-06-21,473.8
TX-0008152,CUST-00389,2025-11-07,474.38
TX-0008153,CUST-00389,2026-03-26,402.72
TX-0008154,CUST-00389,2026-01-03,458.95
TX-0008155,CUST-00389,2026-08-02,562.64
TX-0008156,CUST-00389,2026-05-18,622.32
TX-0008157,CUST-00389,2025-10-30,512.14
TX-0008158,CUST-00389,2026-07-25,465.04
TX-0008159,CUST-00389,2025-12-10,428.29
TX-0008160,CUST-00389,2025-11-07,643.56
TX-0008161,CUST-00389,2026-01-19,525.98
TX-0008162,CUST-00389,2025-12-27,424.16
TX-0008163,CUST-00389,2026-08-05,536.13
TX-0008164,CUST-00389,2025-12-30,503.46
TX-0008165,CUST-00389,2025-12-13,560.58
TX-0008166,CUST-00389,2025-12-26,507.97
TX-0008167,CUST-00389,2026-06-07,520.11
TX-0008168,CUST-00389,2026-05-06,440.75
TX-0008169,CUST-00389,2026-02-01,551.43
TX-0008170,CUST-00390,2026-08-27,512.38
TX-0008171,CUST-00390,2026-04-08,469.66
TX-0008172,CUST-00390,2025-12-17,572.75
TX-0008173,CUST-00390,2026-01-21,576.68
TX-0008174,CUST-00390,2026-03-15,618.99
TX-0008175,CUST-00390,2025-11-13,456.95
TX-0008176,CUST-00390,2026-04-20,599.06
TX-0008177,CUST-00390,2026-07-17,433.24
TX-0008178,CUST-00390,2025-12-25,488.15
TX-0008179,CUST-00390,2025-12-08,431.38
TX-0008180,CUST-00390,2026-07-21,610.76
TX-0008181,CUST-00390,2026-05-07,594.65
TX-0008182,CUST-00390,2026-05-22,429.09
TX-0008183,CUST-00390,2026-01-09,461.81
TX-0008184,CUST-00390,2026-06-13,583.26
TX-0008185,CUST-00390,2026-01-23,453.89
TX-0008186,CUST-00390,2026-06-12,408.07
TX-0008187,CUST-00390,2026-04-28,549.21
TX-0008188,CUST-00390,2026-01-28,563.37
TX-0008189,CUST-00390,2026-01-09,542.15
TX-0008190,CUST-00390,2025-11-10,518.18
TX-0008191,CUST-00390,2025-11-11,615.03
TX-0008192,CUST-00390,2026-02-09,421.04
TX-0008193,CUST-00390,2026-01-21,602.52
TX-0008194,CUST-00391,2026-08-27,445.06
TX-0008195,CUST-00391,2026-02-07,509.37
TX-0008196,CUST-00391,2025-12-15,620.15
TX-0008197,CUST-00391,2026-06-12,400.03
TX-0008198,CUST-00391,2026-02-16,464.38
TX-0008199,CUST-00391,2026-03-27,605.32
TX-0008200,CUST-00391,2026-07-09,560.82
TX-0008201,CUST-00391,2025-11-24,513.89
TX-0008202,CUST-00391,2025-11-07,497.7
TX-0008203,CUST-00391,2026-06-08,454.52
TX-0008204,CUST-00391,2026-04-16,584.03
TX-0008205,CUST-00391,2026-07-21,460.68
TX-0008206,CUST-00391,2026-07-09,621.47
TX-0008207,CUST-00391,2026-03-01,411.65
TX-0008208,CUST-00391,2025-11-12,576.06
TX-0008209,CUST-00391,2026-03-21,613.63
TX-0008210,CUST-00391,2025-11-17,570.61
TX-0008211,CUST-00391,2026-08-11,451.43
TX-0008212,CUST-00391,2026-07-02,464.49
TX-0008213,CUST-00391,2026-01-24,527.33
TX-0008214,CUST-00391,2025-11-10,586.86
TX-0008215,CUST-00391,2026-03-19,481.85
TX-0008216,CUST-00391,2026-06-08,425.92
TX-0008217,CUST-00391,2026-06-16,500.2
TX-0008218,CUST-00391,2026-03-21,537.86
TX-0008219,CUST-00392,2026-08-24,566.52
TX-0008220,CUST-00392,2026-06-02,438.14
TX-0008221,CUST-00392,2026-04-06,578.44
TX-0008222,CUST-00392,2026-08-06,563.98
TX-0008223,CUST-00392,2025-12-03,440.8
TX-0008224,CUST-00392,2026-06-19,539.73
TX-0008225,CUST-00392,2026-07-26,493.85
TX-0008226,CUST-00392,2026-03-28,477.22
TX-0008227,CUST-00392,2026-06-04,638.37
TX-0008228,CUST-00392,2026-05-19,535.51
TX-0008229,CUST-00392,2026-05-19,613.59
TX-0008230,CUST-00392,2026-02-01,480.69
TX-0008231,CUST-00392,2026-08-02,538.11
TX-0008232,CUST-00392,2026-07-17,536.42
TX-0008233,CUST-00392,2026-04-13,507.85
TX-0008234,CUST-00392,2026-01-05,611.98
TX-0008235,CUST-00392,2026-04-16,449.9
TX-0008236,CUST-00392,2026-07-17,497.64
TX-0008237,CUST-00392,2026-07-17,533.54
TX-0008238,CUST-00392,2026-04-24,557.14
TX-0008239,CUST-00392,2026-03-29,526.41
TX-0008240,CUST-00392,2025-11-16,502.35
TX-0008241,CUST-00392,2026-05-10,420.62
TX-0008242,CUST-00393,2026-08-29,464.01
TX-0008243,CUST-00393,2026-02-23,467.25
TX-0008244,CUST-00393,2025-12-04,484.89
TX-0008245,CUST-00393,2026-01-14,635.03
TX-0008246,CUST-00393,2026-03-16,487.59
TX-0008247,CUST-00393,2026-06-20,505.16
TX-0008248,CUST-00393,2026-04-27,487.96
TX-0008249,CUST-00393,2025-11-05,515.97
TX-0008250,CUST-00393,2026-01-23,569.82
TX-0008251,CUST-00393,2025-11-27,557.27
TX-0008252,CUST-00393,2026-01-22,462.34
TX-0008253,CUST-00393,2026-02-22,500.47
TX-0008254,CUST-00393,2026-07-01,505.59
TX-0008255,CUST-00393,2025-11-08,469.65
TX-0008256,CUST-00393,2025-11-06,517.23
TX-0008257,CUST-00393,2026-06-30,444.64
TX-0008258,CUST-00393,2026-05-22,550.87
TX-0008259,CUST-00393,2026-01-12,559.11
TX-0008260,CUST-00393,2026-04-18,482.32
TX-0008261,CUST-00393,2026-07-29,517.57
TX-0008262,CUST-00393,2025-12-30,526.07
TX-0008263,CUST-00393,2026-01-07,560.07
TX-0008264,CUST-00393,2026-05-14,617.81
TX-0008265,CUST-00394,2026-08-25,558.06
TX-0008266,CUST-00394,2026-04-28,586.82
TX-0008267,CUST-00394,2025-12-09,639.22
TX-0008268,CUST-00394,2026-04-12,562.07
TX-0008269,CUST-00394,2026-05-13,498.17
TX-0008270,CUST-00394,2026-01-12,628.0
TX-0008271,CUST-00394,2025-12-29,629.81
TX-0008272,CUST-00394,2026-06-27,451.02
TX-0008273,CUST-00394,2026-02-28,588.73
TX-0008274,CUST-00394,2026-02-12,626.28
TX-0008275,CUST-00394,2026-06-14,478.45
TX-0008276,CUST-00394,2025-12-12,570.94
TX-0008277,CUST-00394,2025-11-09,448.86
TX-0008278,CUST-00394,2026-07-05,575.68
TX-0008279,CUST-00394,2025-11-10,439.62
TX-0008280,CUST-00394,2025-12-27,539.27
TX-0008281,CUST-00394,2026-04-24,519.22
TX-0008282,CUST-00394,2026-05-24,645.96
TX-0008283,CUST-00394,2025-12-31,580.54
TX-0008284,CUST-00394,2026-01-01,592.18
TX-0008285,CUST-00394,2026-05-16,546.0
TX-0008286,CUST-00394,2025-11-16,545.96
TX-0008287,CUST-00394,2025-12-31,530.01
TX-0008288,CUST-00394,2026-05-24,470.43
TX-0008289,CUST-00395,2026-08-30,483.69
TX-0008290,CUST-00395,2026-01-03,582.18
TX-0008291,CUST-00395,2025-11-17,509.83
TX-0008292,CUST-00395,2026-03-05,424.33
TX-0008293,CUST-00395,2026-02-07,402.38
TX-0008294,CUST-00395,2026-01-22,596.75
TX-0008295,CUST-00395,2026-03-19,522.43
TX-0008296,CUST-00395,2026-03-05,542.36
TX-0008297,CUST-00395,2026-03-21,480.94
TX-0008298,CUST-00395,2026-03-28,470.38
TX-0008299,CUST-00395,2026-04-19,623.73
TX-0008300,CUST-00395,2026-02-06,433.84
TX-0008301,CUST-00395,2026-05-15,448.08
TX-0008302,CUST-00395,2026-06-19,506.78
TX-0008303,CUST-00395,2026-07-08,590.2
TX-0008304,CUST-00395,2026-05-06,425.87
TX-0008305,CUST-00395,2026-02-07,466.93
TX-0008306,CUST-00395,2026-06-28,518.05
TX-0008307,CUST-00395,2026-06-20,582.56
TX-0008308,CUST-00395,2026-04-25,637.07
TX-0008309,CUST-00395,2026-06-13,638.29
TX-0008310,CUST-00395,2026-02-10,481.32
TX-0008311,CUST-00395,2026-03-10,575.4
TX-0008312,CUST-00395,2026-01-24,449.82
TX-0008313,CUST-00396,2026-08-28,574.26
TX-0008314,CUST-00396,2026-07-25,504.15
TX-0008315,CUST-00396,2025-12-31,622.91
TX-0008316,CUST-00396,2026-05-27,630.9
TX-0008317,CUST-00396,2026-05-20,435.26
TX-0008318,CUST-00396,2026-02-22,476.95
TX-0008319,CUST-00396,2026-04-18,445.45
TX-0008320,CUST-00396,2026-07-18,563.91
TX-0008321,CUST-00396,2026-03-18,458.29
TX-0008322,CUST-00396,2026-03-03,644.85
TX-0008323,CUST-00396,2025-11-08,478.99
TX-0008324,CUST-00396,2026-08-04,435.71
TX-0008325,CUST-00396,2026-07-10,429.83
TX-0008326,CUST-00396,2026-04-03,586.16
TX-0008327,CUST-00396,2026-07-07,474.11
TX-0008328,CUST-00396,2026-07-03,560.19
TX-0008329,CUST-00396,2025-11-23,475.3
TX-0008330,CUST-00396,2026-03-03,633.45
TX-0008331,CUST-00397,2026-08-30,528.12
TX-0008332,CUST-00397,2026-06-11,601.7
TX-0008333,CUST-00397,2026-01-30,587.87
TX-0008334,CUST-00397,2025-11-26,593.14
TX-0008335,CUST-00397,2026-03-15,534.02
TX-0008336,CUST-00397,2026-06-06,579.72
TX-0008337,CUST-00397,2026-01-29,567.51
TX-0008338,CUST-00397,2026-06-15,495.53
TX-0008339,CUST-00397,2025-12-22,459.05
TX-0008340,CUST-00397,2025-11-27,438.93
TX-0008341,CUST-00397,2026-05-09,463.46
TX-0008342,CUST-00397,2026-03-31,565.8
TX-0008343,CUST-00397,2026-06-11,564.12
TX-0008344,CUST-00397,2026-02-09,528.31
TX-0008345,CUST-00397,2026-07-03,464.6
TX-0008346,CUST-00397,2025-12-09,530.43
TX-0008347,CUST-00397,2026-01-19,499.56
TX-0008348,CUST-00397,2025-12-25,458.21
TX-0008349,CUST-00397,2026-05-23,423.78
TX-0008350,CUST-00398,2026-08-26,643.28
TX-0008351,CUST-00398,2025-11-18,424.1
TX-0008352,CUST-00398,2026-07-07,617.74
TX-0008353,CUST-00398,2026-04-24,565.88
TX-0008354,CUST-00398,2026-04-09,562.26
TX-0008355,CUST-00398,2026-02-27,633.75
TX-0008356,CUST-00398,2026-07-14,460.93
TX-0008357,CUST-00398,2026-07-31,615.08
TX-0008358,CUST-00398,2026-01-01,648.56
TX-0008359,CUST-00398,2026-07-01,478.48
TX-0008360,CUST-00398,2025-11-15,485.92
TX-0008361,CUST-00398,2025-12-24,578.77
TX-0008362,CUST-00398,2025-12-03,442.7
TX-0008363,CUST-00398,2026-02-14,451.41
TX-0008364,CUST-00398,2026-02-27,610.96
TX-0008365,CUST-00398,2026-01-25,419.74
TX-0008366,CUST-00399,2026-08-25,501.56
TX-0008367,CUST-00399,2026-05-05,484.97
TX-0008368,CUST-00399,2026-06-21,627.87
TX-0008369,CUST-00399,2026-07-04,543.57
TX-0008370,CUST-00399,2026-03-21,437.03
TX-0008371,CUST-00399,2025-11-19,599.48
TX-0008372,CUST-00399,2025-11-28,458.45
TX-0008373,CUST-00399,2026-05-18,495.38
TX-0008374,CUST-00399,2026-04-06,501.35
TX-0008375,CUST-00399,2025-12-21,541.13
TX-0008376,CUST-00399,2025-12-19,506.99
TX-0008377,CUST-00399,2026-01-17,514.47
TX-0008378,CUST-00399,2026-07-10,432.06
TX-0008379,CUST-00399,2026-07-11,481.49
TX-0008380,CUST-00399,2026-04-19,550.72
TX-0008381,CUST-00399,2026-07-03,537.53
TX-0008382,CUST-00399,2026-06-04,467.4
TX-0008383,CUST-00399,2026-01-24,407.07
TX-0008384,CUST-00399,2026-01-03,517.26
TX-0008385,CUST-00399,2026-07-27,482.63
TX-0008386,CUST-00399,2026-05-24,403.89
TX-0008387,CUST-00399,2026-03-30,591.75
TX-0008388,CUST-00399,2026-04-21,425.06
TX-0008389,CUST-00399,2026-01-13,546.05
TX-0008390,CUST-00399,2025-10-31,526.15
TX-0008391,CUST-00399,2026-02-21,483.97
TX-0008392,CUST-00400,2026-08-28,594.92
TX-0008393,CUST-00400,2026-08-04,594.56
TX-0008394,CUST-00400,2026-05-29,563.48
TX-0008395,CUST-00400,2026-06-20,437.02
TX-0008396,CUST-00400,2026-03-25,400.66
TX-0008397,CUST-00400,2026-05-29,448.4
TX-0008398,CUST-00400,2026-02-14,618.59
TX-0008399,CUST-00400,2026-03-30,412.26
TX-0008400,CUST-00400,2026-03-07,559.19
TX-0008401,CUST-00400,2026-06-24,633.1
TX-0008402,CUST-00400,2026-02-08,425.76
TX-0008403,CUST-00400,2026-03-13,436.69
TX-0008404,CUST-00400,2026-02-13,453.9
TX-0008405,CUST-00400,2026-06-11,632.08
TX-0008406,CUST-00400,2025-11-24,637.16
TX-0008407,CUST-00400,2026-03-07,473.24
TX-0008408,CUST-00400,2026-01-21,565.75
TX-0008409,CUST-00400,2025-12-09,408.9
TX-0008410,CUST-00400,2026-05-30,451.69
TX-0008411,CUST-00400,2025-12-02,492.7
TX-0008412,CUST-00400,2025-11-15,611.4
TX-0008413,CUST-00400,2025-11-24,473.36
TX-0008414,CUST-00400,2026-03-15,448.07
TX-0008415,CUST-00401,2026-08-26,416.25
TX-0008416,CUST-00401,2026-03-15,560.65
TX-0008417,CUST-00401,2026-02-05,609.63
TX-0008418,CUST-00401,2025-11-12,617.89
TX-0008419,CUST-00401,2026-06-27,585.76
TX-0008420,CUST-00401,2026-03-30,433.68
TX-0008421,CUST-00401,2026-04-27,528.88
TX-0008422,CUST-00401,2026-05-22,412.37
TX-0008423,CUST-00401,2026-06-28,467.78
TX-0008424,CUST-00401,2026-04-08,431.89
TX-0008425,CUST-00401,2025-11-18,472.08
TX-0008426,CUST-00401,2026-06-05,525.29
TX-0008427,CUST-00401,2025-10-31,541.66
TX-0008428,CUST-00401,2026-03-18,502.87
TX-0008429,CUST-00401,2025-11-20,455.62
TX-0008430,CUST-00401,2026-03-29,444.88
TX-0008431,CUST-00401,2026-03-12,506.83
TX-0008432,CUST-00401,2026-03-20,599.25
TX-0008433,CUST-00401,2026-07-31,554.43
TX-0008434,CUST-00402,2026-08-26,642.98
TX-0008435,CUST-00402,2026-06-10,436.44
TX-0008436,CUST-00402,2026-06-02,633.11
TX-0008437,CUST-00402,2026-06-03,557.66
TX-0008438,CUST-00402,2026-08-01,419.34
TX-0008439,CUST-00402,2026-06-20,596.36
TX-0008440,CUST-00402,2026-03-03,541.35
TX-0008441,CUST-00402,2025-12-17,619.97
TX-0008442,CUST-00402,2026-06-04,440.11
TX-0008443,CUST-00402,2026-02-05,553.45
TX-0008444,CUST-00402,2025-12-03,466.31
TX-0008445,CUST-00402,2026-04-12,570.32
TX-0008446,CUST-00402,2026-06-29,442.98
TX-0008447,CUST-00402,2026-06-17,625.38
TX-0008448,CUST-00402,2026-07-09,406.09
TX-0008449,CUST-00402,2026-04-19,593.74
TX-0008450,CUST-00402,2026-04-30,499.16
TX-0008451,CUST-00402,2026-06-14,599.96
TX-0008452,CUST-00402,2026-06-21,562.58
TX-0008453,CUST-00402,2026-03-27,478.38
TX-0008454,CUST-00402,2026-07-13,571.87
TX-0008455,CUST-00402,2026-04-02,479.67
TX-0008456,CUST-00402,2025-12-08,629.76
TX-0008457,CUST-00403,2026-08-31,480.59
TX-0008458,CUST-00403,2025-11-08,459.15
TX-0008459,CUST-00403,2025-12-05,513.24
TX-0008460,CUST-00403,2026-04-02,576.93
TX-0008461,CUST-00403,2025-12-24,469.42
TX-0008462,CUST-00403,2026-06-21,429.77
TX-0008463,CUST-00403,2026-02-19,547.55
TX-0008464,CUST-00403,2026-07-19,467.55
TX-0008465,CUST-00403,2026-03-03,597.59
TX-0008466,CUST-00403,2026-08-09,487.5
TX-0008467,CUST-00403,2026-06-08,581.25
TX-0008468,CUST-00403,2026-03-08,596.47
TX-0008469,CUST-00403,2025-11-18,436.9
TX-0008470,CUST-00403,2026-06-01,622.32
TX-0008471,CUST-00403,2026-01-10,575.47
TX-0008472,CUST-00403,2026-03-11,478.26
TX-0008473,CUST-00403,2026-08-10,526.89
TX-0008474,CUST-00403,2025-11-09,471.44
TX-0008475,CUST-00403,2026-05-26,631.78
TX-0008476,CUST-00403,2026-06-19,438.24
TX-0008477,CUST-00403,2025-11-23,525.95
TX-0008478,CUST-00403,2025-12-04,609.57
TX-0008479,CUST-00403,2026-05-28,558.48
TX-0008480,CUST-00403,2026-07-13,539.15
TX-0008481,CUST-00403,2025-11-26,444.82
TX-0008482,CUST-00404,2026-08-30,637.24
TX-0008483,CUST-00404,2025-12-05,424.49
TX-0008484,CUST-00404,2026-02-16,415.14
TX-0008485,CUST-00404,2026-02-23,419.25
TX-0008486,CUST-00404,2026-02-26,537.84
TX-0008487,CUST-00404,2026-05-04,543.26
TX-0008488,CUST-00404,2026-04-03,585.59
TX-0008489,CUST-00404,2026-07-19,648.05
TX-0008490,CUST-00404,2026-05-29,480.86
TX-0008491,CUST-00404,2026-04-13,480.76
TX-0008492,CUST-00404,2026-01-10,487.0
TX-0008493,CUST-00404,2026-07-30,569.18
TX-0008494,CUST-00404,2026-04-10,551.95
TX-0008495,CUST-00404,2026-05-31,607.25
TX-0008496,CUST-00404,2026-03-22,518.79
TX-0008497,CUST-00404,2026-01-07,466.74
TX-0008498,CUST-00404,2026-03-21,465.6
TX-0008499,CUST-00404,2025-11-15,610.89
TX-0008500,CUST-00405,2026-08-28,459.99
TX-0008501,CUST-00405,2026-07-08,533.65
TX-0008502,CUST-00405,2025-12-24,629.07
TX-0008503,CUST-00405,2026-05-20,466.1
TX-0008504,CUST-00405,2025-12-22,501.64
TX-0008505,CUST-00405,2025-11-11,611.3
TX-0008506,CUST-00405,2025-11-28,437.42
TX-0008507,CUST-00405,2026-02-20,597.97
TX-0008508,CUST-00405,2025-12-05,592.0
TX-0008509,CUST-00405,2026-03-27,582.96
TX-0008510,CUST-00405,2026-05-22,545.9
TX-0008511,CUST-00405,2026-06-17,414.01
TX-0008512,CUST-00405,2026-01-23,492.37
TX-0008513,CUST-00405,2026-07-27,498.75
TX-0008514,CUST-00405,2026-02-24,607.22
TX-0008515,CUST-00405,2025-12-16,408.52
TX-0008516,CUST-00405,2025-12-08,417.38
TX-0008517,CUST-00405,2026-02-04,525.0
TX-0008518,CUST-00405,2026-07-11,437.34
TX-0008519,CUST-00405,2025-12-27,454.12
TX-0008520,CUST-00406,2026-08-31,587.38
TX-0008521,CUST-00406,2025-11-06,552.03
TX-0008522,CUST-00406,2026-04-26,573.18
TX-0008523,CUST-00406,2026-01-06,627.85
TX-0008524,CUST-00406,2026-08-07,556.92
TX-0008525,CUST-00406,2026-01-16,454.54
TX-0008526,CUST-00406,2026-04-03,506.0
TX-0008527,CUST-00406,2026-07-03,497.49
TX-0008528,CUST-00406,2026-06-23,600.66
TX-0008529,CUST-00406,2025-12-16,494.88
TX-0008530,CUST-00406,2025-12-07,488.67
TX-0008531,CUST-00406,2026-02-06,609.93
TX-0008532,CUST-00406,2026-03-14,496.41
TX-0008533,CUST-00406,2025-11-28,576.01
TX-0008534,CUST-00406,2026-01-04,520.67
TX-0008535,CUST-00406,2025-12-20,506.36
TX-0008536,CUST-00407,2026-08-27,506.37
TX-0008537,CUST-00407,2026-02-27,589.42
TX-0008538,CUST-00407,2025-12-21,499.93
TX-0008539,CUST-00407,2026-04-05,551.33
TX-0008540,CUST-00407,2026-05-11,646.71
TX-0008541,CUST-00407,2026-05-30,457.99
TX-0008542,CUST-00407,2025-12-08,444.22
TX-0008543,CUST-00407,2026-01-28,512.27
TX-0008544,CUST-00407,2026-04-21,497.15
TX-0008545,CUST-00407,2026-06-15,622.78
TX-0008546,CUST-00407,2025-12-18,510.79
TX-0008547,CUST-00407,2026-02-20,428.13
TX-0008548,CUST-00407,2026-01-30,426.99
TX-0008549,CUST-00407,2026-07-24,491.84
TX-0008550,CUST-00407,2026-06-16,518.22
TX-0008551,CUST-00407,2026-06-04,487.42
TX-0008552,CUST-00407,2026-05-19,401.57
TX-0008553,CUST-00407,2026-05-04,429.79
TX-0008554,CUST-00407,2026-02-07,432.1
TX-0008555,CUST-00407,2026-08-11,574.1
TX-0008556,CUST-00407,2025-12-18,632.82
TX-0008557,CUST-00408,2026-08-27,647.41
TX-0008558,CUST-00408,2026-07-16,643.9
TX-0008559,CUST-00408,2026-05-19,517.06
TX-0008560,CUST-00408,2026-07-13,580.18
TX-0008561,CUST-00408,2026-06-21,640.37
TX-0008562,CUST-00408,2026-01-03,556.05
TX-0008563,CUST-00408,2026-01-31,552.71
TX-0008564,CUST-00408,2025-11-07,418.28
TX-0008565,CUST-00408,2026-05-19,437.39
TX-0008566,CUST-00408,2025-12-19,436.28
TX-0008567,CUST-00408,2026-02-22,495.82
TX-0008568,CUST-00408,2026-05-24,460.86
TX-0008569,CUST-00408,2026-06-16,406.43
TX-0008570,CUST-00408,2026-03-04,500.31
TX-0008571,CUST-00408,2026-05-27,537.9
TX-0008572,CUST-00408,2026-05-18,635.37
TX-0008573,CUST-00408,2026-03-11,547.84
TX-0008574,CUST-00408,2025-11-12,487.5
TX-0008575,CUST-00408,2026-08-11,400.57
TX-0008576,CUST-00408,2026-01-02,606.84
TX-0008577,CUST-00408,2026-06-25,414.68
TX-0008578,CUST-00408,2026-02-15,565.25
TX-0008579,CUST-00408,2026-01-14,436.43
TX-0008580,CUST-00408,2026-03-08,460.8
TX-0008581,CUST-00408,2026-01-24,404.11
TX-0008582,CUST-00409,2026-08-25,595.42
TX-0008583,CUST-00409,2026-03-23,580.72
TX-0008584,CUST-00409,2025-11-19,648.43
TX-0008585,CUST-00409,2026-04-08,506.89
TX-0008586,CUST-00409,2026-01-08,470.44
TX-0008587,CUST-00409,2026-02-13,521.53
TX-0008588,CUST-00409,2026-04-05,582.19
TX-0008589,CUST-00409,2026-05-01,432.71
TX-0008590,CUST-00409,2026-05-20,615.61
TX-0008591,CUST-00409,2025-12-18,487.75
TX-0008592,CUST-00409,2025-11-24,572.59
TX-0008593,CUST-00409,2026-03-23,590.24
TX-0008594,CUST-00409,2026-04-01,497.53
TX-0008595,CUST-00409,2026-03-11,414.45
TX-0008596,CUST-00409,2026-03-12,443.73
TX-0008597,CUST-00409,2025-12-31,495.39
TX-0008598,CUST-00410,2026-08-24,441.91
TX-0008599,CUST-00410,2026-08-08,502.9
TX-0008600,CUST-00410,2026-01-17,490.87
TX-0008601,CUST-00410,2026-04-12,586.3
TX-0008602,CUST-00410,2025-12-08,485.28
TX-0008603,CUST-00410,2026-02-01,600.09
TX-0008604,CUST-00410,2026-07-04,503.82
TX-0008605,CUST-00410,2025-10-29,424.39
TX-0008606,CUST-00410,2026-07-26,416.13
TX-0008607,CUST-00410,2026-03-22,426.19
TX-0008608,CUST-00410,2025-12-14,535.92
TX-0008609,CUST-00410,2026-04-25,636.85
TX-0008610,CUST-00410,2026-03-09,557.18
TX-0008611,CUST-00410,2026-03-31,446.12
TX-0008612,CUST-00410,2026-03-08,496.33
TX-0008613,CUST-00410,2025-12-18,632.86
TX-0008614,CUST-00411,2026-08-24,555.03
TX-0008615,CUST-00411,2026-06-14,559.54
TX-0008616,CUST-00411,2026-01-05,540.63
TX-0008617,CUST-00411,2026-07-05,563.5
TX-0008618,CUST-00411,2026-07-04,599.77
TX-0008619,CUST-00411,2026-05-03,528.64
TX-0008620,CUST-00411,2026-02-21,429.08
TX-0008621,CUST-00411,2025-11-17,427.38
TX-0008622,CUST-00411,2026-07-06,452.09
TX-0008623,CUST-00411,2026-05-16,606.45
TX-0008624,CUST-00411,2025-12-18,575.16
TX-0008625,CUST-00411,2026-08-08,445.89
TX-0008626,CUST-00411,2025-12-12,587.54
TX-0008627,CUST-00411,2026-04-16,406.55
TX-0008628,CUST-00411,2026-06-25,640.98
TX-0008629,CUST-00411,2026-06-27,527.62
TX-0008630,CUST-00411,2026-06-22,462.08
TX-0008631,CUST-00411,2026-01-11,594.18
TX-0008632,CUST-00411,2026-06-05,499.31
TX-0008633,CUST-00411,2026-02-03,627.27
TX-0008634,CUST-00411,2026-03-29,603.7
TX-0008635,CUST-00411,2026-04-13,510.37
TX-0008636,CUST-00411,2026-01-21,621.72
TX-0008637,CUST-00411,2026-07-31,405.7
TX-0008638,CUST-00411,2026-04-22,451.45
TX-0008639,CUST-00411,2025-12-17,438.3
TX-0008640,CUST-00412,2026-08-31,557.27
TX-0008641,CUST-00412,2026-03-20,446.06
TX-0008642,CUST-00412,2026-05-22,516.73
TX-0008643,CUST-00412,2026-01-04,457.03
TX-0008644,CUST-00412,2025-11-07,440.86
TX-0008645,CUST-00412,2026-07-07,612.48
TX-0008646,CUST-00412,2026-04-05,432.28
TX-0008647,CUST-00412,2026-07-31,429.62
TX-0008648,CUST-00412,2026-03-27,488.38
TX-0008649,CUST-00412,2025-11-10,458.65
TX-0008650,CUST-00412,2025-11-16,515.84
TX-0008651,CUST-00412,2026-08-16,632.2
TX-0008652,CUST-00412,2026-07-01,445.87
TX-0008653,CUST-00412,2026-08-09,549.01
TX-0008654,CUST-00412,2026-06-01,446.23
TX-0008655,CUST-00412,2026-02-23,423.67
TX-0008656,CUST-00412,2026-07-26,588.29
TX-0008657,CUST-00412,2026-06-10,470.54
TX-0008658,CUST-00412,2025-11-11,445.78
TX-0008659,CUST-00413,2026-08-31,493.73
TX-0008660,CUST-00413,2025-11-07,525.04
TX-0008661,CUST-00413,2025-12-11,608.69
TX-0008662,CUST-00413,2026-05-21,402.49
TX-0008663,CUST-00413,2026-04-22,606.98
TX-0008664,CUST-00413,2026-03-19,400.05
TX-0008665,CUST-00413,2026-03-17,464.87
TX-0008666,CUST-00413,2026-05-13,503.19
TX-0008667,CUST-00413,2026-04-19,497.94
TX-0008668,CUST-00413,2026-08-11,622.99
TX-0008669,CUST-00413,2026-03-17,625.94
TX-0008670,CUST-00413,2025-12-31,581.69
TX-0008671,CUST-00413,2026-05-08,523.39
TX-0008672,CUST-00413,2026-06-27,497.46
TX-0008673,CUST-00413,2025-12-23,446.9
TX-0008674,CUST-00413,2026-02-24,634.1
TX-0008675,CUST-00413,2026-03-04,552.94
TX-0008676,CUST-00413,2026-02-11,529.2
TX-0008677,CUST-00413,2026-03-11,566.92
TX-0008678,CUST-00414,2026-08-28,453.54
TX-0008679,CUST-00414,2026-07-29,545.61
TX-0008680,CUST-00414,2026-05-04,559.26
TX-0008681,CUST-00414,2026-08-01,536.96
TX-0008682,CUST-00414,2026-06-23,583.68
TX-0008683,CUST-00414,2026-01-19,514.25
TX-0008684,CUST-00414,2026-03-09,568.16
TX-0008685,CUST-00414,2026-05-15,563.22
TX-0008686,CUST-00414,2026-01-12,451.69
TX-0008687,CUST-00414,2026-04-28,427.6
TX-0008688,CUST-00414,2026-02-04,459.0
TX-0008689,CUST-00414,2026-02-16,428.65
TX-0008690,CUST-00414,2026-07-07,478.2
TX-0008691,CUST-00414,2026-07-22,647.95
TX-0008692,CUST-00414,2026-06-30,474.63
TX-0008693,CUST-00414,2026-06-28,630.18
TX-0008694,CUST-00414,2025-11-12,457.21
TX-0008695,CUST-00414,2026-03-09,620.11
TX-0008696,CUST-00414,2026-07-05,590.38
TX-0008697,CUST-00414,2026-03-24,403.25
TX-0008698,CUST-00414,2026-04-20,461.83
TX-0008699,CUST-00414,2026-07-24,576.0
TX-0008700,CUST-00414,2026-08-09,516.23
TX-0008701,CUST-00415,2026-08-28,411.68
TX-0008702,CUST-00415,2026-06-27,624.35
TX-0008703,CUST-00415,2026-05-03,441.32
TX-0008704,CUST-00415,2026-03-15,456.37
TX-0008705,CUST-00415,2026-05-09,449.59
TX-0008706,CUST-00415,2025-12-10,527.64
TX-0008707,CUST-00415,2026-02-14,508.36
TX-0008708,CUST-00415,2025-11-05,506.76
TX-0008709,CUST-00415,2026-01-03,475.25
TX-0008710,CUST-00415,2026-02-08,555.69
TX-0008711,CUST-00415,2025-12-02,455.38
TX-0008712,CUST-00415,2025-12-10,554.98
TX-0008713,CUST-00415,2025-11-16,532.45
TX-0008714,CUST-00415,2026-08-06,644.22
TX-0008715,CUST-00415,2026-05-17,541.07
TX-0008716,CUST-00415,2026-08-07,477.76
TX-0008717,CUST-00415,2026-08-12,649.33
TX-0008718,CUST-00415,2026-05-30,460.02
TX-0008719,CUST-00415,2025-11-09,563.26
TX-0008720,CUST-00415,2026-06-18,625.98
TX-0008721,CUST-00415,2025-11-11,541.96
TX-0008722,CUST-00415,2026-03-01,649.92
TX-0008723,CUST-00415,2026-01-07,530.95
TX-0008724,CUST-00416,2026-08-29,448.57
TX-0008725,CUST-00416,2025-11-21,402.76
TX-0008726,CUST-00416,2026-06-02,508.74
TX-0008727,CUST-00416,2025-12-24,457.01
TX-0008728,CUST-00416,2026-03-21,564.49
TX-0008729,CUST-00416,2026-04-03,563.95
TX-0008730,CUST-00416,2025-12-03,641.58
TX-0008731,CUST-00416,2026-06-20,622.67
TX-0008732,CUST-00416,2026-02-19,451.44
TX-0008733,CUST-00416,2025-12-03,635.86
TX-0008734,CUST-00416,2026-06-26,437.86
TX-0008735,CUST-00416,2026-01-12,479.39
TX-0008736,CUST-00416,2026-03-04,570.37
TX-0008737,CUST-00416,2026-02-26,403.32
TX-0008738,CUST-00416,2026-01-05,443.75
TX-0008739,CUST-00416,2026-01-08,474.12
TX-0008740,CUST-00416,2026-05-15,483.11
TX-0008741,CUST-00416,2026-02-21,590.09
TX-0008742,CUST-00416,2026-08-03,449.13
TX-0008743,CUST-00416,2026-07-25,405.58
TX-0008744,CUST-00416,2026-01-05,645.93
TX-0008745,CUST-00416,2026-07-07,564.89
TX-0008746,CUST-00416,2026-02-27,627.02
TX-0008747,CUST-00417,2026-08-28,416.62
TX-0008748,CUST-00417,2026-01-30,527.49
TX-0008749,CUST-00417,2026-05-31,512.77
TX-0008750,CUST-00417,2026-05-21,514.07
TX-0008751,CUST-00417,2026-05-15,521.58
TX-0008752,CUST-00417,2025-11-06,495.04
TX-0008753,CUST-00417,2026-07-12,616.68
TX-0008754,CUST-00417,2026-06-15,575.32
TX-0008755,CUST-00417,2026-08-02,428.95
TX-0008756,CUST-00417,2026-07-04,424.13
TX-0008757,CUST-00417,2026-07-27,414.76
TX-0008758,CUST-00417,2025-11-26,439.28
TX-0008759,CUST-00417,2025-12-15,607.06
TX-0008760,CUST-00417,2026-06-11,595.79
TX-0008761,CUST-00417,2026-02-19,580.87
TX-0008762,CUST-00417,2025-12-05,584.62
TX-0008763,CUST-00417,2025-12-03,583.09
TX-0008764,CUST-00417,2026-07-06,584.11
TX-0008765,CUST-00418,2026-08-25,453.26
TX-0008766,CUST-00418,2026-03-05,421.14
TX-0008767,CUST-00418,2026-04-18,504.76
TX-0008768,CUST-00418,2026-07-15,442.33
TX-0008769,CUST-00418,2026-07-26,405.96
TX-0008770,CUST-00418,2026-05-17,642.5
TX-0008771,CUST-00418,2025-12-15,494.73
TX-0008772,CUST-00418,2026-06-03,500.86
TX-0008773,CUST-00418,2026-08-08,475.33
TX-0008774,CUST-00418,2026-01-30,558.62
TX-0008775,CUST-00418,2025-12-03,406.84
TX-0008776,CUST-00418,2026-03-18,409.05
TX-0008777,CUST-00418,2026-04-27,569.34
TX-0008778,CUST-00418,2025-11-17,626.87
TX-0008779,CUST-00418,2025-10-31,451.43
TX-0008780,CUST-00418,2026-01-11,598.27
TX-0008781,CUST-00418,2026-06-22,616.09
TX-0008782,CUST-00419,2026-08-29,455.38
TX-0008783,CUST-00419,2026-04-08,406.08
TX-0008784,CUST-00419,2026-05-31,564.75
TX-0008785,CUST-00419,2026-04-14,462.03
TX-0008786,CUST-00419,2025-11-11,611.78
TX-0008787,CUST-00419,2026-03-26,648.66
TX-0008788,CUST-00419,2026-06-23,598.34
TX-0008789,CUST-00419,2025-12-10,593.33
TX-0008790,CUST-00419,2026-07-17,426.48
TX-0008791,CUST-00419,2026-07-27,628.77
TX-0008792,CUST-00419,2026-03-29,434.55
TX-0008793,CUST-00419,2026-04-25,552.48
TX-0008794,CUST-00419,2026-08-14,452.97
TX-0008795,CUST-00419,2026-06-11,516.56
TX-0008796,CUST-00419,2026-07-11,490.22
TX-0008797,CUST-00419,2026-02-03,418.77
TX-0008798,CUST-00419,2026-02-27,522.19
TX-0008799,CUST-00419,2026-06-26,551.68
TX-0008800,CUST-00419,2026-04-25,429.05
TX-0008801,CUST-00420,2026-08-30,458.79
TX-0008802,CUST-00420,2025-12-29,584.27
TX-0008803,CUST-00420,2026-02-14,468.27
TX-0008804,CUST-00420,2026-06-10,474.79
TX-0008805,CUST-00420,2025-11-19,620.23
TX-0008806,CUST-00420,2026-04-24,460.94
TX-0008807,CUST-00420,2026-02-25,534.16
TX-0008808,CUST-00420,2026-04-28,597.55
TX-0008809,CUST-00420,2026-07-01,647.61
TX-0008810,CUST-00420,2026-03-18,512.94
TX-0008811,CUST-00420,2026-08-07,485.76
TX-0008812,CUST-00420,2025-11-11,520.82
TX-0008813,CUST-00420,2026-04-26,444.5
TX-0008814,CUST-00420,2025-11-12,640.22
TX-0008815,CUST-00420,2025-12-02,508.93
TX-0008816,CUST-00420,2026-05-08,570.11
TX-0008817,CUST-00420,2026-06-30,607.23
TX-0008818,CUST-00420,2026-03-26,482.7
TX-0008819,CUST-00420,2026-05-22,475.35
TX-0008820,CUST-00420,2026-05-14,429.51
TX-0008821,CUST-00420,2026-06-17,594.66
TX-0008822,CUST-00420,2026-07-17,499.58
TX-0008823,CUST-00420,2026-07-13,608.74
TX-0008824,CUST-00420,2026-04-22,473.69
TX-0008825,CUST-00420,2025-11-21,637.06
TX-0008826,CUST-00420,2026-07-10,621.21
TX-0008827,CUST-00421,2026-08-15,462.71
TX-0008828,CUST-00421,2026-06-18,506.34
TX-0008829,CUST-00421,2026-04-17,486.92
TX-0008830,CUST-00421,2025-12-11,420.8
TX-0008831,CUST-00421,2026-02-19,406.91
TX-0008832,CUST-00421,2025-10-28,539.22
TX-0008833,CUST-00421,2026-02-15,476.39
TX-0008834,CUST-00422,2026-08-17,479.95
TX-0008835,CUST-00422,2026-01-17,492.71
TX-0008836,CUST-00422,2026-05-19,515.52
TX-0008837,CUST-00422,2025-12-02,395.35
TX-0008838,CUST-00422,2026-06-04,527.51
TX-0008839,CUST-00422,2025-12-03,409.44
TX-0008840,CUST-00422,2026-05-25,510.17
TX-0008841,CUST-00423,2026-08-07,390.3
TX-0008842,CUST-00423,2026-05-12,405.32
TX-0008843,CUST-00423,2026-03-18,498.56
TX-0008844,CUST-00423,2026-04-15,470.76
TX-0008845,CUST-00423,2026-01-20,531.2
TX-0008846,CUST-00423,2026-04-03,569.91
TX-0008847,CUST-00423,2026-04-15,412.62
TX-0008848,CUST-00423,2025-11-01,432.82
TX-0008849,CUST-00423,2026-06-11,458.85
TX-0008850,CUST-00423,2026-06-17,554.51
TX-0008851,CUST-00423,2026-04-16,409.76
TX-0008852,CUST-00423,2026-07-16,484.53
TX-0008853,CUST-00424,2026-08-04,535.57
TX-0008854,CUST-00424,2026-05-28,544.67
TX-0008855,CUST-00424,2026-05-09,460.27
TX-0008856,CUST-00424,2026-01-25,466.47
TX-0008857,CUST-00424,2026-02-22,432.47
TX-0008858,CUST-00424,2026-03-21,399.06
TX-0008859,CUST-00424,2025-11-01,521.39
TX-0008860,CUST-00424,2025-11-26,441.48
TX-0008861,CUST-00424,2025-10-30,493.3
TX-0008862,CUST-00424,2026-05-15,405.49
TX-0008863,CUST-00424,2026-06-09,512.72
TX-0008864,CUST-00424,2026-06-12,536.4
TX-0008865,CUST-00424,2026-04-30,434.35
TX-0008866,CUST-00424,2025-11-29,453.7
TX-0008867,CUST-00425,2026-08-08,530.11
TX-0008868,CUST-00425,2026-01-16,482.05
TX-0008869,CUST-00425,2026-05-28,550.08
TX-0008870,CUST-00425,2026-02-06,448.03
TX-0008871,CUST-00425,2026-06-25,463.2
TX-0008872,CUST-00425,2026-02-10,494.79
TX-0008873,CUST-00425,2026-02-01,547.12
TX-0008874,CUST-00425,2026-02-19,488.28
TX-0008875,CUST-00425,2026-05-22,432.33
TX-0008876,CUST-00426,2026-08-07,527.18
TX-0008877,CUST-00426,2026-06-18,401.19
TX-0008878,CUST-00426,2026-02-01,499.39
TX-0008879,CUST-00426,2026-03-15,537.1
TX-0008880,CUST-00426,2026-07-02,420.58
TX-0008881,CUST-00426,2026-06-23,561.91
TX-0008882,CUST-00426,2026-02-10,471.54
TX-0008883,CUST-00427,2026-08-20,560.51
TX-0008884,CUST-00427,2025-11-26,432.6
TX-0008885,CUST-00427,2025-11-22,401.74
TX-0008886,CUST-00427,2026-03-19,575.54
TX-0008887,CUST-00427,2026-06-20,433.25
TX-0008888,CUST-00427,2026-02-04,399.32
TX-0008889,CUST-00427,2025-12-19,576.85
TX-0008890,CUST-00427,2026-07-05,439.4
TX-0008891,CUST-00427,2026-05-05,435.8
TX-0008892,CUST-00427,2026-05-07,410.97
TX-0008893,CUST-00427,2025-12-24,392.14
TX-0008894,CUST-00427,2025-12-09,573.55
TX-0008895,CUST-00428,2026-08-05,485.9
TX-0008896,CUST-00428,2026-06-18,578.57
TX-0008897,CUST-00428,2026-05-09,550.52
TX-0008898,CUST-00428,2025-12-30,384.49
TX-0008899,CUST-00428,2026-05-04,393.68
TX-0008900,CUST-00428,2025-12-07,455.29
TX-0008901,CUST-00428,2025-10-22,513.69
TX-0008902,CUST-00428,2025-12-23,464.44
TX-0008903,CUST-00428,2026-05-06,408.68
TX-0008904,CUST-00428,2026-04-02,554.21
TX-0008905,CUST-00428,2026-07-05,446.22
TX-0008906,CUST-00428,2026-07-04,571.83
TX-0008907,CUST-00428,2026-04-01,516.14
TX-0008908,CUST-00429,2026-08-12,462.23
TX-0008909,CUST-00429,2025-12-04,577.02
TX-0008910,CUST-00429,2026-03-14,551.51
TX-0008911,CUST-00429,2026-05-10,454.21
TX-0008912,CUST-00429,2025-10-31,435.15
TX-0008913,CUST-00429,2026-01-22,507.87
TX-0008914,CUST-00429,2025-11-01,484.5
TX-0008915,CUST-00429,2025-10-26,474.46
TX-0008916,CUST-00429,2025-11-05,536.74
TX-0008917,CUST-00429,2026-01-22,483.64
TX-0008918,CUST-00429,2026-02-10,388.42
TX-0008919,CUST-00429,2026-01-22,508.52
TX-0008920,CUST-00429,2026-02-16,404.97
TX-0008921,CUST-00430,2026-08-07,444.83
TX-0008922,CUST-00430,2026-03-12,544.79
TX-0008923,CUST-00430,2026-02-15,448.67
TX-0008924,CUST-00430,2026-01-27,503.58
TX-0008925,CUST-00430,2025-10-21,390.56
TX-0008926,CUST-00430,2026-03-25,424.56
TX-0008927,CUST-00430,2025-12-13,419.91
TX-0008928,CUST-00430,2026-01-18,382.28
TX-0008929,CUST-00430,2025-11-02,573.82
TX-0008930,CUST-00430,2026-04-02,439.76
TX-0008931,CUST-00430,2026-05-21,563.99
TX-0008932,CUST-00430,2026-03-07,502.87
TX-0008933,CUST-00430,2025-10-17,519.17
TX-0008934,CUST-00431,2026-08-06,396.33
TX-0008935,CUST-00431,2026-06-16,578.74
TX-0008936,CUST-00431,2025-10-18,381.78
TX-0008937,CUST-00431,2026-01-02,502.21
TX-0008938,CUST-00431,2025-10-22,490.51
TX-0008939,CUST-00431,2025-12-11,578.49
TX-0008940,CUST-00431,2026-04-29,389.38
TX-0008941,CUST-00431,2026-01-28,523.36
TX-0008942,CUST-00432,2026-08-12,558.57
TX-0008943,CUST-00432,2025-10-22,471.4
TX-0008944,CUST-00432,2026-06-12,550.88
TX-0008945,CUST-00432,2025-11-26,568.59
TX-0008946,CUST-00432,2026-06-30,530.34
TX-0008947,CUST-00432,2026-07-16,423.0
TX-0008948,CUST-00432,2026-07-27,432.12
TX-0008949,CUST-00432,2026-03-06,550.98
TX-0008950,CUST-00432,2026-06-18,406.13
TX-0008951,CUST-00433,2026-08-17,461.27
TX-0008952,CUST-00433,2026-07-17,409.7
TX-0008953,CUST-00433,2026-05-29,538.92
TX-0008954,CUST-00433,2025-12-29,504.65
TX-0008955,CUST-00433,2025-12-29,399.55
TX-0008956,CUST-00433,2026-03-01,471.62
TX-0008957,CUST-00433,2025-12-18,433.16
TX-0008958,CUST-00433,2026-07-09,413.84
TX-0008959,CUST-00433,2026-04-16,446.68
TX-0008960,CUST-00433,2026-02-15,417.09
TX-0008961,CUST-00433,2025-11-04,476.62
TX-0008962,CUST-00433,2026-04-11,501.62
TX-0008963,CUST-00434,2026-08-20,491.06
TX-0008964,CUST-00434,2026-02-13,566.39
TX-0008965,CUST-00434,2025-10-28,462.46
TX-0008966,CUST-00434,2025-12-26,440.84
TX-0008967,CUST-00434,2026-03-09,495.79
TX-0008968,CUST-00434,2025-11-14,505.01
TX-0008969,CUST-00434,2026-03-03,522.23
TX-0008970,CUST-00434,2025-11-29,565.08
TX-0008971,CUST-00434,2026-06-21,421.65
TX-0008972,CUST-00434,2026-06-11,490.1
TX-0008973,CUST-00434,2026-01-24,579.1
TX-0008974,CUST-00434,2026-03-19,446.18
TX-0008975,CUST-00434,2025-12-13,487.45
TX-0008976,CUST-00434,2026-07-18,415.44
TX-0008977,CUST-00435,2026-08-19,385.58
TX-0008978,CUST-00435,2026-06-21,524.44
TX-0008979,CUST-00435,2026-05-04,413.71
TX-0008980,CUST-00435,2026-01-10,482.45
TX-0008981,CUST-00435,2026-05-04,458.6
TX-0008982,CUST-00435,2025-11-23,443.11
TX-0008983,CUST-00435,2026-08-03,517.67
TX-0008984,CUST-00435,2026-02-28,402.14
TX-0008985,CUST-00436,2026-08-18,446.27
TX-0008986,CUST-00436,2026-06-10,412.04
TX-0008987,CUST-00436,2026-03-06,449.39
TX-0008988,CUST-00436,2026-05-26,392.24
TX-0008989,CUST-00436,2026-05-20,554.11
TX-0008990,CUST-00436,2026-05-08,399.06
TX-0008991,CUST-00436,2025-12-21,484.31
TX-0008992,CUST-00436,2026-06-29,534.62
TX-0008993,CUST-00436,2026-02-26,392.32
TX-0008994,CUST-00436,2026-03-24,568.77
TX-0008995,CUST-00436,2026-01-02,411.79
TX-0008996,CUST-00436,2026-06-07,500.09
TX-0008997,CUST-00436,2026-03-10,575.97
TX-0008998,CUST-00436,2026-04-16,509.73
TX-0008999,CUST-00437,2026-08-17,508.28
TX-0009000,CUST-00437,2026-06-02,430.53
TX-0009001,CUST-00437,2026-02-09,397.73
TX-0009002,CUST-00437,2026-07-25,484.99
TX-0009003,CUST-00437,2026-05-27,516.34
TX-0009004,CUST-00437,2026-07-05,529.53
TX-0009005,CUST-00437,2025-12-04,578.48
TX-0009006,CUST-00437,2025-12-22,471.87
TX-0009007,CUST-00438,2026-08-10,561.02
TX-0009008,CUST-00438,2026-07-21,503.15
TX-0009009,CUST-00438,2026-04-05,464.27
TX-0009010,CUST-00438,2026-03-25,531.6
TX-0009011,CUST-00438,2026-07-01,546.69
TX-0009012,CUST-00438,2025-12-08,482.12
TX-0009013,CUST-00438,2026-04-15,454.23
TX-0009014,CUST-00438,2025-10-30,506.84
TX-0009015,CUST-00438,2026-01-25,488.73
TX-0009016,CUST-00438,2026-02-06,505.97
TX-0009017,CUST-00438,2025-11-26,522.61
TX-0009018,CUST-00438,2026-02-19,555.07
TX-0009019,CUST-00438,2026-01-12,551.94
TX-0009020,CUST-00439,2026-08-14,495.33
TX-0009021,CUST-00439,2026-06-12,504.15
TX-0009022,CUST-00439,2026-02-22,484.68
TX-0009023,CUST-00439,2025-11-19,398.6
TX-0009024,CUST-00439,2026-06-14,437.48
TX-0009025,CUST-00439,2025-11-26,567.88
TX-0009026,CUST-00439,2025-12-21,465.19
TX-0009027,CUST-00439,2026-06-06,464.07
TX-0009028,CUST-00439,2026-05-31,471.23
TX-0009029,CUST-00439,2026-03-04,434.87
TX-0009030,CUST-00439,2026-05-08,442.53
TX-0009031,CUST-00439,2026-01-25,504.36
TX-0009032,CUST-00439,2026-06-30,512.42
TX-0009033,CUST-00440,2026-08-15,450.31
TX-0009034,CUST-00440,2026-04-27,570.24
TX-0009035,CUST-00440,2026-05-02,459.05
TX-0009036,CUST-00440,2026-02-09,484.57
TX-0009037,CUST-00440,2025-12-29,555.24
TX-0009038,CUST-00440,2026-04-17,466.83
TX-0009039,CUST-00440,2026-05-07,548.56
TX-0009040,CUST-00440,2026-06-16,498.86
TX-0009041,CUST-00440,2026-05-19,459.98
TX-0009042,CUST-00440,2025-10-24,524.28
TX-0009043,CUST-00440,2026-05-17,382.11
TX-0009044,CUST-00440,2025-12-04,520.64
TX-0009045,CUST-00440,2026-02-17,492.19
TX-0009046,CUST-00441,2026-08-18,505.68
TX-0009047,CUST-00441,2026-06-22,467.99
TX-0009048,CUST-00441,2026-01-22,552.32
TX-0009049,CUST-00441,2026-05-21,507.5
TX-0009050,CUST-00441,2026-02-16,429.77
TX-0009051,CUST-00441,2026-02-03,389.67
TX-0009052,CUST-00441,2026-02-04,458.34
TX-0009053,CUST-00441,2026-06-15,501.19
TX-0009054,CUST-00442,2026-08-20,534.31
TX-0009055,CUST-00442,2026-07-29,402.92
TX-0009056,CUST-00442,2026-02-28,498.74
TX-0009057,CUST-00442,2026-06-02,384.42
TX-0009058,CUST-00442,2026-07-26,441.65
TX-0009059,CUST-00442,2026-04-22,501.82
TX-0009060,CUST-00442,2025-11-04,398.16
TX-0009061,CUST-00442,2025-11-14,520.63
TX-0009062,CUST-00442,2026-01-20,513.89
TX-0009063,CUST-00443,2026-08-07,573.37
TX-0009064,CUST-00443,2026-03-05,480.36
TX-0009065,CUST-00443,2025-11-27,432.5
TX-0009066,CUST-00443,2026-05-17,541.26
TX-0009067,CUST-00443,2025-10-12,562.02
TX-0009068,CUST-00443,2026-07-14,440.81
TX-0009069,CUST-00443,2025-11-24,399.05
TX-0009070,CUST-00443,2026-06-17,515.54
TX-0009071,CUST-00443,2026-04-17,511.73
TX-0009072,CUST-00443,2026-07-01,462.45
TX-0009073,CUST-00443,2026-07-21,426.26
TX-0009074,CUST-00444,2026-08-05,465.45
TX-0009075,CUST-00444,2026-04-12,548.01
TX-0009076,CUST-00444,2025-12-23,537.78
TX-0009077,CUST-00444,2025-12-26,541.44
TX-0009078,CUST-00444,2026-04-06,481.21
TX-0009079,CUST-00444,2025-11-16,481.69
TX-0009080,CUST-00444,2026-06-19,499.63
TX-0009081,CUST-00445,2026-08-22,502.19
TX-0009082,CUST-00445,2026-04-22,529.19
TX-0009083,CUST-00445,2026-07-05,532.28
TX-0009084,CUST-00445,2026-04-29,421.63
TX-0009085,CUST-00445,2025-12-01,428.99
TX-0009086,CUST-00445,2026-02-22,478.4
TX-0009087,CUST-00445,2026-03-22,433.77
TX-0009088,CUST-00445,2026-03-11,452.34
TX-0009089,CUST-00445,2026-06-16,494.02
TX-0009090,CUST-00445,2025-11-07,562.61
TX-0009091,CUST-00445,2026-05-09,481.61
TX-0009092,CUST-00445,2026-07-09,552.38
TX-0009093,CUST-00446,2026-08-14,469.28
TX-0009094,CUST-00446,2025-12-06,468.05
TX-0009095,CUST-00446,2026-02-08,411.45
TX-0009096,CUST-00446,2026-06-25,502.3
TX-0009097,CUST-00446,2026-01-15,545.47
TX-0009098,CUST-00446,2026-06-22,562.02
TX-0009099,CUST-00446,2026-04-09,451.78
TX-0009100,CUST-00446,2026-03-31,558.89
TX-0009101,CUST-00447,2026-08-10,484.97
TX-0009102,CUST-00447,2026-02-10,435.35
TX-0009103,CUST-00447,2026-06-07,434.32
TX-0009104,CUST-00447,2026-07-01,536.13
TX-0009105,CUST-00447,2026-04-25,518.91
TX-0009106,CUST-00447,2026-03-30,419.04
TX-0009107,CUST-00447,2026-03-12,450.42
TX-0009108,CUST-00447,2026-07-23,480.72
TX-0009109,CUST-00447,2026-02-14,578.19
TX-0009110,CUST-00447,2026-04-18,559.98
TX-0009111,CUST-00447,2026-01-09,410.75
TX-0009112,CUST-00447,2026-02-18,563.81
TX-0009113,CUST-00447,2025-11-14,557.34
TX-0009114,CUST-00447,2026-05-26,475.8
TX-0009115,CUST-00448,2026-08-19,457.7
TX-0009116,CUST-00448,2026-01-01,448.91
TX-0009117,CUST-00448,2026-03-23,458.16
TX-0009118,CUST-00448,2026-02-26,446.7
TX-0009119,CUST-00448,2026-02-26,517.98
TX-0009120,CUST-00448,2026-02-01,481.77
TX-0009121,CUST-00448,2026-07-09,390.79
TX-0009122,CUST-00448,2025-11-11,462.34
TX-0009123,CUST-00448,2025-10-24,469.89
TX-0009124,CUST-00449,2026-08-14,514.92
TX-0009125,CUST-00449,2026-04-17,382.78
TX-0009126,CUST-00449,2026-04-17,554.7
TX-0009127,CUST-00449,2026-07-01,579.94
TX-0009128,CUST-00449,2025-12-27,505.62
TX-0009129,CUST-00449,2026-07-12,492.49
TX-0009130,CUST-00449,2026-07-30,446.26
TX-0009131,CUST-00449,2025-11-01,531.09
TX-0009132,CUST-00449,2026-03-26,481.4
TX-0009133,CUST-00449,2026-03-30,579.17
TX-0009134,CUST-00449,2026-07-27,513.48
TX-0009135,CUST-00449,2026-03-06,459.59
TX-0009136,CUST-00449,2026-06-06,444.92
TX-0009137,CUST-00450,2026-08-09,549.64
TX-0009138,CUST-00450,2026-02-08,490.71
TX-0009139,CUST-00450,2025-11-15,496.47
TX-0009140,CUST-00450,2026-03-11,532.52
TX-0009141,CUST-00450,2026-03-10,463.0
TX-0009142,CUST-00450,2025-11-25,445.41
TX-0009143,CUST-00450,2025-11-07,518.53
TX-0009144,CUST-00450,2025-11-13,533.81
TX-0009145,CUST-00450,2026-02-15,448.52
TX-0009146,CUST-00451,2026-08-09,391.63
TX-0009147,CUST-00451,2026-05-28,538.28
TX-0009148,CUST-00451,2026-01-04,541.6
TX-0009149,CUST-00451,2026-07-19,569.56
TX-0009150,CUST-00451,2026-05-25,469.18
TX-0009151,CUST-00451,2025-11-09,537.63
TX-0009152,CUST-00451,2026-02-27,560.13
TX-0009153,CUST-00451,2025-11-30,574.8
TX-0009154,CUST-00451,2025-12-05,505.82
TX-0009155,CUST-00451,2026-05-22,457.91
TX-0009156,CUST-00451,2025-11-01,530.38
TX-0009157,CUST-00452,2026-08-20,421.06
TX-0009158,CUST-00452,2025-11-13,555.19
TX-0009159,CUST-00452,2026-02-12,476.74
TX-0009160,CUST-00452,2025-12-09,571.66
TX-0009161,CUST-00452,2026-03-20,464.43
TX-0009162,CUST-00452,2026-01-19,425.34
TX-0009163,CUST-00452,2025-12-14,540.16
TX-0009164,CUST-00452,2025-12-15,439.05
TX-0009165,CUST-00452,2026-05-24,384.83
TX-0009166,CUST-00453,2026-08-14,543.71
TX-0009167,CUST-00453,2026-06-12,432.22
TX-0009168,CUST-00453,2025-12-19,568.74
TX-0009169,CUST-00453,2025-10-27,561.77
TX-0009170,CUST-00453,2026-06-17,499.92
TX-0009171,CUST-00453,2026-05-15,541.45
TX-0009172,CUST-00453,2026-05-15,520.32
TX-0009173,CUST-00453,2025-10-25,455.45
TX-0009174,CUST-00453,2026-06-22,391.75
TX-0009175,CUST-00453,2025-10-19,547.65
TX-0009176,CUST-00453,2026-06-30,424.3
TX-0009177,CUST-00453,2026-01-05,380.14
TX-0009178,CUST-00453,2025-12-03,491.56
TX-0009179,CUST-00453,2026-04-18,456.27
TX-0009180,CUST-00454,2026-08-09,434.97
TX-0009181,CUST-00454,2026-07-14,470.93
TX-0009182,CUST-00454,2026-05-16,473.29
TX-0009183,CUST-00454,2025-10-24,495.47
TX-0009184,CUST-00454,2026-01-04,515.43
TX-0009185,CUST-00454,2026-05-20,428.4
TX-0009186,CUST-00454,2026-07-14,546.54
TX-0009187,CUST-00454,2026-01-21,554.46
TX-0009188,CUST-00455,2026-08-04,506.76
TX-0009189,CUST-00455,2025-10-20,558.85
TX-0009190,CUST-00455,2026-02-01,469.6
TX-0009191,CUST-00455,2025-12-08,571.07
TX-0009192,CUST-00455,2026-02-07,539.26
TX-0009193,CUST-00455,2026-03-24,455.55
TX-0009194,CUST-00455,2026-03-05,438.31
TX-0009195,CUST-00455,2026-04-07,544.12
TX-0009196,CUST-00455,2026-06-27,520.3
TX-0009197,CUST-00455,2026-05-10,522.31
TX-0009198,CUST-00455,2026-04-17,455.88
TX-0009199,CUST-00455,2026-02-12,454.07
TX-0009200,CUST-00455,2025-11-01,484.33
TX-0009201,CUST-00455,2025-12-25,526.23
TX-0009202,CUST-00456,2026-08-22,458.21
TX-0009203,CUST-00456,2026-05-31,518.1
TX-0009204,CUST-00456,2026-05-31,475.49
TX-0009205,CUST-00456,2026-02-12,496.62
TX-0009206,CUST-00456,2026-01-24,562.4
TX-0009207,CUST-00456,2026-06-20,440.95
TX-0009208,CUST-00456,2025-12-10,442.22
TX-0009209,CUST-00456,2026-03-15,490.38
TX-0009210,CUST-00456,2025-12-14,524.63
TX-0009211,CUST-00456,2025-10-31,552.57
TX-0009212,CUST-00456,2025-12-18,435.27
TX-0009213,CUST-00456,2026-01-11,578.59
TX-0009214,CUST-00456,2025-11-13,466.03
TX-0009215,CUST-00457,2026-08-20,440.7
TX-0009216,CUST-00457,2026-03-21,547.23
TX-0009217,CUST-00457,2025-11-08,546.33
TX-0009218,CUST-00457,2026-06-14,459.35
TX-0009219,CUST-00457,2026-07-20,483.52
TX-0009220,CUST-00457,2026-05-29,455.28
TX-0009221,CUST-00457,2026-07-01,401.17
TX-0009222,CUST-00458,2026-08-15,421.16
TX-0009223,CUST-00458,2026-02-19,530.76
TX-0009224,CUST-00458,2026-04-14,467.39
TX-0009225,CUST-00458,2026-04-18,499.68
TX-0009226,CUST-00458,2025-10-31,531.29
TX-0009227,CUST-00458,2026-02-22,509.14
TX-0009228,CUST-00458,2026-01-01,523.86
TX-0009229,CUST-00458,2025-12-29,518.05
TX-0009230,CUST-00459,2026-08-13,472.3
TX-0009231,CUST-00459,2026-02-18,458.99
TX-0009232,CUST-00459,2026-03-01,434.15
TX-0009233,CUST-00459,2026-04-19,465.71
TX-0009234,CUST-00459,2026-02-17,495.88
TX-0009235,CUST-00459,2026-03-09,401.59
TX-0009236,CUST-00459,2026-02-05,447.99
TX-0009237,CUST-00460,2026-08-15,446.58
TX-0009238,CUST-00460,2026-01-11,381.59
TX-0009239,CUST-00460,2026-04-24,396.87
TX-0009240,CUST-00460,2026-03-12,417.7
TX-0009241,CUST-00460,2026-05-08,478.92
TX-0009242,CUST-00460,2026-02-18,566.69
TX-0009243,CUST-00460,2026-02-23,511.12
TX-0009244,CUST-00460,2026-07-23,456.15
TX-0009245,CUST-00460,2026-07-19,538.69
TX-0009246,CUST-00460,2026-05-18,564.99
TX-0009247,CUST-00460,2025-10-29,485.8
TX-0009248,CUST-00460,2026-07-05,428.33
TX-0009249,CUST-00460,2026-02-12,561.26
TX-0009250,CUST-00461,2026-08-04,444.14
TX-0009251,CUST-00461,2025-11-17,533.76
TX-0009252,CUST-00461,2026-06-01,424.45
TX-0009253,CUST-00461,2026-04-02,519.43
TX-0009254,CUST-00461,2026-05-14,573.78
TX-0009255,CUST-00461,2026-03-17,479.17
TX-0009256,CUST-00461,2026-06-19,424.03
TX-0009257,CUST-00461,2026-03-28,392.6
TX-0009258,CUST-00461,2026-02-16,551.72
TX-0009259,CUST-00461,2026-07-14,516.7
TX-0009260,CUST-00461,2025-11-06,434.64
TX-0009261,CUST-00462,2026-08-13,460.01
TX-0009262,CUST-00462,2026-05-10,489.36
TX-0009263,CUST-00462,2026-03-11,508.18
TX-0009264,CUST-00462,2025-11-04,446.44
TX-0009265,CUST-00462,2026-04-24,496.97
TX-0009266,CUST-00462,2025-11-15,438.05
TX-0009267,CUST-00462,2026-06-27,553.01
TX-0009268,CUST-00462,2025-10-30,549.5
TX-0009269,CUST-00463,2026-08-12,524.42
TX-0009270,CUST-00463,2026-03-20,476.21
TX-0009271,CUST-00463,2026-02-08,574.89
TX-0009272,CUST-00463,2025-11-28,430.22
TX-0009273,CUST-00463,2025-12-15,481.25
TX-0009274,CUST-00463,2025-11-01,415.37
TX-0009275,CUST-00463,2026-01-26,538.49
TX-0009276,CUST-00463,2025-11-26,493.75
TX-0009277,CUST-00463,2025-12-02,453.17
TX-0009278,CUST-00463,2025-12-18,562.75
TX-0009279,CUST-00463,2026-01-25,540.63
TX-0009280,CUST-00464,2026-08-12,469.23
TX-0009281,CUST-00464,2025-11-09,561.92
TX-0009282,CUST-00464,2026-07-14,460.8
TX-0009283,CUST-00464,2026-02-08,536.06
TX-0009284,CUST-00464,2025-12-29,550.32
TX-0009285,CUST-00464,2025-10-22,527.88
TX-0009286,CUST-00464,2025-11-01,479.65
TX-0009287,CUST-00464,2026-01-25,504.86
TX-0009288,CUST-00464,2025-11-29,520.34
TX-0009289,CUST-00465,2026-08-05,453.4
TX-0009290,CUST-00465,2026-01-31,490.52
TX-0009291,CUST-00465,2025-12-18,488.71
TX-0009292,CUST-00465,2026-05-18,535.51
TX-0009293,CUST-00465,2025-11-25,433.03
TX-0009294,CUST-00465,2026-02-17,503.22
TX-0009295,CUST-00465,2026-02-13,425.46
TX-0009296,CUST-00466,2026-08-17,489.71
TX-0009297,CUST-00466,2025-11-21,543.47
TX-0009298,CUST-00466,2026-03-24,396.18
TX-0009299,CUST-00466,2026-01-01,477.46
TX-0009300,CUST-00466,2025-12-07,494.25
TX-0009301,CUST-00466,2026-06-18,443.77
TX-0009302,CUST-00466,2025-11-13,411.13
TX-0009303,CUST-00466,2026-06-06,445.38
TX-0009304,CUST-00466,2026-03-31,527.6
TX-0009305,CUST-00466,2026-05-06,547.15
TX-0009306,CUST-00467,2026-08-21,524.11
TX-0009307,CUST-00467,2025-12-24,558.93
TX-0009308,CUST-00467,2026-05-27,560.09
TX-0009309,CUST-00467,2025-12-28,418.04
TX-0009310,CUST-00467,2026-06-23,442.77
TX-0009311,CUST-00467,2025-11-13,499.63
TX-0009312,CUST-00467,2026-02-09,487.75
TX-0009313,CUST-00467,2025-11-19,554.84
TX-0009314,CUST-00468,2026-08-14,556.45
TX-0009315,CUST-00468,2025-12-06,402.77
TX-0009316,CUST-00468,2025-12-27,573.13
TX-0009317,CUST-00468,2025-10-31,389.8
TX-0009318,CUST-00468,2026-05-28,538.79
TX-0009319,CUST-00468,2025-10-22,484.01
TX-0009320,CUST-00468,2026-07-06,433.59
TX-0009321,CUST-00468,2026-05-08,444.81
TX-0009322,CUST-00468,2026-04-30,555.53
TX-0009323,CUST-00468,2025-11-27,512.41
TX-0009324,CUST-00468,2026-01-02,382.71
TX-0009325,CUST-00468,2026-02-28,465.5
TX-0009326,CUST-00469,2026-08-16,570.77
TX-0009327,CUST-00469,2025-12-02,464.67
TX-0009328,CUST-00469,2025-12-27,574.61
TX-0009329,CUST-00469,2026-07-28,445.14
TX-0009330,CUST-00469,2026-06-08,534.99
TX-0009331,CUST-00469,2026-04-21,564.19
TX-0009332,CUST-00469,2026-04-12,423.69
TX-0009333,CUST-00469,2025-12-18,420.34
TX-0009334,CUST-00469,2026-03-21,419.42
TX-0009335,CUST-00470,2026-08-14,497.09
TX-0009336,CUST-00470,2025-11-03,507.01
TX-0009337,CUST-00470,2026-04-22,381.95
TX-0009338,CUST-00470,2026-07-14,393.39
TX-0009339,CUST-00470,2025-11-05,543.93
TX-0009340,CUST-00470,2026-05-24,445.77
TX-0009341,CUST-00470,2026-01-18,501.99
TX-0009342,CUST-00470,2026-02-14,462.11
TX-0009343,CUST-00470,2026-07-19,380.86
TX-0009344,CUST-00470,2026-03-24,527.78
TX-0009345,CUST-00470,2025-10-23,427.05
TX-0009346,CUST-00471,2026-08-09,561.6
TX-0009347,CUST-00471,2026-07-21,570.01
TX-0009348,CUST-00471,2025-12-08,380.49
TX-0009349,CUST-00471,2026-03-17,462.76
TX-0009350,CUST-00471,2025-10-21,548.38
TX-0009351,CUST-00471,2026-02-21,502.27
TX-0009352,CUST-00471,2025-12-31,420.5
TX-0009353,CUST-00471,2026-07-04,518.47
TX-0009354,CUST-00471,2025-10-19,504.14
TX-0009355,CUST-00471,2025-11-30,548.94
TX-0009356,CUST-00471,2026-05-29,506.21
TX-0009357,CUST-00472,2026-08-12,540.25
TX-0009358,CUST-00472,2025-11-10,556.48
TX-0009359,CUST-00472,2026-05-31,579.17
TX-0009360,CUST-00472,2026-04-05,523.39
TX-0009361,CUST-00472,2026-02-07,517.61
TX-0009362,CUST-00472,2026-06-09,507.31
TX-0009363,CUST-00472,2025-10-30,465.62
TX-0009364,CUST-00472,2026-03-22,416.03
TX-0009365,CUST-00472,2026-05-31,528.95
TX-0009366,CUST-00472,2026-01-11,486.46
TX-0009367,CUST-00472,2026-04-05,411.34
TX-0009368,CUST-00472,2026-02-20,400.03
TX-0009369,CUST-00473,2026-08-14,454.47
TX-0009370,CUST-00473,2026-03-12,556.69
TX-0009371,CUST-00473,2026-04-03,499.69
TX-0009372,CUST-00473,2026-04-02,554.96
TX-0009373,CUST-00473,2026-03-31,556.74
TX-0009374,CUST-00473,2026-06-12,407.29
TX-0009375,CUST-00473,2026-04-18,398.95
TX-0009376,CUST-00473,2026-03-10,492.19
TX-0009377,CUST-00473,2025-10-31,511.39
TX-0009378,CUST-00474,2026-08-16,435.63
TX-0009379,CUST-00474,2026-03-01,566.22
TX-0009380,CUST-00474,2026-03-20,433.4
TX-0009381,CUST-00474,2025-12-16,577.54
TX-0009382,CUST-00474,2026-04-03,454.3
TX-0009383,CUST-00474,2026-01-15,386.99
TX-0009384,CUST-00474,2026-06-12,541.84
TX-0009385,CUST-00474,2025-11-12,476.54
TX-0009386,CUST-00474,2025-11-02,396.78
TX-0009387,CUST-00474,2026-04-27,503.19
TX-0009388,CUST-00474,2026-01-08,504.24
TX-0009389,CUST-00474,2026-06-09,485.98
TX-0009390,CUST-00475,2026-08-12,552.65
TX-0009391,CUST-00475,2026-01-13,447.27
TX-0009392,CUST-00475,2025-12-31,471.93
TX-0009393,CUST-00475,2026-01-28,442.84
TX-0009394,CUST-00475,2025-12-18,415.76
TX-0009395,CUST-00475,2025-10-26,418.95
TX-0009396,CUST-00475,2026-07-11,426.55
TX-0009397,CUST-00475,2026-02-02,395.47
TX-0009398,CUST-00475,2025-11-30,386.81
TX-0009399,CUST-00475,2026-07-10,404.65
TX-0009400,CUST-00475,2026-02-25,465.84
TX-0009401,CUST-00475,2025-12-04,448.39
TX-0009402,CUST-00475,2026-06-25,465.51
TX-0009403,CUST-00475,2026-02-07,440.43
TX-0009404,CUST-00476,2026-08-11,457.26
TX-0009405,CUST-00476,2025-11-09,448.38
TX-0009406,CUST-00476,2026-04-08,382.22
TX-0009407,CUST-00476,2025-11-15,557.25
TX-0009408,CUST-00476,2025-10-22,552.5
TX-0009409,CUST-00476,2026-07-01,381.15
TX-0009410,CUST-00476,2025-12-25,494.62
TX-0009411,CUST-00476,2026-07-04,398.83
TX-0009412,CUST-00476,2025-11-04,535.24
TX-0009413,CUST-00476,2026-03-01,409.06
TX-0009414,CUST-00477,2026-08-04,470.94
TX-0009415,CUST-00477,2026-06-15,411.8
TX-0009416,CUST-00477,2026-05-24,410.04
TX-0009417,CUST-00477,2025-10-18,494.42
TX-0009418,CUST-00477,2026-02-26,431.83
TX-0009419,CUST-00477,2025-12-11,555.05
TX-0009420,CUST-00477,2025-10-19,563.52
TX-0009421,CUST-00478,2026-08-05,507.79
TX-0009422,CUST-00478,2025-11-05,448.49
TX-0009423,CUST-00478,2026-01-21,565.11
TX-0009424,CUST-00478,2026-06-17,413.76
TX-0009425,CUST-00478,2025-11-28,466.77
TX-0009426,CUST-00478,2026-05-02,503.15
TX-0009427,CUST-00478,2026-06-28,561.06
TX-0009428,CUST-00478,2026-03-04,490.77
TX-0009429,CUST-00478,2025-12-18,464.63
TX-0009430,CUST-00478,2026-01-01,400.14
TX-0009431,CUST-00478,2026-04-11,389.72
TX-0009432,CUST-00478,2026-01-20,486.98
TX-0009433,CUST-00479,2026-08-15,446.8
TX-0009434,CUST-00479,2026-01-25,390.36
TX-0009435,CUST-00479,2026-01-19,464.29
TX-0009436,CUST-00479,2026-02-12,469.05
TX-0009437,CUST-00479,2025-11-19,527.51
TX-0009438,CUST-00479,2026-02-14,423.89
TX-0009439,CUST-00479,2026-01-25,406.45
TX-0009440,CUST-00479,2026-04-06,418.81
TX-0009441,CUST-00479,2026-01-09,405.18
TX-0009442,CUST-00479,2025-12-08,436.04
TX-0009443,CUST-00480,2026-08-05,565.89
TX-0009444,CUST-00480,2025-12-23,556.37
TX-0009445,CUST-00480,2025-11-29,442.52
TX-0009446,CUST-00480,2026-01-22,455.74
TX-0009447,CUST-00480,2026-07-07,519.42
TX-0009448,CUST-00480,2026-04-13,380.26
TX-0009449,CUST-00480,2025-10-27,398.79
TX-0009450,CUST-00480,2025-12-14,396.8
TX-0009451,CUST-00480,2025-12-07,499.88
TX-0009452,CUST-00481,2026-08-06,462.69
TX-0009453,CUST-00481,2025-12-23,421.72
TX-0009454,CUST-00481,2025-12-26,564.51
TX-0009455,CUST-00481,2026-02-11,461.08
TX-0009456,CUST-00481,2025-10-13,568.41
TX-0009457,CUST-00481,2026-05-22,468.46
TX-0009458,CUST-00481,2026-03-08,401.73
TX-0009459,CUST-00481,2026-06-17,459.72
TX-0009460,CUST-00481,2025-10-23,519.93
TX-0009461,CUST-00482,2026-08-16,541.04
TX-0009462,CUST-00482,2026-01-17,555.52
TX-0009463,CUST-00482,2025-10-24,388.94
TX-0009464,CUST-00482,2025-12-24,409.43
TX-0009465,CUST-00482,2025-11-17,519.65
TX-0009466,CUST-00482,2026-04-18,521.56
TX-0009467,CUST-00482,2025-11-17,422.76
TX-0009468,CUST-00482,2026-01-30,405.1
TX-0009469,CUST-00482,2026-05-31,413.95
TX-0009470,CUST-00482,2026-02-07,447.35
TX-0009471,CUST-00482,2026-02-11,520.76
TX-0009472,CUST-00482,2026-01-18,504.33
TX-0009473,CUST-00483,2026-08-22,538.79
TX-0009474,CUST-00483,2026-04-06,562.28
TX-0009475,CUST-00483,2026-07-16,494.31
TX-0009476,CUST-00483,2026-03-06,529.76
TX-0009477,CUST-00483,2026-06-07,432.72
TX-0009478,CUST-00483,2025-11-22,433.39
TX-0009479,CUST-00483,2026-02-25,453.23
TX-0009480,CUST-00483,2025-12-30,513.22
TX-0009481,CUST-00483,2026-02-15,511.42
TX-0009482,CUST-00483,2026-07-25,430.46
TX-0009483,CUST-00483,2026-01-01,512.81
TX-0009484,CUST-00483,2026-02-05,406.13
TX-0009485,CUST-00484,2026-08-19,567.21
TX-0009486,CUST-00484,2026-05-11,445.27
TX-0009487,CUST-00484,2026-03-10,383.98
TX-0009488,CUST-00484,2026-06-25,386.43
TX-0009489,CUST-00484,2026-07-18,460.57
TX-0009490,CUST-00484,2025-12-20,470.09
TX-0009491,CUST-00484,2025-12-07,547.8
TX-0009492,CUST-00484,2026-07-22,473.94
TX-0009493,CUST-00484,2026-01-15,537.42
TX-0009494,CUST-00484,2026-01-24,550.57
TX-0009495,CUST-00484,2026-05-30,434.77
TX-0009496,CUST-00485,2026-08-13,413.7
TX-0009497,CUST-00485,2026-01-18,543.16
TX-0009498,CUST-00485,2025-12-15,442.29
TX-0009499,CUST-00485,2026-07-03,533.14
TX-0009500,CUST-00485,2026-03-11,521.0
TX-0009501,CUST-00485,2025-11-20,558.41
TX-0009502,CUST-00485,2026-03-28,435.71
TX-0009503,CUST-00485,2026-01-28,579.82
TX-0009504,CUST-00485,2026-03-09,428.76
TX-0009505,CUST-00486,2026-08-14,400.62
TX-0009506,CUST-00486,2025-11-13,565.65
TX-0009507,CUST-00486,2025-11-13,477.63
TX-0009508,CUST-00486,2025-11-18,504.27
TX-0009509,CUST-00486,2026-01-24,514.29
TX-0009510,CUST-00486,2025-12-22,393.43
TX-0009511,CUST-00486,2025-11-30,505.55
TX-0009512,CUST-00487,2026-08-05,573.66
TX-0009513,CUST-00487,2025-10-22,509.17
TX-0009514,CUST-00487,2025-10-12,506.66
TX-0009515,CUST-00487,2026-02-14,501.51
TX-0009516,CUST-00487,2026-04-04,502.42
TX-0009517,CUST-00487,2026-07-09,397.77
TX-0009518,CUST-00487,2025-11-12,503.88
TX-0009519,CUST-00487,2026-04-23,440.29
TX-0009520,CUST-00487,2026-02-21,418.69
TX-0009521,CUST-00488,2026-08-07,505.55
TX-0009522,CUST-00488,2025-10-22,569.08
TX-0009523,CUST-00488,2026-05-03,556.78
TX-0009524,CUST-00488,2026-05-22,410.71
TX-0009525,CUST-00488,2026-05-07,422.32
TX-0009526,CUST-00488,2026-06-26,496.58
TX-0009527,CUST-00488,2025-11-01,436.53
TX-0009528,CUST-00489,2026-08-05,451.92
TX-0009529,CUST-00489,2026-01-28,576.93
TX-0009530,CUST-00489,2025-11-30,570.64
TX-0009531,CUST-00489,2025-12-12,538.34
TX-0009532,CUST-00489,2025-11-02,575.45
TX-0009533,CUST-00489,2026-01-31,556.0
TX-0009534,CUST-00489,2025-10-11,392.97
TX-0009535,CUST-00490,2026-08-12,387.54
TX-0009536,CUST-00490,2026-03-07,397.39
TX-0009537,CUST-00490,2025-12-12,384.37
TX-0009538,CUST-00490,2026-05-06,390.7
TX-0009539,CUST-00490,2025-12-16,464.63
TX-0009540,CUST-00490,2025-12-09,502.77
TX-0009541,CUST-00490,2025-12-29,514.76
TX-0009542,CUST-00490,2026-07-20,547.91
TX-0009543,CUST-00490,2026-01-20,409.24
TX-0009544,CUST-00490,2026-05-03,483.36
TX-0009545,CUST-00490,2026-01-12,566.0
TX-0009546,CUST-00490,2025-10-17,536.53
TX-0009547,CUST-00491,2026-08-15,485.54
TX-0009548,CUST-00491,2026-05-31,513.13
TX-0009549,CUST-00491,2026-06-20,433.84
TX-0009550,CUST-00491,2026-07-09,576.93
TX-0009551,CUST-00491,2025-10-25,444.59
TX-0009552,CUST-00491,2026-06-10,428.21
TX-0009553,CUST-00491,2026-05-27,476.97
TX-0009554,CUST-00491,2026-04-17,424.75
TX-0009555,CUST-00491,2026-01-28,394.96
TX-0009556,CUST-00491,2025-10-22,400.74
TX-0009557,CUST-00491,2026-05-14,535.49
TX-0009558,CUST-00491,2026-05-02,444.66
TX-0009559,CUST-00492,2026-08-14,537.71
TX-0009560,CUST-00492,2026-01-24,441.42
TX-0009561,CUST-00492,2026-06-20,526.19
TX-0009562,CUST-00492,2026-05-10,508.89
TX-0009563,CUST-00492,2026-01-19,470.18
TX-0009564,CUST-00492,2025-11-08,576.42
TX-0009565,CUST-00492,2026-05-22,534.82
TX-0009566,CUST-00492,2025-11-12,407.3
TX-0009567,CUST-00492,2026-02-01,510.89
TX-0009568,CUST-00492,2026-06-04,435.39
TX-0009569,CUST-00493,2026-08-11,528.4
TX-0009570,CUST-00493,2025-11-11,524.3
TX-0009571,CUST-00493,2025-11-22,491.85
TX-0009572,CUST-00493,2025-10-25,565.27
TX-0009573,CUST-00493,2025-11-16,549.81
TX-0009574,CUST-00493,2026-05-13,425.9
TX-0009575,CUST-00493,2026-02-26,527.25
TX-0009576,CUST-00493,2025-12-15,575.22
TX-0009577,CUST-00493,2026-07-24,445.42
TX-0009578,CUST-00493,2025-10-22,448.47
TX-0009579,CUST-00493,2026-05-06,543.48
TX-0009580,CUST-00494,2026-08-16,451.89
TX-0009581,CUST-00494,2026-02-26,522.34
TX-0009582,CUST-00494,2026-04-08,408.81
TX-0009583,CUST-00494,2025-11-28,502.17
TX-0009584,CUST-00494,2026-03-06,576.37
TX-0009585,CUST-00494,2025-11-19,529.71
TX-0009586,CUST-00494,2025-10-24,417.27
TX-0009587,CUST-00495,2026-08-10,490.33
TX-0009588,CUST-00495,2026-01-17,522.5
TX-0009589,CUST-00495,2026-03-15,422.48
TX-0009590,CUST-00495,2025-11-29,389.15
TX-0009591,CUST-00495,2025-11-30,542.96
TX-0009592,CUST-00495,2026-02-21,412.51
TX-0009593,CUST-00495,2026-01-24,527.55
TX-0009594,CUST-00495,2026-06-16,491.52
TX-0009595,CUST-00495,2026-04-27,556.19
TX-0009596,CUST-00495,2026-06-26,508.49
TX-0009597,CUST-00495,2026-01-02,510.42
TX-0009598,CUST-00495,2026-05-26,524.26
TX-0009599,CUST-00495,2026-06-15,564.52
TX-0009600,CUST-00496,2026-08-21,547.31
TX-0009601,CUST-00496,2025-10-29,558.68
TX-0009602,CUST-00496,2026-02-02,499.66
TX-0009603,CUST-00496,2025-12-12,401.81
TX-0009604,CUST-00496,2026-04-04,502.33
TX-0009605,CUST-00496,2026-07-25,396.37
TX-0009606,CUST-00496,2026-07-06,578.7
TX-0009607,CUST-00496,2026-05-23,446.45
TX-0009608,CUST-00496,2026-04-29,430.31
TX-0009609,CUST-00497,2026-08-12,474.62
TX-0009610,CUST-00497,2026-06-04,538.09
TX-0009611,CUST-00497,2026-03-04,383.08
TX-0009612,CUST-00497,2026-05-16,476.54
TX-0009613,CUST-00497,2026-07-13,545.36
TX-0009614,CUST-00497,2026-07-24,402.73
TX-0009615,CUST-00497,2026-05-28,471.99
TX-0009616,CUST-00497,2026-04-06,419.04
TX-0009617,CUST-00497,2026-02-25,472.14
TX-0009618,CUST-00497,2026-05-01,570.5
TX-0009619,CUST-00497,2026-07-03,495.35
TX-0009620,CUST-00497,2025-10-22,524.08
TX-0009621,CUST-00498,2026-08-20,552.85
TX-0009622,CUST-00498,2026-02-05,537.51
TX-0009623,CUST-00498,2026-03-25,567.03
TX-0009624,CUST-00498,2026-01-12,458.8
TX-0009625,CUST-00498,2025-12-10,564.09
TX-0009626,CUST-00498,2026-06-02,496.74
TX-0009627,CUST-00498,2026-06-20,533.13
TX-0009628,CUST-00498,2025-11-30,563.31
TX-0009629,CUST-00498,2025-12-30,397.0
TX-0009630,CUST-00498,2026-01-11,420.82
TX-0009631,CUST-00498,2026-05-13,535.82
TX-0009632,CUST-00498,2026-01-18,416.27
TX-0009633,CUST-00498,2025-11-17,546.57
TX-0009634,CUST-00499,2026-08-14,574.28
TX-0009635,CUST-00499,2026-02-26,511.33
TX-0009636,CUST-00499,2026-07-04,497.71
TX-0009637,CUST-00499,2026-07-26,419.84
TX-0009638,CUST-00499,2025-12-14,385.31
TX-0009639,CUST-00499,2026-04-27,448.9
TX-0009640,CUST-00499,2026-01-28,486.07
TX-0009641,CUST-00499,2026-01-15,415.87
TX-0009642,CUST-00500,2026-08-06,563.4
TX-0009643,CUST-00500,2026-06-03,417.0
TX-0009644,CUST-00500,2026-01-16,389.12
TX-0009645,CUST-00500,2025-10-19,486.23
TX-0009646,CUST-00500,2025-12-23,386.81
TX-0009647,CUST-00500,2026-02-15,446.73
TX-0009648,CUST-00500,2025-11-14,425.1
TX-0009649,CUST-00500,2025-11-14,524.57
TX-0009650,CUST-00500,2026-01-29,412.74
TX-0009651,CUST-00500,2025-11-09,528.34
TX-0009652,CUST-00500,2026-02-21,402.41
TX-0009653,CUST-00501,2026-08-08,478.39
TX-0009654,CUST-00501,2025-12-19,529.02
TX-0009655,CUST-00501,2026-05-23,407.44
TX-0009656,CUST-00501,2026-06-08,528.26
TX-0009657,CUST-00501,2026-01-13,434.82
TX-0009658,CUST-00501,2025-12-06,529.26
TX-0009659,CUST-00501,2026-03-03,449.72
TX-0009660,CUST-00501,2026-03-24,537.38
TX-0009661,CUST-00501,2026-01-30,481.45
TX-0009662,CUST-00501,2026-04-30,534.62
TX-0009663,CUST-00501,2026-02-19,567.71
TX-0009664,CUST-00501,2025-12-22,543.61
TX-0009665,CUST-00501,2026-04-13,472.98
TX-0009666,CUST-00501,2025-11-17,571.47
TX-0009667,CUST-00502,2026-08-05,434.86
TX-0009668,CUST-00502,2026-05-28,452.88
TX-0009669,CUST-00502,2026-04-17,555.97
TX-0009670,CUST-00502,2025-10-30,540.47
TX-0009671,CUST-00502,2025-10-29,435.14
TX-0009672,CUST-00502,2025-11-11,386.58
TX-0009673,CUST-00502,2025-11-08,464.56
TX-0009674,CUST-00502,2026-04-05,487.05
TX-0009675,CUST-00502,2026-04-09,492.13
TX-0009676,CUST-00502,2026-05-18,420.91
TX-0009677,CUST-00502,2025-12-11,540.71
TX-0009678,CUST-00503,2026-08-21,418.33
TX-0009679,CUST-00503,2026-03-19,443.91
TX-0009680,CUST-00503,2025-11-14,435.46
TX-0009681,CUST-00503,2026-01-17,471.2
TX-0009682,CUST-00503,2025-12-25,439.89
TX-0009683,CUST-00503,2025-12-13,397.16
TX-0009684,CUST-00503,2026-04-26,533.27
TX-0009685,CUST-00503,2026-05-28,563.6
TX-0009686,CUST-00503,2025-12-10,381.11
TX-0009687,CUST-00503,2026-03-01,504.45
TX-0009688,CUST-00503,2026-01-09,495.46
TX-0009689,CUST-00503,2025-12-17,402.43
TX-0009690,CUST-00503,2026-03-25,463.11
TX-0009691,CUST-00503,2025-12-03,557.75
TX-0009692,CUST-00504,2026-08-21,491.59
TX-0009693,CUST-00504,2026-06-29,532.78
TX-0009694,CUST-00504,2025-12-27,557.62
TX-0009695,CUST-00504,2026-03-31,548.77
TX-0009696,CUST-00504,2026-04-10,509.95
TX-0009697,CUST-00504,2026-03-28,476.65
TX-0009698,CUST-00504,2026-07-04,544.34
TX-0009699,CUST-00504,2026-04-30,500.35
TX-0009700,CUST-00504,2026-07-21,515.37
TX-0009701,CUST-00504,2026-06-14,436.62
TX-0009702,CUST-00505,2026-08-21,526.44
TX-0009703,CUST-00505,2026-02-15,483.46
TX-0009704,CUST-00505,2025-12-23,381.13
TX-0009705,CUST-00505,2026-02-23,381.32
TX-0009706,CUST-00505,2026-03-22,565.28
TX-0009707,CUST-00505,2026-05-22,554.2
TX-0009708,CUST-00505,2026-06-12,382.42
TX-0009709,CUST-00505,2026-07-10,470.28
TX-0009710,CUST-00505,2026-07-05,531.72
TX-0009711,CUST-00505,2025-11-11,484.22
TX-0009712,CUST-00505,2025-12-12,451.09
TX-0009713,CUST-00505,2026-07-25,496.74
TX-0009714,CUST-00506,2026-08-12,561.83
TX-0009715,CUST-00506,2026-04-16,476.01
TX-0009716,CUST-00506,2025-12-22,549.64
TX-0009717,CUST-00506,2026-04-13,399.66
TX-0009718,CUST-00506,2026-03-25,558.74
TX-0009719,CUST-00506,2025-12-21,464.89
TX-0009720,CUST-00506,2026-02-17,554.62
TX-0009721,CUST-00506,2026-03-28,426.52
TX-0009722,CUST-00506,2025-11-16,459.41
TX-0009723,CUST-00506,2026-05-13,498.61
TX-0009724,CUST-00507,2026-08-16,389.86
TX-0009725,CUST-00507,2026-03-04,393.05
TX-0009726,CUST-00507,2025-11-24,462.94
TX-0009727,CUST-00507,2026-04-28,503.16
TX-0009728,CUST-00507,2026-07-09,387.58
TX-0009729,CUST-00507,2026-06-15,421.92
TX-0009730,CUST-00507,2025-11-08,468.1
TX-0009731,CUST-00507,2026-05-23,407.53
TX-0009732,CUST-00507,2026-07-11,499.51
TX-0009733,CUST-00507,2026-01-01,517.05
TX-0009734,CUST-00507,2026-03-31,435.24
TX-0009735,CUST-00507,2025-12-01,502.36
TX-0009736,CUST-00507,2026-06-26,502.93
TX-0009737,CUST-00507,2026-06-02,428.44
TX-0009738,CUST-00508,2026-08-10,427.56
TX-0009739,CUST-00508,2026-06-08,517.62
TX-0009740,CUST-00508,2026-04-30,410.38
TX-0009741,CUST-00508,2026-01-06,410.32
TX-0009742,CUST-00508,2026-06-20,467.95
TX-0009743,CUST-00508,2026-03-01,380.61
TX-0009744,CUST-00508,2026-02-22,439.66
TX-0009745,CUST-00508,2026-02-12,490.5
TX-0009746,CUST-00508,2025-11-02,553.81
TX-0009747,CUST-00508,2026-05-27,495.29
TX-0009748,CUST-00509,2026-08-15,564.63
TX-0009749,CUST-00509,2026-01-13,477.91
TX-0009750,CUST-00509,2026-01-21,399.86
TX-0009751,CUST-00509,2025-12-25,382.1
TX-0009752,CUST-00509,2026-02-16,532.93
TX-0009753,CUST-00509,2026-07-07,401.32
TX-0009754,CUST-00509,2026-04-06,536.34
TX-0009755,CUST-00510,2026-08-09,544.12
TX-0009756,CUST-00510,2026-02-15,550.27
TX-0009757,CUST-00510,2025-10-29,471.5
TX-0009758,CUST-00510,2025-10-15,451.52
TX-0009759,CUST-00510,2026-04-06,414.3
TX-0009760,CUST-00510,2025-11-26,463.11
TX-0009761,CUST-00510,2026-05-29,554.9
TX-0009762,CUST-00511,2026-08-21,388.05
TX-0009763,CUST-00511,2026-07-06,500.4
TX-0009764,CUST-00511,2025-10-31,546.37
TX-0009765,CUST-00511,2026-04-14,398.14
TX-0009766,CUST-00511,2025-11-23,454.69
TX-0009767,CUST-00511,2026-04-29,508.69
TX-0009768,CUST-00511,2026-05-11,510.43
TX-0009769,CUST-00512,2026-08-21,508.5
TX-0009770,CUST-00512,2026-04-09,431.77
TX-0009771,CUST-00512,2026-06-29,461.42
TX-0009772,CUST-00512,2026-02-13,460.57
TX-0009773,CUST-00512,2025-11-13,386.17
TX-0009774,CUST-00512,2026-06-04,535.22
TX-0009775,CUST-00512,2026-04-11,429.7
TX-0009776,CUST-00513,2026-08-07,474.58
TX-0009777,CUST-00513,2026-03-12,534.1
TX-0009778,CUST-00513,2026-07-16,456.66
TX-0009779,CUST-00513,2026-05-17,401.01
TX-0009780,CUST-00513,2026-03-29,514.38
TX-0009781,CUST-00513,2026-03-12,541.88
TX-0009782,CUST-00513,2026-01-19,471.53
TX-0009783,CUST-00513,2026-03-27,439.77
TX-0009784,CUST-00513,2026-01-18,419.89
TX-0009785,CUST-00513,2025-11-29,399.04
TX-0009786,CUST-00513,2026-02-23,560.43
TX-0009787,CUST-00513,2026-07-16,484.45
TX-0009788,CUST-00514,2026-08-06,535.92
TX-0009789,CUST-00514,2026-07-21,422.3
TX-0009790,CUST-00514,2026-02-11,563.29
TX-0009791,CUST-00514,2025-12-10,509.85
TX-0009792,CUST-00514,2026-06-02,539.34
TX-0009793,CUST-00514,2026-05-12,468.3
TX-0009794,CUST-00514,2026-07-19,477.35
TX-0009795,CUST-00515,2026-08-16,465.99
TX-0009796,CUST-00515,2026-02-24,531.69
TX-0009797,CUST-00515,2026-01-12,471.38
TX-0009798,CUST-00515,2025-11-05,444.66
TX-0009799,CUST-00515,2026-01-06,453.78
TX-0009800,CUST-00515,2025-12-29,414.02
TX-0009801,CUST-00515,2026-05-02,555.37
TX-0009802,CUST-00515,2026-07-30,436.68
TX-0009803,CUST-00515,2026-05-27,406.68
TX-0009804,CUST-00515,2026-02-28,391.04
TX-0009805,CUST-00515,2025-10-27,487.36
TX-0009806,CUST-00515,2025-10-27,525.93
TX-0009807,CUST-00515,2025-12-24,450.46
TX-0009808,CUST-00516,2026-08-09,572.3
TX-0009809,CUST-00516,2026-03-06,528.35
TX-0009810,CUST-00516,2026-01-04,466.45
TX-0009811,CUST-00516,2025-12-05,548.26
TX-0009812,CUST-00516,2026-06-30,529.94
TX-0009813,CUST-00516,2025-12-26,452.4
TX-0009814,CUST-00516,2026-02-14,558.59
TX-0009815,CUST-00516,2026-05-04,501.0
TX-0009816,CUST-00516,2026-07-18,524.52
TX-0009817,CUST-00516,2025-12-24,565.8
TX-0009818,CUST-00516,2026-01-24,552.28
TX-0009819,CUST-00516,2026-01-03,545.06
TX-0009820,CUST-00516,2025-11-22,448.82
TX-0009821,CUST-00517,2026-08-06,549.61
TX-0009822,CUST-00517,2026-07-18,562.08
TX-0009823,CUST-00517,2026-06-11,416.31
TX-0009824,CUST-00517,2026-05-24,449.37
TX-0009825,CUST-00517,2025-12-15,555.0
TX-0009826,CUST-00517,2025-10-13,496.05
TX-0009827,CUST-00517,2026-06-20,440.75
TX-0009828,CUST-00517,2026-05-17,551.4
TX-0009829,CUST-00517,2026-04-14,400.56
TX-0009830,CUST-00517,2026-02-01,440.41
TX-0009831,CUST-00518,2026-08-07,414.31
TX-0009832,CUST-00518,2026-03-05,442.53
TX-0009833,CUST-00518,2026-01-20,570.72
TX-0009834,CUST-00518,2026-03-22,468.32
TX-0009835,CUST-00518,2026-06-04,410.61
TX-0009836,CUST-00518,2026-04-28,542.94
TX-0009837,CUST-00518,2025-11-07,537.24
TX-0009838,CUST-00518,2026-03-21,558.73
TX-0009839,CUST-00518,2026-04-29,456.05
TX-0009840,CUST-00518,2025-11-19,386.31
TX-0009841,CUST-00518,2025-10-30,449.45
TX-0009842,CUST-00519,2026-08-06,531.28
TX-0009843,CUST-00519,2025-11-08,513.97
TX-0009844,CUST-00519,2026-03-22,543.1
TX-0009845,CUST-00519,2026-01-02,430.84
TX-0009846,CUST-00519,2026-05-19,473.25
TX-0009847,CUST-00519,2026-01-15,497.56
TX-0009848,CUST-00519,2025-11-22,557.02
TX-0009849,CUST-00520,2026-08-13,422.92
TX-0009850,CUST-00520,2026-06-09,549.21
TX-0009851,CUST-00520,2025-12-31,381.74
TX-0009852,CUST-00520,2025-11-24,391.12
TX-0009853,CUST-00520,2025-11-11,458.33
TX-0009854,CUST-00520,2025-12-13,461.52
TX-0009855,CUST-00520,2026-06-27,544.47
TX-0009856,CUST-00520,2026-07-01,482.31
TX-0009857,CUST-00520,2026-06-12,496.49
TX-0009858,CUST-00520,2025-11-18,398.72
TX-0009859,CUST-00520,2026-05-16,447.72
TX-0009860,CUST-00520,2026-01-23,575.99
TX-0009861,CUST-00521,2026-08-14,549.3
TX-0009862,CUST-00521,2026-03-03,483.44
TX-0009863,CUST-00521,2026-02-20,551.72
TX-0009864,CUST-00521,2026-06-28,553.93
TX-0009865,CUST-00521,2025-12-14,543.71
TX-0009866,CUST-00521,2025-11-12,555.93
TX-0009867,CUST-00521,2026-06-28,438.53
TX-0009868,CUST-00521,2026-01-16,575.22
TX-0009869,CUST-00521,2026-02-25,415.29
TX-0009870,CUST-00521,2026-06-03,480.61
TX-0009871,CUST-00521,2026-01-27,545.64
TX-0009872,CUST-00521,2026-03-19,542.44
TX-0009873,CUST-00521,2026-07-16,470.7
TX-0009874,CUST-00522,2026-08-10,557.63
TX-0009875,CUST-00522,2025-11-28,414.78
TX-0009876,CUST-00522,2026-01-29,494.12
TX-0009877,CUST-00522,2026-07-03,505.11
TX-0009878,CUST-00522,2026-02-16,523.12
TX-0009879,CUST-00522,2026-01-08,505.22
TX-0009880,CUST-00522,2026-07-01,453.35
TX-0009881,CUST-00523,2026-08-12,445.04
TX-0009882,CUST-00523,2026-01-29,532.07
TX-0009883,CUST-00523,2026-04-29,545.74
TX-0009884,CUST-00523,2026-04-06,409.35
TX-0009885,CUST-00523,2025-12-21,416.69
TX-0009886,CUST-00523,2026-03-22,485.6
TX-0009887,CUST-00523,2026-04-28,507.47
TX-0009888,CUST-00523,2026-01-20,422.55
TX-0009889,CUST-00523,2025-12-14,494.72
TX-0009890,CUST-00523,2025-10-29,571.45
TX-0009891,CUST-00523,2026-01-07,501.48
TX-0009892,CUST-00524,2026-08-10,423.94
TX-0009893,CUST-00524,2026-05-18,506.55
TX-0009894,CUST-00524,2026-04-06,528.76
TX-0009895,CUST-00524,2026-01-12,384.89
TX-0009896,CUST-00524,2026-03-27,510.34
TX-0009897,CUST-00524,2025-10-24,472.13
TX-0009898,CUST-00524,2026-05-20,472.87
TX-0009899,CUST-00524,2025-12-01,549.95
TX-0009900,CUST-00524,2026-05-29,453.43
TX-0009901,CUST-00524,2026-02-02,578.07
TX-0009902,CUST-00524,2025-11-08,386.79
TX-0009903,CUST-00524,2026-07-14,486.07
TX-0009904,CUST-00524,2026-07-08,564.78
TX-0009905,CUST-00525,2026-08-09,463.69
TX-0009906,CUST-00525,2026-06-19,434.59
TX-0009907,CUST-00525,2026-02-13,409.0
TX-0009908,CUST-00525,2026-02-12,539.79
TX-0009909,CUST-00525,2026-03-08,493.29
TX-0009910,CUST-00525,2025-12-29,548.16
TX-0009911,CUST-00525,2026-06-03,415.04
TX-0009912,CUST-00525,2026-04-05,464.16
TX-0009913,CUST-00525,2025-12-13,391.71
TX-0009914,CUST-00525,2025-12-29,539.03
TX-0009915,CUST-00526,2026-08-13,492.88
TX-0009916,CUST-00526,2026-02-19,391.23
TX-0009917,CUST-00526,2026-07-27,429.95
TX-0009918,CUST-00526,2025-12-26,462.45
TX-0009919,CUST-00526,2026-02-03,492.1
TX-0009920,CUST-00526,2025-11-02,389.25
TX-0009921,CUST-00526,2026-03-17,469.94
TX-0009922,CUST-00526,2026-04-18,401.29
TX-0009923,CUST-00526,2026-04-08,570.16
TX-0009924,CUST-00526,2025-10-28,442.3
TX-0009925,CUST-00526,2026-02-19,569.34
TX-0009926,CUST-00527,2026-08-22,547.19
TX-0009927,CUST-00527,2025-11-01,422.87
TX-0009928,CUST-00527,2025-12-24,499.91
TX-0009929,CUST-00527,2025-12-23,443.86
TX-0009930,CUST-00527,2026-05-29,450.75
TX-0009931,CUST-00527,2026-02-09,409.42
TX-0009932,CUST-00527,2025-11-27,403.64
TX-0009933,CUST-00527,2026-05-28,528.25
TX-0009934,CUST-00527,2026-04-29,453.32
TX-0009935,CUST-00528,2026-08-13,418.82
TX-0009936,CUST-00528,2026-06-04,510.09
TX-0009937,CUST-00528,2026-04-26,401.68
TX-0009938,CUST-00528,2026-01-20,460.14
TX-0009939,CUST-00528,2026-01-11,514.25
TX-0009940,CUST-00528,2026-04-12,549.21
TX-0009941,CUST-00528,2025-12-03,391.11
TX-0009942,CUST-00528,2025-11-17,433.73
TX-0009943,CUST-00528,2026-06-28,388.51
TX-0009944,CUST-00528,2026-02-19,424.87
TX-0009945,CUST-00529,2026-08-17,540.46
TX-0009946,CUST-00529,2025-11-12,538.31
TX-0009947,CUST-00529,2026-02-12,575.57
TX-0009948,CUST-00529,2026-04-06,472.75
TX-0009949,CUST-00529,2026-07-22,543.89
TX-0009950,CUST-00529,2025-11-11,424.26
TX-0009951,CUST-00529,2026-06-13,394.0
TX-0009952,CUST-00529,2025-12-19,445.58
TX-0009953,CUST-00529,2026-05-02,440.55
TX-0009954,CUST-00529,2025-12-09,498.64
TX-0009955,CUST-00530,2026-08-08,398.81
TX-0009956,CUST-00530,2025-10-30,410.08
TX-0009957,CUST-00530,2026-05-07,497.97
TX-0009958,CUST-00530,2026-06-27,454.15
TX-0009959,CUST-00530,2026-01-17,504.91
TX-0009960,CUST-00530,2025-12-14,423.52
TX-0009961,CUST-00530,2026-05-02,513.6
TX-0009962,CUST-00530,2026-01-21,551.92
TX-0009963,CUST-00530,2026-01-09,442.75
TX-0009964,CUST-00530,2025-12-23,530.4
TX-0009965,CUST-00530,2025-12-01,427.84
TX-0009966,CUST-00530,2026-01-28,515.03
TX-0009967,CUST-00530,2026-03-26,434.89
TX-0009968,CUST-00531,2026-08-14,534.7
TX-0009969,CUST-00531,2026-03-28,380.14
TX-0009970,CUST-00531,2026-02-17,480.21
TX-0009971,CUST-00531,2026-06-08,509.37
TX-0009972,CUST-00531,2025-10-19,516.07
TX-0009973,CUST-00531,2026-03-10,488.41
TX-0009974,CUST-00531,2026-01-15,443.01
TX-0009975,CUST-00531,2026-05-02,529.02
TX-0009976,CUST-00531,2026-04-18,406.35
TX-0009977,CUST-00531,2025-12-23,511.0
TX-0009978,CUST-00531,2026-05-27,556.89
TX-0009979,CUST-00531,2026-05-17,481.24
TX-0009980,CUST-00531,2026-05-22,387.8
TX-0009981,CUST-00531,2025-11-12,515.08
TX-0009982,CUST-00532,2026-08-18,526.54
TX-0009983,CUST-00532,2026-02-01,436.87
TX-0009984,CUST-00532,2026-02-12,540.18
TX-0009985,CUST-00532,2026-04-25,398.06
TX-0009986,CUST-00532,2025-11-03,558.38
TX-0009987,CUST-00532,2026-07-17,572.6
TX-0009988,CUST-00532,2025-12-16,438.86
TX-0009989,CUST-00532,2026-01-10,496.31
TX-0009990,CUST-00532,2026-06-30,530.83
TX-0009991,CUST-00532,2025-11-23,410.73
TX-0009992,CUST-00532,2025-11-29,428.11
TX-0009993,CUST-00533,2026-08-10,394.18
TX-0009994,CUST-00533,2026-05-31,522.27
TX-0009995,CUST-00533,2026-06-03,419.53
TX-0009996,CUST-00533,2026-05-08,413.94
TX-0009997,CUST-00533,2026-04-30,568.24
TX-0009998,CUST-00533,2026-02-15,477.32
TX-0009999,CUST-00533,2026-05-13,414.08
TX-0010000,CUST-00533,2026-03-23,383.78
TX-0010001,CUST-00534,2026-08-16,385.4
TX-0010002,CUST-00534,2026-07-01,400.6
TX-0010003,CUST-00534,2026-04-01,443.7
TX-0010004,CUST-00534,2025-12-31,393.4
TX-0010005,CUST-00534,2025-10-27,515.73
TX-0010006,CUST-00534,2026-02-06,556.4
TX-0010007,CUST-00534,2026-06-17,416.8
TX-0010008,CUST-00534,2025-12-18,552.97
TX-0010009,CUST-00534,2025-11-20,575.3
TX-0010010,CUST-00535,2026-08-07,569.43
TX-0010011,CUST-00535,2026-06-18,543.0
TX-0010012,CUST-00535,2025-12-27,422.47
TX-0010013,CUST-00535,2026-06-06,567.28
TX-0010014,CUST-00535,2025-10-28,411.14
TX-0010015,CUST-00535,2025-12-14,461.05
TX-0010016,CUST-00535,2025-11-07,524.76
TX-0010017,CUST-00535,2026-06-27,525.01
TX-0010018,CUST-00535,2026-07-08,482.38
TX-0010019,CUST-00535,2025-11-09,417.68
TX-0010020,CUST-00535,2025-12-06,401.87
TX-0010021,CUST-00535,2026-05-29,395.72
TX-0010022,CUST-00535,2026-04-05,576.03
TX-0010023,CUST-00536,2026-08-20,541.94
TX-0010024,CUST-00536,2026-06-09,429.35
TX-0010025,CUST-00536,2026-02-06,424.46
TX-0010026,CUST-00536,2026-01-26,459.75
TX-0010027,CUST-00536,2026-01-29,547.1
TX-0010028,CUST-00536,2026-02-05,437.64
TX-0010029,CUST-00536,2025-12-24,499.58
TX-0010030,CUST-00536,2025-12-02,452.9
TX-0010031,CUST-00536,2026-05-07,527.29
TX-0010032,CUST-00536,2026-04-09,488.61
TX-0010033,CUST-00536,2026-05-15,526.74
TX-0010034,CUST-00536,2026-07-19,470.99
TX-0010035,CUST-00537,2026-08-16,525.0
TX-0010036,CUST-00537,2026-03-22,501.56
TX-0010037,CUST-00537,2026-04-30,395.26
TX-0010038,CUST-00537,2025-11-26,565.16
TX-0010039,CUST-00537,2026-05-04,435.08
TX-0010040,CUST-00537,2026-05-05,400.2
TX-0010041,CUST-00537,2026-02-18,433.13
TX-0010042,CUST-00538,2026-08-14,516.55
TX-0010043,CUST-00538,2026-05-11,380.78
TX-0010044,CUST-00538,2026-02-19,426.37
TX-0010045,CUST-00538,2026-05-21,383.07
TX-0010046,CUST-00538,2026-02-04,420.98
TX-0010047,CUST-00538,2026-02-24,559.93
TX-0010048,CUST-00538,2026-02-17,421.84
TX-0010049,CUST-00538,2025-12-23,575.83
TX-0010050,CUST-00538,2026-02-25,413.09
TX-0010051,CUST-00538,2026-03-05,483.45
TX-0010052,CUST-00538,2025-10-30,464.84
TX-0010053,CUST-00538,2026-05-15,465.07
TX-0010054,CUST-00538,2026-03-21,436.02
TX-0010055,CUST-00539,2026-08-22,495.79
TX-0010056,CUST-00539,2026-06-23,558.84
TX-0010057,CUST-00539,2026-01-10,399.24
TX-0010058,CUST-00539,2025-10-27,460.17
TX-0010059,CUST-00539,2026-08-06,441.59
TX-0010060,CUST-00539,2025-12-31,513.88
TX-0010061,CUST-00539,2026-05-17,548.11
TX-0010062,CUST-00539,2025-11-18,475.48
TX-0010063,CUST-00540,2026-08-10,516.56
TX-0010064,CUST-00540,2025-11-17,559.47
TX-0010065,CUST-00540,2026-01-08,541.61
TX-0010066,CUST-00540,2026-02-15,439.45
TX-0010067,CUST-00540,2026-06-24,439.63
TX-0010068,CUST-00540,2025-11-19,390.78
TX-0010069,CUST-00540,2026-01-19,568.29
TX-0010070,CUST-00541,2026-08-16,446.01
TX-0010071,CUST-00541,2026-01-03,570.66
TX-0010072,CUST-00541,2026-05-28,387.29
TX-0010073,CUST-00541,2026-04-23,553.49
TX-0010074,CUST-00541,2026-07-02,434.81
TX-0010075,CUST-00541,2026-05-15,559.75
TX-0010076,CUST-00541,2026-01-26,546.12
TX-0010077,CUST-00541,2026-07-02,496.04
TX-0010078,CUST-00541,2026-04-24,424.68
TX-0010079,CUST-00541,2026-06-01,503.08
TX-0010080,CUST-00541,2026-01-27,404.77
TX-0010081,CUST-00541,2026-03-21,431.16
TX-0010082,CUST-00541,2025-12-05,550.78
TX-0010083,CUST-00542,2026-08-12,565.29
TX-0010084,CUST-00542,2026-05-28,544.58
TX-0010085,CUST-00542,2025-12-10,433.06
TX-0010086,CUST-00542,2025-10-28,433.55
TX-0010087,CUST-00542,2026-06-03,438.53
TX-0010088,CUST-00542,2026-04-10,412.96
TX-0010089,CUST-00542,2026-05-12,517.4
TX-0010090,CUST-00542,2026-02-20,558.89
TX-0010091,CUST-00542,2026-01-06,428.18
TX-0010092,CUST-00543,2026-08-19,409.22
TX-0010093,CUST-00543,2026-04-24,569.23
TX-0010094,CUST-00543,2026-07-17,523.49
TX-0010095,CUST-00543,2025-12-21,529.61
TX-0010096,CUST-00543,2026-05-22,428.56
TX-0010097,CUST-00543,2026-06-25,465.89
TX-0010098,CUST-00543,2026-06-18,545.8
TX-0010099,CUST-00543,2026-05-02,381.91
TX-0010100,CUST-00544,2026-08-04,420.01
TX-0010101,CUST-00544,2026-05-18,488.57
TX-0010102,CUST-00544,2026-07-16,481.77
TX-0010103,CUST-00544,2026-06-23,458.72
TX-0010104,CUST-00544,2025-11-12,524.36
TX-0010105,CUST-00544,2026-07-14,387.21
TX-0010106,CUST-00544,2025-12-07,538.25
TX-0010107,CUST-00544,2025-10-13,512.68
TX-0010108,CUST-00544,2025-10-29,540.65
TX-0010109,CUST-00544,2026-06-21,423.78
TX-0010110,CUST-00544,2026-04-03,449.98
TX-0010111,CUST-00544,2026-02-28,480.98
TX-0010112,CUST-00545,2026-08-04,442.59
TX-0010113,CUST-00545,2026-01-26,568.3
TX-0010114,CUST-00545,2026-03-12,520.05
TX-0010115,CUST-00545,2026-05-06,561.3
TX-0010116,CUST-00545,2026-03-11,448.84
TX-0010117,CUST-00545,2026-02-23,475.84
TX-0010118,CUST-00545,2026-04-05,564.73
TX-0010119,CUST-00545,2026-05-06,446.66
TX-0010120,CUST-00545,2026-06-12,512.03
TX-0010121,CUST-00545,2025-11-10,402.98
TX-0010122,CUST-00545,2025-12-19,421.98
TX-0010123,CUST-00545,2025-10-23,535.46
TX-0010124,CUST-00545,2026-01-27,449.21
TX-0010125,CUST-00545,2026-04-10,473.91
TX-0010126,CUST-00546,2026-08-13,492.21
TX-0010127,CUST-00546,2026-05-26,535.22
TX-0010128,CUST-00546,2026-07-14,543.81
TX-0010129,CUST-00546,2026-02-09,391.61
TX-0010130,CUST-00546,2025-11-20,388.65
TX-0010131,CUST-00546,2026-06-01,405.57
TX-0010132,CUST-00546,2026-06-08,424.61
TX-0010133,CUST-00546,2026-01-24,460.35
TX-0010134,CUST-00546,2026-01-24,558.52
TX-0010135,CUST-00546,2026-04-08,484.9
TX-0010136,CUST-00546,2026-02-28,443.86
TX-0010137,CUST-00546,2026-03-30,540.14
TX-0010138,CUST-00547,2026-08-20,399.4
TX-0010139,CUST-00547,2026-05-12,422.84
TX-0010140,CUST-00547,2025-11-02,497.32
TX-0010141,CUST-00547,2026-07-01,400.12
TX-0010142,CUST-00547,2026-05-09,545.18
TX-0010143,CUST-00547,2026-07-03,501.61
TX-0010144,CUST-00547,2026-05-29,450.4
TX-0010145,CUST-00547,2025-11-23,521.51
TX-0010146,CUST-00547,2026-05-27,391.89
TX-0010147,CUST-00547,2025-11-23,462.78
TX-0010148,CUST-00547,2025-11-08,439.65
TX-0010149,CUST-00547,2026-01-26,523.59
TX-0010150,CUST-00548,2026-08-20,450.33
TX-0010151,CUST-00548,2025-11-29,411.27
TX-0010152,CUST-00548,2026-02-17,571.38
TX-0010153,CUST-00548,2026-07-30,463.32
TX-0010154,CUST-00548,2025-10-26,415.28
TX-0010155,CUST-00548,2026-04-08,539.22
TX-0010156,CUST-00548,2025-11-14,517.61
TX-0010157,CUST-00548,2026-03-08,401.87
TX-0010158,CUST-00548,2026-05-04,397.13
TX-0010159,CUST-00549,2026-08-08,579.63
TX-0010160,CUST-00549,2026-01-07,454.95
TX-0010161,CUST-00549,2026-06-08,433.73
TX-0010162,CUST-00549,2026-06-18,494.16
TX-0010163,CUST-00549,2026-02-12,425.96
TX-0010164,CUST-00549,2026-02-01,530.14
TX-0010165,CUST-00549,2026-06-29,504.61
TX-0010166,CUST-00549,2026-06-27,465.14
TX-0010167,CUST-00549,2026-06-18,506.88
TX-0010168,CUST-00549,2026-04-27,514.61
TX-0010169,CUST-00549,2026-03-21,539.6
TX-0010170,CUST-00550,2026-08-16,437.15
TX-0010171,CUST-00550,2026-06-28,570.72
TX-0010172,CUST-00550,2025-11-05,399.12
TX-0010173,CUST-00550,2025-11-19,569.22
TX-0010174,CUST-00550,2025-12-23,401.33
TX-0010175,CUST-00550,2026-01-04,483.87
TX-0010176,CUST-00550,2026-07-23,497.77
TX-0010177,CUST-00550,2026-02-20,566.64
TX-0010178,CUST-00550,2026-04-19,481.73
TX-0010179,CUST-00550,2026-04-13,425.51
TX-0010180,CUST-00550,2026-02-28,540.51
TX-0010181,CUST-00551,2026-08-08,490.7
TX-0010182,CUST-00551,2025-11-05,450.93
TX-0010183,CUST-00551,2025-12-23,520.41
TX-0010184,CUST-00551,2026-01-14,519.76
TX-0010185,CUST-00551,2026-04-08,499.86
TX-0010186,CUST-00551,2025-10-16,510.22
TX-0010187,CUST-00551,2026-01-11,495.05
TX-0010188,CUST-00551,2026-05-13,553.36
TX-0010189,CUST-00552,2026-08-18,572.5
TX-0010190,CUST-00552,2026-07-19,392.15
TX-0010191,CUST-00552,2026-07-20,560.59
TX-0010192,CUST-00552,2026-02-10,563.75
TX-0010193,CUST-00552,2026-01-10,492.99
TX-0010194,CUST-00552,2025-12-13,524.26
TX-0010195,CUST-00552,2026-01-11,485.02
TX-0010196,CUST-00552,2026-04-22,380.57
TX-0010197,CUST-00553,2026-08-10,570.35
TX-0010198,CUST-00553,2026-01-22,435.09
TX-0010199,CUST-00553,2025-12-24,481.7
TX-0010200,CUST-00553,2026-02-13,441.7
TX-0010201,CUST-00553,2025-10-17,389.39
TX-0010202,CUST-00553,2026-05-11,496.42
TX-0010203,CUST-00553,2026-03-17,395.31
TX-0010204,CUST-00553,2026-03-18,422.82
TX-0010205,CUST-00553,2026-01-10,401.67
TX-0010206,CUST-00554,2026-08-21,505.01
TX-0010207,CUST-00554,2026-03-02,400.17
TX-0010208,CUST-00554,2026-05-17,407.44
TX-0010209,CUST-00554,2026-08-06,539.52
TX-0010210,CUST-00554,2026-03-08,380.57
TX-0010211,CUST-00554,2026-05-11,488.58
TX-0010212,CUST-00554,2026-03-22,508.62
TX-0010213,CUST-00554,2025-12-25,386.97
TX-0010214,CUST-00554,2026-07-27,449.87
TX-0010215,CUST-00554,2026-03-02,517.71
TX-0010216,CUST-00554,2026-01-29,435.65
TX-0010217,CUST-00554,2025-12-18,423.21
TX-0010218,CUST-00554,2026-01-24,385.42
TX-0010219,CUST-00555,2026-08-11,464.82
TX-0010220,CUST-00555,2025-11-26,427.82
TX-0010221,CUST-00555,2026-03-01,423.43
TX-0010222,CUST-00555,2026-02-20,492.86
TX-0010223,CUST-00555,2026-06-15,461.14
TX-0010224,CUST-00555,2026-01-10,482.09
TX-0010225,CUST-00555,2026-07-18,502.14
TX-0010226,CUST-00555,2025-11-29,530.06
TX-0010227,CUST-00555,2025-10-28,420.63
TX-0010228,CUST-00555,2025-11-20,421.74
TX-0010229,CUST-00555,2026-05-02,558.15
TX-0010230,CUST-00556,2026-08-19,440.36
TX-0010231,CUST-00556,2026-05-21,528.24
TX-0010232,CUST-00556,2026-07-25,489.76
TX-0010233,CUST-00556,2025-12-26,470.04
TX-0010234,CUST-00556,2026-02-07,526.22
TX-0010235,CUST-00556,2026-02-20,445.0
TX-0010236,CUST-00556,2026-02-04,484.87
TX-0010237,CUST-00556,2026-04-05,406.79
TX-0010238,CUST-00556,2025-11-26,530.92
TX-0010239,CUST-00556,2026-06-01,564.33
TX-0010240,CUST-00557,2026-08-09,466.11
TX-0010241,CUST-00557,2026-05-17,457.37
TX-0010242,CUST-00557,2026-03-11,387.16
TX-0010243,CUST-00557,2026-03-30,449.11
TX-0010244,CUST-00557,2026-03-11,380.78
TX-0010245,CUST-00557,2025-11-26,408.77
TX-0010246,CUST-00557,2026-05-13,480.19
TX-0010247,CUST-00558,2026-08-08,413.87
TX-0010248,CUST-00558,2026-02-02,503.64
TX-0010249,CUST-00558,2026-01-29,531.52
TX-0010250,CUST-00558,2025-11-23,443.73
TX-0010251,CUST-00558,2026-04-20,386.78
TX-0010252,CUST-00558,2026-02-01,425.15
TX-0010253,CUST-00558,2025-11-17,536.18
TX-0010254,CUST-00558,2026-01-12,534.64
TX-0010255,CUST-00558,2026-06-19,573.51
TX-0010256,CUST-00559,2026-08-11,508.38
TX-0010257,CUST-00559,2025-11-12,416.35
TX-0010258,CUST-00559,2026-05-09,539.86
TX-0010259,CUST-00559,2026-01-11,575.59
TX-0010260,CUST-00559,2025-11-12,428.69
TX-0010261,CUST-00559,2026-04-24,544.3
TX-0010262,CUST-00559,2025-11-26,392.58
TX-0010263,CUST-00559,2026-01-28,487.1
TX-0010264,CUST-00559,2026-06-20,413.76
TX-0010265,CUST-00560,2026-08-19,383.09
TX-0010266,CUST-00560,2025-12-17,529.37
TX-0010267,CUST-00560,2026-04-21,526.53
TX-0010268,CUST-00560,2026-01-31,461.9
TX-0010269,CUST-00560,2026-07-31,385.66
TX-0010270,CUST-00560,2025-12-19,405.14
TX-0010271,CUST-00560,2025-10-29,436.16
TX-0010272,CUST-00560,2025-11-08,440.37
TX-0010273,CUST-00560,2026-05-28,431.03
TX-0010274,CUST-00560,2025-10-31,397.19
TX-0010275,CUST-00560,2026-01-22,412.14
TX-0010276,CUST-00561,2026-08-14,556.87
TX-0010277,CUST-00561,2025-12-18,531.13
TX-0010278,CUST-00561,2026-02-21,575.24
TX-0010279,CUST-00561,2026-07-26,503.9
TX-0010280,CUST-00561,2026-04-09,403.27
TX-0010281,CUST-00561,2025-11-13,567.06
TX-0010282,CUST-00561,2026-05-26,440.61
TX-0010283,CUST-00562,2026-08-07,400.1
TX-0010284,CUST-00562,2026-01-25,500.55
TX-0010285,CUST-00562,2026-02-11,575.21
TX-0010286,CUST-00562,2026-04-27,380.23
TX-0010287,CUST-00562,2026-07-13,575.36
TX-0010288,CUST-00562,2026-03-28,466.19
TX-0010289,CUST-00562,2025-10-21,522.52
TX-0010290,CUST-00562,2026-02-01,440.4
TX-0010291,CUST-00562,2026-06-22,400.0
TX-0010292,CUST-00562,2025-11-30,476.68
TX-0010293,CUST-00562,2026-07-05,514.49
TX-0010294,CUST-00562,2025-11-20,383.54
TX-0010295,CUST-00562,2025-10-28,551.88
TX-0010296,CUST-00563,2026-08-08,426.72
TX-0010297,CUST-00563,2025-10-28,444.48
TX-0010298,CUST-00563,2026-06-07,512.3
TX-0010299,CUST-00563,2025-11-03,578.53
TX-0010300,CUST-00563,2026-05-13,463.35
TX-0010301,CUST-00563,2026-02-21,414.11
TX-0010302,CUST-00563,2025-10-23,518.8
TX-0010303,CUST-00563,2025-11-28,539.73
TX-0010304,CUST-00563,2025-11-09,449.17
TX-0010305,CUST-00564,2026-08-04,478.79
TX-0010306,CUST-00564,2026-06-16,490.92
TX-0010307,CUST-00564,2026-01-13,487.3
TX-0010308,CUST-00564,2025-12-17,501.92
TX-0010309,CUST-00564,2026-01-18,395.43
TX-0010310,CUST-00564,2026-05-30,486.45
TX-0010311,CUST-00564,2026-05-02,518.91
TX-0010312,CUST-00564,2026-02-24,451.1
TX-0010313,CUST-00564,2026-05-26,390.23
TX-0010314,CUST-00564,2025-12-09,479.44
TX-0010315,CUST-00564,2026-01-18,487.76
TX-0010316,CUST-00565,2026-08-14,435.27
TX-0010317,CUST-00565,2026-05-16,392.7
TX-0010318,CUST-00565,2025-12-21,521.52
TX-0010319,CUST-00565,2026-05-14,439.71
TX-0010320,CUST-00565,2026-01-26,578.7
TX-0010321,CUST-00565,2026-04-12,482.14
TX-0010322,CUST-00565,2025-10-26,457.29
TX-0010323,CUST-00565,2026-05-09,381.17
TX-0010324,CUST-00565,2025-10-19,550.98
TX-0010325,CUST-00565,2026-03-18,523.98
TX-0010326,CUST-00565,2026-03-09,571.73
TX-0010327,CUST-00565,2026-07-30,515.01
TX-0010328,CUST-00565,2026-03-22,403.73
TX-0010329,CUST-00566,2026-08-14,394.3
TX-0010330,CUST-00566,2025-12-01,577.92
TX-0010331,CUST-00566,2026-06-08,496.17
TX-0010332,CUST-00566,2026-04-09,383.9
TX-0010333,CUST-00566,2026-07-26,497.36
TX-0010334,CUST-00566,2026-03-11,423.06
TX-0010335,CUST-00566,2026-01-07,478.09
TX-0010336,CUST-00566,2026-07-27,579.9
TX-0010337,CUST-00566,2026-01-01,446.42
TX-0010338,CUST-00567,2026-08-13,522.56
TX-0010339,CUST-00567,2025-12-18,557.71
TX-0010340,CUST-00567,2026-06-23,568.27
TX-0010341,CUST-00567,2026-06-06,458.08
TX-0010342,CUST-00567,2026-03-09,517.36
TX-0010343,CUST-00567,2026-07-17,523.39
TX-0010344,CUST-00567,2026-05-28,380.98
TX-0010345,CUST-00567,2025-11-11,523.63
TX-0010346,CUST-00567,2026-05-17,493.1
TX-0010347,CUST-00567,2026-03-29,577.6
TX-0010348,CUST-00568,2026-08-05,541.46
TX-0010349,CUST-00568,2026-07-01,545.08
TX-0010350,CUST-00568,2026-07-15,390.94
TX-0010351,CUST-00568,2025-10-22,419.67
TX-0010352,CUST-00568,2026-01-16,504.79
TX-0010353,CUST-00568,2025-11-12,445.03
TX-0010354,CUST-00568,2025-10-17,398.62
TX-0010355,CUST-00568,2026-03-17,535.34
TX-0010356,CUST-00568,2026-03-06,463.77
TX-0010357,CUST-00568,2025-12-06,385.11
TX-0010358,CUST-00568,2025-12-26,534.32
TX-0010359,CUST-00568,2026-03-14,443.79
TX-0010360,CUST-00569,2026-08-13,453.53
TX-0010361,CUST-00569,2026-02-07,503.12
TX-0010362,CUST-00569,2025-10-30,466.83
TX-0010363,CUST-00569,2025-11-21,523.7
TX-0010364,CUST-00569,2026-02-11,402.1
TX-0010365,CUST-00569,2025-12-14,447.5
TX-0010366,CUST-00569,2025-10-20,567.11
TX-0010367,CUST-00569,2026-02-08,385.52
TX-0010368,CUST-00570,2026-08-07,406.15
TX-0010369,CUST-00570,2025-12-18,555.45
TX-0010370,CUST-00570,2025-10-26,519.05
TX-0010371,CUST-00570,2025-12-15,486.57
TX-0010372,CUST-00570,2026-02-02,465.77
TX-0010373,CUST-00570,2026-02-04,396.72
TX-0010374,CUST-00570,2025-11-01,445.84
TX-0010375,CUST-00570,2026-06-20,442.57
TX-0010376,CUST-00570,2026-05-30,578.48
TX-0010377,CUST-00570,2026-01-09,568.51
TX-0010378,CUST-00570,2026-04-15,432.0
TX-0010379,CUST-00570,2026-02-16,541.07
TX-0010380,CUST-00571,2026-08-14,560.24
TX-0010381,CUST-00571,2025-10-28,531.89
TX-0010382,CUST-00571,2026-06-26,397.98
TX-0010383,CUST-00571,2026-01-11,577.45
TX-0010384,CUST-00571,2026-05-16,454.66
TX-0010385,CUST-00571,2025-11-21,461.63
TX-0010386,CUST-00571,2025-11-11,574.26
TX-0010387,CUST-00571,2026-01-25,399.3
TX-0010388,CUST-00571,2026-03-06,475.81
TX-0010389,CUST-00571,2026-07-16,459.02
TX-0010390,CUST-00571,2026-04-20,563.08
TX-0010391,CUST-00572,2026-08-18,399.98
TX-0010392,CUST-00572,2025-11-06,512.96
TX-0010393,CUST-00572,2026-01-03,573.14
TX-0010394,CUST-00572,2026-01-29,559.8
TX-0010395,CUST-00572,2025-11-04,578.21
TX-0010396,CUST-00572,2026-02-02,536.45
TX-0010397,CUST-00572,2025-10-28,386.4
TX-0010398,CUST-00572,2026-04-04,437.65
TX-0010399,CUST-00572,2026-03-07,544.84
TX-0010400,CUST-00572,2026-01-22,502.88
TX-0010401,CUST-00573,2026-08-13,397.77
TX-0010402,CUST-00573,2025-11-20,570.77
TX-0010403,CUST-00573,2026-07-01,449.4
TX-0010404,CUST-00573,2025-10-25,506.05
TX-0010405,CUST-00573,2026-04-23,516.51
TX-0010406,CUST-00573,2026-06-19,535.08
TX-0010407,CUST-00573,2025-12-05,415.87
TX-0010408,CUST-00573,2026-07-08,416.42
TX-0010409,CUST-00573,2026-07-15,478.17
TX-0010410,CUST-00573,2026-02-05,407.51
TX-0010411,CUST-00573,2026-04-30,548.09
TX-0010412,CUST-00573,2026-01-16,569.73
TX-0010413,CUST-00573,2025-12-07,380.13
TX-0010414,CUST-00573,2026-07-19,493.6
TX-0010415,CUST-00574,2026-08-19,465.58
TX-0010416,CUST-00574,2026-04-19,568.59
TX-0010417,CUST-00574,2025-12-01,506.75
TX-0010418,CUST-00574,2026-05-20,508.56
TX-0010419,CUST-00574,2026-05-29,570.37
TX-0010420,CUST-00574,2026-07-19,543.2
TX-0010421,CUST-00574,2025-11-29,423.38
TX-0010422,CUST-00574,2026-06-22,559.77
TX-0010423,CUST-00575,2026-08-16,528.22
TX-0010424,CUST-00575,2026-05-13,397.45
TX-0010425,CUST-00575,2026-02-06,504.18
TX-0010426,CUST-00575,2026-07-10,552.56
TX-0010427,CUST-00575,2025-12-10,517.03
TX-0010428,CUST-00575,2026-03-30,456.11
TX-0010429,CUST-00575,2026-06-15,507.14
TX-0010430,CUST-00576,2026-08-12,395.59
TX-0010431,CUST-00576,2026-05-20,571.11
TX-0010432,CUST-00576,2026-04-30,380.43
TX-0010433,CUST-00576,2026-06-09,560.34
TX-0010434,CUST-00576,2026-02-14,526.61
TX-0010435,CUST-00576,2026-01-05,410.53
TX-0010436,CUST-00576,2026-04-04,509.01
TX-0010437,CUST-00576,2025-12-28,430.19
TX-0010438,CUST-00576,2026-01-10,426.72
TX-0010439,CUST-00576,2026-01-11,421.83
TX-0010440,CUST-00577,2026-08-22,429.35
TX-0010441,CUST-00577,2026-05-19,532.87
TX-0010442,CUST-00577,2026-07-22,493.94
TX-0010443,CUST-00577,2026-06-18,493.63
TX-0010444,CUST-00577,2026-06-10,425.09
TX-0010445,CUST-00577,2026-04-08,557.64
TX-0010446,CUST-00577,2026-06-24,523.85
TX-0010447,CUST-00577,2026-02-03,436.3
TX-0010448,CUST-00577,2026-07-03,404.92
TX-0010449,CUST-00577,2026-01-05,493.58
TX-0010450,CUST-00577,2026-02-10,504.55
TX-0010451,CUST-00577,2025-11-03,449.66
TX-0010452,CUST-00577,2026-04-09,540.15
TX-0010453,CUST-00578,2026-08-12,390.58
TX-0010454,CUST-00578,2026-05-22,503.2
TX-0010455,CUST-00578,2026-05-29,439.52
TX-0010456,CUST-00578,2026-01-11,520.15
TX-0010457,CUST-00578,2026-03-09,471.09
TX-0010458,CUST-00578,2026-02-26,505.31
TX-0010459,CUST-00578,2026-07-22,473.72
TX-0010460,CUST-00578,2025-11-20,395.19
TX-0010461,CUST-00578,2026-03-02,575.96
TX-0010462,CUST-00578,2026-07-19,421.62
TX-0010463,CUST-00578,2026-04-25,521.66
TX-0010464,CUST-00578,2026-07-04,432.43
TX-0010465,CUST-00578,2025-11-12,410.8
TX-0010466,CUST-00579,2026-08-09,392.9
TX-0010467,CUST-00579,2026-02-11,472.03
TX-0010468,CUST-00579,2026-01-01,421.7
TX-0010469,CUST-00579,2025-10-23,401.58
TX-0010470,CUST-00579,2026-01-27,499.61
TX-0010471,CUST-00579,2026-03-10,495.62
TX-0010472,CUST-00579,2025-10-31,571.3
TX-0010473,CUST-00579,2026-04-19,529.75
TX-0010474,CUST-00580,2026-08-13,512.15
TX-0010475,CUST-00580,2025-12-27,453.13
TX-0010476,CUST-00580,2026-05-26,396.72
TX-0010477,CUST-00580,2025-11-21,400.35
TX-0010478,CUST-00580,2025-10-29,537.69
TX-0010479,CUST-00580,2025-10-22,428.99
TX-0010480,CUST-00580,2026-03-01,522.85
TX-0010481,CUST-00580,2026-03-30,450.51
TX-0010482,CUST-00580,2026-03-26,523.68
TX-0010483,CUST-00580,2026-07-16,425.49
TX-0010484,CUST-00581,2026-08-12,380.62
TX-0010485,CUST-00581,2026-05-30,518.05
TX-0010486,CUST-00581,2026-04-17,521.45
TX-0010487,CUST-00581,2025-10-18,416.2
TX-0010488,CUST-00581,2026-05-01,527.92
TX-0010489,CUST-00581,2025-10-31,508.92
TX-0010490,CUST-00581,2026-02-16,572.63
TX-0010491,CUST-00581,2025-10-18,540.32
TX-0010492,CUST-00581,2025-12-23,579.86
TX-0010493,CUST-00581,2026-01-31,479.41
TX-0010494,CUST-00581,2026-04-11,563.53
TX-0010495,CUST-00581,2025-12-04,402.02
TX-0010496,CUST-00582,2026-08-08,432.13
TX-0010497,CUST-00582,2026-01-08,551.05
TX-0010498,CUST-00582,2026-05-19,440.81
TX-0010499,CUST-00582,2026-07-18,483.76
TX-0010500,CUST-00582,2026-07-03,572.25
TX-0010501,CUST-00582,2025-12-20,478.21
TX-0010502,CUST-00582,2026-05-31,434.16
TX-0010503,CUST-00582,2025-12-03,539.62
TX-0010504,CUST-00582,2026-01-25,472.93
TX-0010505,CUST-00583,2026-08-18,560.14
TX-0010506,CUST-00583,2026-05-15,534.51
TX-0010507,CUST-00583,2026-01-11,469.2
TX-0010508,CUST-00583,2026-02-25,576.23
TX-0010509,CUST-00583,2026-01-13,464.72
TX-0010510,CUST-00583,2026-05-07,572.11
TX-0010511,CUST-00583,2025-11-21,527.99
TX-0010512,CUST-00583,2025-11-28,533.4
TX-0010513,CUST-00583,2026-04-05,481.47
TX-0010514,CUST-00584,2026-08-07,499.08
TX-0010515,CUST-00584,2026-01-05,453.98
TX-0010516,CUST-00584,2026-04-15,569.65
TX-0010517,CUST-00584,2026-05-20,412.96
TX-0010518,CUST-00584,2025-11-29,436.29
TX-0010519,CUST-00584,2026-02-14,385.73
TX-0010520,CUST-00584,2026-07-12,465.84
TX-0010521,CUST-00584,2026-06-03,470.89
TX-0010522,CUST-00585,2026-08-16,477.07
TX-0010523,CUST-00585,2026-01-23,394.82
TX-0010524,CUST-00585,2026-05-09,449.61
TX-0010525,CUST-00585,2026-07-03,392.58
TX-0010526,CUST-00585,2026-07-13,421.66
TX-0010527,CUST-00585,2026-01-14,519.2
TX-0010528,CUST-00585,2026-05-05,552.28
TX-0010529,CUST-00585,2025-12-29,487.1
TX-0010530,CUST-00586,2026-08-16,381.16
TX-0010531,CUST-00586,2026-07-25,509.43
TX-0010532,CUST-00586,2026-05-11,430.02
TX-0010533,CUST-00586,2026-07-23,574.97
TX-0010534,CUST-00586,2026-06-13,386.49
TX-0010535,CUST-00586,2026-02-15,569.88
TX-0010536,CUST-00586,2026-05-06,458.68
TX-0010537,CUST-00586,2026-03-04,396.19
TX-0010538,CUST-00586,2026-04-08,574.44
TX-0010539,CUST-00587,2026-08-06,474.76
TX-0010540,CUST-00587,2026-07-20,441.49
TX-0010541,CUST-00587,2026-04-09,502.25
TX-0010542,CUST-00587,2026-01-01,430.89
TX-0010543,CUST-00587,2026-06-09,519.25
TX-0010544,CUST-00587,2025-12-24,553.89
TX-0010545,CUST-00587,2025-11-08,548.28
TX-0010546,CUST-00587,2025-10-26,486.12
TX-0010547,CUST-00587,2025-12-10,565.27
TX-0010548,CUST-00587,2025-12-07,384.67
TX-0010549,CUST-00587,2026-03-27,420.83
TX-0010550,CUST-00587,2025-11-23,579.35
TX-0010551,CUST-00588,2026-08-05,439.18
TX-0010552,CUST-00588,2025-12-05,570.42
TX-0010553,CUST-00588,2025-11-23,385.85
TX-0010554,CUST-00588,2026-05-29,503.37
TX-0010555,CUST-00588,2025-11-16,538.6
TX-0010556,CUST-00588,2025-11-12,440.1
TX-0010557,CUST-00588,2025-12-29,458.16
TX-0010558,CUST-00588,2026-03-14,385.39
TX-0010559,CUST-00589,2026-08-11,447.59
TX-0010560,CUST-00589,2026-01-28,419.86
TX-0010561,CUST-00589,2026-04-02,522.11
TX-0010562,CUST-00589,2026-01-02,554.18
TX-0010563,CUST-00589,2026-05-27,414.52
TX-0010564,CUST-00589,2025-11-12,568.76
TX-0010565,CUST-00589,2026-02-20,453.15
TX-0010566,CUST-00589,2025-12-24,419.86
TX-0010567,CUST-00589,2025-10-17,523.84
TX-0010568,CUST-00589,2025-10-20,423.58
TX-0010569,CUST-00589,2026-07-01,419.86
TX-0010570,CUST-00589,2026-01-28,429.55
TX-0010571,CUST-00589,2026-06-26,425.93
TX-0010572,CUST-00590,2026-08-13,455.55
TX-0010573,CUST-00590,2026-02-10,477.24
TX-0010574,CUST-00590,2026-03-22,545.84
TX-0010575,CUST-00590,2026-07-06,430.8
TX-0010576,CUST-00590,2025-11-19,561.62
TX-0010577,CUST-00590,2026-01-22,571.96
TX-0010578,CUST-00590,2026-06-08,429.15
TX-0010579,CUST-00591,2026-08-14,408.18
TX-0010580,CUST-00591,2026-03-15,397.12
TX-0010581,CUST-00591,2026-07-09,501.23
TX-0010582,CUST-00591,2026-03-03,540.94
TX-0010583,CUST-00591,2026-05-18,566.71
TX-0010584,CUST-00591,2025-12-21,538.39
TX-0010585,CUST-00591,2026-07-08,461.46
TX-0010586,CUST-00591,2026-05-31,393.6
TX-0010587,CUST-00591,2025-11-12,528.56
TX-0010588,CUST-00591,2026-06-24,517.31
TX-0010589,CUST-00591,2026-01-17,437.04
TX-0010590,CUST-00592,2026-08-20,564.56
TX-0010591,CUST-00592,2026-03-22,527.9
TX-0010592,CUST-00592,2026-03-25,389.42
TX-0010593,CUST-00592,2026-04-24,385.66
TX-0010594,CUST-00592,2026-06-27,499.15
TX-0010595,CUST-00592,2026-01-03,539.62
TX-0010596,CUST-00592,2025-11-08,415.07
TX-0010597,CUST-00592,2026-02-15,435.11
TX-0010598,CUST-00592,2026-07-21,577.81
TX-0010599,CUST-00592,2026-02-17,536.18
TX-0010600,CUST-00592,2026-03-21,495.11
TX-0010601,CUST-00592,2026-06-28,492.43
TX-0010602,CUST-00592,2026-05-25,417.08
TX-0010603,CUST-00592,2026-03-26,439.4
TX-0010604,CUST-00593,2026-08-18,441.64
TX-0010605,CUST-00593,2026-02-26,525.79
TX-0010606,CUST-00593,2026-05-10,493.59
TX-0010607,CUST-00593,2026-03-05,570.26
TX-0010608,CUST-00593,2026-01-02,444.48
TX-0010609,CUST-00593,2026-02-03,380.01
TX-0010610,CUST-00593,2025-11-11,527.38
TX-0010611,CUST-00593,2026-03-13,421.68
TX-0010612,CUST-00593,2026-03-14,380.3
TX-0010613,CUST-00593,2026-01-14,512.54
TX-0010614,CUST-00593,2025-12-24,513.08
TX-0010615,CUST-00594,2026-08-14,494.27
TX-0010616,CUST-00594,2026-01-29,427.78
TX-0010617,CUST-00594,2026-01-28,483.75
TX-0010618,CUST-00594,2026-03-06,544.72
TX-0010619,CUST-00594,2025-11-22,466.7
TX-0010620,CUST-00594,2026-03-28,576.88
TX-0010621,CUST-00594,2026-03-05,558.89
TX-0010622,CUST-00594,2026-05-22,562.06
TX-0010623,CUST-00594,2025-10-22,407.59
TX-0010624,CUST-00594,2025-11-29,416.66
TX-0010625,CUST-00594,2026-06-25,465.12
TX-0010626,CUST-00595,2026-08-04,547.96
TX-0010627,CUST-00595,2026-06-23,478.95
TX-0010628,CUST-00595,2025-10-15,402.2
TX-0010629,CUST-00595,2025-10-22,489.85
TX-0010630,CUST-00595,2026-02-11,556.13
TX-0010631,CUST-00595,2025-11-15,382.93
TX-0010632,CUST-00595,2025-12-17,432.97
TX-0010633,CUST-00595,2026-04-15,486.97
TX-0010634,CUST-00595,2026-02-13,394.37
TX-0010635,CUST-00595,2026-04-01,542.93
TX-0010636,CUST-00595,2025-12-16,414.64
TX-0010637,CUST-00596,2026-08-09,394.14
TX-0010638,CUST-00596,2026-03-16,415.47
TX-0010639,CUST-00596,2026-01-11,408.21
TX-0010640,CUST-00596,2026-01-30,397.46
TX-0010641,CUST-00596,2026-04-04,544.61
TX-0010642,CUST-00596,2025-12-08,396.01
TX-0010643,CUST-00596,2025-11-16,557.64
TX-0010644,CUST-00596,2025-10-25,388.69
TX-0010645,CUST-00596,2025-10-14,570.07
TX-0010646,CUST-00596,2026-05-07,512.95
TX-0010647,CUST-00596,2025-10-20,414.96
TX-0010648,CUST-00596,2025-12-05,548.38
TX-0010649,CUST-00597,2026-08-10,578.51
TX-0010650,CUST-00597,2026-03-21,395.17
TX-0010651,CUST-00597,2026-01-20,434.61
TX-0010652,CUST-00597,2026-06-06,405.12
TX-0010653,CUST-00597,2026-06-14,567.29
TX-0010654,CUST-00597,2026-06-17,516.73
TX-0010655,CUST-00597,2026-07-12,576.85
TX-0010656,CUST-00597,2026-04-12,541.56
TX-0010657,CUST-00597,2026-04-29,474.17
TX-0010658,CUST-00597,2025-12-31,525.32
TX-0010659,CUST-00597,2026-01-15,472.62
TX-0010660,CUST-00597,2026-04-25,482.48
TX-0010661,CUST-00597,2026-07-14,480.13
TX-0010662,CUST-00597,2026-01-01,448.05
TX-0010663,CUST-00598,2026-08-17,509.79
TX-0010664,CUST-00598,2026-05-18,465.85
TX-0010665,CUST-00598,2025-12-17,465.16
TX-0010666,CUST-00598,2026-06-18,572.37
TX-0010667,CUST-00598,2025-11-03,424.79
TX-0010668,CUST-00598,2026-04-09,418.04
TX-0010669,CUST-00598,2025-11-20,520.63
TX-0010670,CUST-00598,2026-03-31,462.73
TX-0010671,CUST-00598,2025-12-08,555.02
TX-0010672,CUST-00598,2025-12-29,483.98
TX-0010673,CUST-00598,2025-11-12,473.72
TX-0010674,CUST-00598,2025-11-02,571.29
TX-0010675,CUST-00599,2026-08-06,532.03
TX-0010676,CUST-00599,2026-01-01,559.82
TX-0010677,CUST-00599,2025-10-21,396.45
TX-0010678,CUST-00599,2026-01-17,579.47
TX-0010679,CUST-00599,2026-01-03,498.55
TX-0010680,CUST-00599,2026-06-28,462.63
TX-0010681,CUST-00599,2026-04-18,540.84
TX-0010682,CUST-00599,2026-05-19,510.89
TX-0010683,CUST-00599,2026-05-26,501.98
TX-0010684,CUST-00599,2026-07-08,408.23
TX-0010685,CUST-00599,2026-03-03,496.69
TX-0010686,CUST-00599,2026-05-24,507.14
TX-0010687,CUST-00600,2026-08-20,431.74
TX-0010688,CUST-00600,2026-07-09,501.41
TX-0010689,CUST-00600,2026-01-01,566.34
TX-0010690,CUST-00600,2025-12-26,529.14
TX-0010691,CUST-00600,2025-12-04,446.05
TX-0010692,CUST-00600,2026-07-05,558.39
TX-0010693,CUST-00600,2026-04-30,480.17
TX-0010694,CUST-00601,2026-08-21,515.08
TX-0010695,CUST-00601,2026-03-07,443.98
TX-0010696,CUST-00601,2026-04-17,381.85
TX-0010697,CUST-00601,2026-02-10,388.02
TX-0010698,CUST-00601,2026-04-27,466.56
TX-0010699,CUST-00601,2025-12-14,579.77
TX-0010700,CUST-00601,2026-07-13,454.06
TX-0010701,CUST-00601,2026-08-01,478.58
TX-0010702,CUST-00602,2026-08-10,558.56
TX-0010703,CUST-00602,2026-02-24,522.3
TX-0010704,CUST-00602,2026-04-02,532.41
TX-0010705,CUST-00602,2026-04-30,448.24
TX-0010706,CUST-00602,2026-02-28,564.56
TX-0010707,CUST-00602,2025-10-31,420.03
TX-0010708,CUST-00602,2026-04-28,557.12
TX-0010709,CUST-00602,2025-11-07,472.38
TX-0010710,CUST-00602,2026-04-27,387.46
TX-0010711,CUST-00603,2026-08-04,480.12
TX-0010712,CUST-00603,2026-07-15,461.27
TX-0010713,CUST-00603,2026-05-02,453.83
TX-0010714,CUST-00603,2025-11-26,508.49
TX-0010715,CUST-00603,2025-11-08,509.94
TX-0010716,CUST-00603,2026-06-13,509.23
TX-0010717,CUST-00603,2025-11-30,413.03
TX-0010718,CUST-00603,2026-04-12,440.22
TX-0010719,CUST-00603,2026-07-06,449.93
TX-0010720,CUST-00603,2026-05-07,579.76
TX-0010721,CUST-00604,2026-08-16,397.16
TX-0010722,CUST-00604,2025-11-29,471.94
TX-0010723,CUST-00604,2026-07-29,450.29
TX-0010724,CUST-00604,2026-06-05,454.5
TX-0010725,CUST-00604,2026-02-08,510.26
TX-0010726,CUST-00604,2026-03-15,548.87
TX-0010727,CUST-00604,2026-07-18,560.99
TX-0010728,CUST-00604,2026-03-17,576.35
TX-0010729,CUST-00604,2026-05-25,394.4
TX-0010730,CUST-00604,2026-05-15,463.34
TX-0010731,CUST-00604,2025-12-01,496.54
TX-0010732,CUST-00604,2026-02-27,493.6
TX-0010733,CUST-00604,2025-11-04,559.25
TX-0010734,CUST-00604,2026-05-14,543.37
TX-0010735,CUST-00605,2026-08-20,478.1
TX-0010736,CUST-00605,2026-02-19,439.88
TX-0010737,CUST-00605,2026-05-11,457.7
TX-0010738,CUST-00605,2026-06-28,532.7
TX-0010739,CUST-00605,2026-03-23,410.77
TX-0010740,CUST-00605,2025-11-16,531.97
TX-0010741,CUST-00605,2026-01-28,569.85
TX-0010742,CUST-00605,2026-02-06,485.88
TX-0010743,CUST-00605,2026-01-31,475.87
TX-0010744,CUST-00605,2026-01-26,516.16
TX-0010745,CUST-00605,2026-04-03,407.57
TX-0010746,CUST-00606,2026-08-15,524.07
TX-0010747,CUST-00606,2026-01-24,501.73
TX-0010748,CUST-00606,2026-03-16,522.29
TX-0010749,CUST-00606,2025-12-14,405.35
TX-0010750,CUST-00606,2026-04-30,404.94
TX-0010751,CUST-00606,2026-07-04,405.21
TX-0010752,CUST-00606,2026-07-25,531.18
TX-0010753,CUST-00606,2026-04-02,425.46
TX-0010754,CUST-00606,2025-12-06,560.89
TX-0010755,CUST-00606,2026-06-21,413.71
TX-0010756,CUST-00606,2026-01-10,472.06
TX-0010757,CUST-00606,2025-10-20,563.79
TX-0010758,CUST-00606,2026-03-15,455.77
TX-0010759,CUST-00606,2025-12-31,438.91
TX-0010760,CUST-00607,2026-08-05,545.54
TX-0010761,CUST-00607,2026-05-18,418.84
TX-0010762,CUST-00607,2025-10-20,508.68
TX-0010763,CUST-00607,2026-03-15,400.92
TX-0010764,CUST-00607,2026-03-26,405.19
TX-0010765,CUST-00607,2026-05-02,533.33
TX-0010766,CUST-00607,2026-02-17,525.79
TX-0010767,CUST-00607,2026-05-24,475.24
TX-0010768,CUST-00608,2026-08-07,523.19
TX-0010769,CUST-00608,2025-12-24,538.66
TX-0010770,CUST-00608,2025-11-11,557.15
TX-0010771,CUST-00608,2026-04-15,447.58
TX-0010772,CUST-00608,2026-05-12,559.32
TX-0010773,CUST-00608,2026-06-16,409.2
TX-0010774,CUST-00608,2026-07-07,442.85
TX-0010775,CUST-00609,2026-08-08,518.84
TX-0010776,CUST-00609,2025-12-31,577.41
TX-0010777,CUST-00609,2026-04-13,435.17
TX-0010778,CUST-00609,2025-10-31,455.64
TX-0010779,CUST-00609,2025-12-14,422.86
TX-0010780,CUST-00609,2025-12-08,569.55
TX-0010781,CUST-00609,2026-02-28,536.63
TX-0010782,CUST-00609,2025-12-10,545.45
TX-0010783,CUST-00609,2026-03-10,528.27
TX-0010784,CUST-00609,2026-01-02,452.94
TX-0010785,CUST-00609,2025-12-05,544.78
TX-0010786,CUST-00609,2025-11-19,493.24
TX-0010787,CUST-00609,2026-05-23,574.04
TX-0010788,CUST-00610,2026-08-15,503.96
TX-0010789,CUST-00610,2026-02-25,576.78
TX-0010790,CUST-00610,2026-03-10,455.1
TX-0010791,CUST-00610,2025-12-26,472.1
TX-0010792,CUST-00610,2026-07-18,489.82
TX-0010793,CUST-00610,2026-03-30,513.25
TX-0010794,CUST-00610,2026-06-30,431.12
TX-0010795,CUST-00610,2026-03-17,524.24
TX-0010796,CUST-00610,2025-12-17,577.17
TX-0010797,CUST-00610,2026-04-19,430.64
TX-0010798,CUST-00610,2025-12-04,414.42
TX-0010799,CUST-00610,2026-05-14,406.18
TX-0010800,CUST-00610,2026-01-05,469.17
TX-0010801,CUST-00610,2025-10-30,538.78
TX-0010802,CUST-00611,2026-08-17,489.76
TX-0010803,CUST-00611,2026-06-03,403.06
TX-0010804,CUST-00611,2026-02-13,435.75
TX-0010805,CUST-00611,2026-06-16,444.01
TX-0010806,CUST-00611,2026-02-27,533.1
TX-0010807,CUST-00611,2026-06-29,502.37
TX-0010808,CUST-00611,2026-05-23,496.95
TX-0010809,CUST-00611,2026-03-02,476.85
TX-0010810,CUST-00611,2026-02-22,512.77
TX-0010811,CUST-00611,2025-12-03,412.41
TX-0010812,CUST-00611,2025-11-02,542.83
TX-0010813,CUST-00611,2026-07-16,476.42
TX-0010814,CUST-00611,2025-11-09,482.29
TX-0010815,CUST-00612,2026-08-19,394.98
TX-0010816,CUST-00612,2026-07-10,387.45
TX-0010817,CUST-00612,2026-01-20,494.72
TX-0010818,CUST-00612,2026-06-21,541.74
TX-0010819,CUST-00612,2026-06-25,559.79
TX-0010820,CUST-00612,2026-05-13,412.89
TX-0010821,CUST-00612,2026-02-02,461.92
TX-0010822,CUST-00612,2025-11-26,459.96
TX-0010823,CUST-00612,2025-12-11,401.67
TX-0010824,CUST-00612,2025-10-28,479.94
TX-0010825,CUST-00612,2026-04-11,448.47
TX-0010826,CUST-00612,2025-11-23,565.48
TX-0010827,CUST-00612,2026-03-18,479.36
TX-0010828,CUST-00613,2026-08-17,423.86
TX-0010829,CUST-00613,2026-03-18,475.65
TX-0010830,CUST-00613,2026-05-05,425.89
TX-0010831,CUST-00613,2026-02-06,531.98
TX-0010832,CUST-00613,2026-05-27,573.89
TX-0010833,CUST-00613,2025-12-05,397.23
TX-0010834,CUST-00613,2026-06-24,422.3
TX-0010835,CUST-00613,2026-03-04,431.52
TX-0010836,CUST-00613,2026-06-11,382.87
TX-0010837,CUST-00613,2025-12-30,451.55
TX-0010838,CUST-00613,2025-10-28,393.22
TX-0010839,CUST-00613,2026-03-10,575.44
TX-0010840,CUST-00613,2026-07-08,515.71
TX-0010841,CUST-00613,2026-06-18,482.86
TX-0010842,CUST-00614,2026-08-07,390.85
TX-0010843,CUST-00614,2026-02-03,507.58
TX-0010844,CUST-00614,2025-12-30,520.8
TX-0010845,CUST-00614,2026-07-01,410.03
TX-0010846,CUST-00614,2025-11-07,444.45
TX-0010847,CUST-00614,2025-10-27,390.35
TX-0010848,CUST-00614,2026-06-30,471.52
TX-0010849,CUST-00614,2026-04-21,388.0
TX-0010850,CUST-00614,2025-12-13,553.16
TX-0010851,CUST-00614,2026-06-22,382.67
TX-0010852,CUST-00614,2025-12-05,576.24
TX-0010853,CUST-00614,2026-04-25,386.07
TX-0010854,CUST-00614,2025-12-29,579.82
TX-0010855,CUST-00614,2025-11-26,539.42
TX-0010856,CUST-00615,2026-08-13,521.59
TX-0010857,CUST-00615,2025-11-19,438.49
TX-0010858,CUST-00615,2026-04-02,424.86
TX-0010859,CUST-00615,2026-03-05,454.6
TX-0010860,CUST-00615,2025-10-21,445.89
TX-0010861,CUST-00615,2026-06-09,549.06
TX-0010862,CUST-00615,2026-01-26,521.0
TX-0010863,CUST-00615,2026-04-26,427.53
TX-0010864,CUST-00615,2026-01-13,405.63
TX-0010865,CUST-00615,2026-06-27,505.1
TX-0010866,CUST-00615,2026-06-06,401.76
TX-0010867,CUST-00615,2025-10-29,435.83
TX-0010868,CUST-00615,2026-06-02,385.16
TX-0010869,CUST-00616,2026-08-06,448.59
TX-0010870,CUST-00616,2026-04-09,403.72
TX-0010871,CUST-00616,2025-10-11,512.08
TX-0010872,CUST-00616,2026-04-11,544.6
TX-0010873,CUST-00616,2025-12-24,506.12
TX-0010874,CUST-00616,2025-11-14,504.51
TX-0010875,CUST-00616,2026-07-10,535.86
TX-0010876,CUST-00616,2026-01-05,472.52
TX-0010877,CUST-00616,2026-03-07,517.73
TX-0010878,CUST-00616,2026-01-14,381.34
TX-0010879,CUST-00616,2026-01-14,519.73
TX-0010880,CUST-00617,2026-08-18,402.27
TX-0010881,CUST-00617,2026-03-02,384.6
TX-0010882,CUST-00617,2026-07-21,383.02
TX-0010883,CUST-00617,2026-06-19,383.98
TX-0010884,CUST-00617,2025-12-18,406.48
TX-0010885,CUST-00617,2026-02-25,460.05
TX-0010886,CUST-00617,2026-02-16,576.15
TX-0010887,CUST-00617,2025-12-16,409.36
TX-0010888,CUST-00617,2025-12-27,463.36
TX-0010889,CUST-00617,2026-04-03,452.42
TX-0010890,CUST-00617,2026-07-03,479.12
TX-0010891,CUST-00617,2026-01-25,508.18
TX-0010892,CUST-00618,2026-08-15,521.01
TX-0010893,CUST-00618,2025-12-12,437.9
TX-0010894,CUST-00618,2025-12-05,572.87
TX-0010895,CUST-00618,2026-01-15,438.95
TX-0010896,CUST-00618,2025-12-20,542.69
TX-0010897,CUST-00618,2025-11-28,478.15
TX-0010898,CUST-00618,2026-07-06,537.24
TX-0010899,CUST-00618,2026-03-06,461.5
TX-0010900,CUST-00618,2026-06-02,505.33
TX-0010901,CUST-00619,2026-08-17,397.51
TX-0010902,CUST-00619,2026-05-16,576.73
TX-0010903,CUST-00619,2026-05-25,482.19
TX-0010904,CUST-00619,2026-06-04,513.46
TX-0010905,CUST-00619,2026-07-01,527.88
TX-0010906,CUST-00619,2026-05-27,509.66
TX-0010907,CUST-00619,2026-03-15,485.67
TX-0010908,CUST-00619,2026-07-14,570.96
TX-0010909,CUST-00619,2025-11-16,402.4
TX-0010910,CUST-00619,2025-11-03,453.75
TX-0010911,CUST-00620,2026-08-13,543.31
TX-0010912,CUST-00620,2025-11-09,457.3
TX-0010913,CUST-00620,2025-10-27,557.24
TX-0010914,CUST-00620,2026-04-13,434.24
TX-0010915,CUST-00620,2026-03-04,501.98
TX-0010916,CUST-00620,2026-04-19,504.48
TX-0010917,CUST-00620,2025-11-25,461.94
TX-0010918,CUST-00620,2025-12-15,570.86
TX-0010919,CUST-00620,2026-03-21,434.06
TX-0010920,CUST-00621,2026-08-13,411.7
TX-0010921,CUST-00621,2026-01-04,539.18
TX-0010922,CUST-00621,2026-07-04,496.59
TX-0010923,CUST-00621,2026-06-17,553.65
TX-0010924,CUST-00621,2026-02-12,465.34
TX-0010925,CUST-00621,2026-06-09,419.08
TX-0010926,CUST-00621,2026-07-15,537.1
TX-0010927,CUST-00621,2025-11-05,455.65
TX-0010928,CUST-00621,2025-11-05,395.77
TX-0010929,CUST-00621,2026-07-01,510.9
TX-0010930,CUST-00621,2025-11-16,454.15
TX-0010931,CUST-00621,2026-03-30,447.41
TX-0010932,CUST-00621,2026-03-15,473.11
TX-0010933,CUST-00622,2026-08-10,412.85
TX-0010934,CUST-00622,2026-02-22,478.26
TX-0010935,CUST-00622,2026-02-06,472.12
TX-0010936,CUST-00622,2026-02-21,402.13
TX-0010937,CUST-00622,2025-11-21,410.71
TX-0010938,CUST-00622,2026-02-25,435.09
TX-0010939,CUST-00622,2026-06-15,505.81
TX-0010940,CUST-00622,2026-04-11,424.15
TX-0010941,CUST-00622,2025-12-22,511.28
TX-0010942,CUST-00622,2026-04-05,411.52
TX-0010943,CUST-00622,2026-02-20,541.76
TX-0010944,CUST-00623,2026-08-14,418.68
TX-0010945,CUST-00623,2025-11-12,555.27
TX-0010946,CUST-00623,2025-10-20,543.18
TX-0010947,CUST-00623,2026-07-01,486.34
TX-0010948,CUST-00623,2026-07-01,510.74
TX-0010949,CUST-00623,2026-03-11,458.05
TX-0010950,CUST-00623,2025-11-02,568.77
TX-0010951,CUST-00623,2026-01-12,573.17
TX-0010952,CUST-00623,2025-11-24,549.25
TX-0010953,CUST-00623,2025-12-10,525.13
TX-0010954,CUST-00623,2026-04-10,509.22
TX-0010955,CUST-00623,2025-11-20,502.68
TX-0010956,CUST-00624,2026-08-08,496.51
TX-0010957,CUST-00624,2026-05-19,400.57
TX-0010958,CUST-00624,2025-10-27,509.33
TX-0010959,CUST-00624,2026-02-19,491.13
TX-0010960,CUST-00624,2026-05-29,483.15
TX-0010961,CUST-00624,2025-12-18,448.51
TX-0010962,CUST-00624,2026-01-13,500.88
TX-0010963,CUST-00625,2026-08-18,430.55
TX-0010964,CUST-00625,2025-11-08,485.15
TX-0010965,CUST-00625,2026-03-25,550.25
TX-0010966,CUST-00625,2026-04-08,558.87
TX-0010967,CUST-00625,2025-12-30,443.93
TX-0010968,CUST-00625,2025-12-28,387.62
TX-0010969,CUST-00625,2025-11-13,578.4
TX-0010970,CUST-00625,2025-12-29,405.4
TX-0010971,CUST-00625,2026-01-20,465.03
TX-0010972,CUST-00625,2026-01-18,409.7
TX-0010973,CUST-00626,2026-08-04,576.52
TX-0010974,CUST-00626,2025-10-28,408.78
TX-0010975,CUST-00626,2026-07-01,478.38
TX-0010976,CUST-00626,2025-11-07,515.03
TX-0010977,CUST-00626,2026-01-28,466.92
TX-0010978,CUST-00626,2026-02-23,387.72
TX-0010979,CUST-00626,2026-06-24,502.3
TX-0010980,CUST-00626,2025-11-17,380.56
TX-0010981,CUST-00626,2026-01-12,411.99
TX-0010982,CUST-00626,2026-02-23,492.19
TX-0010983,CUST-00626,2026-07-18,448.67
TX-0010984,CUST-00627,2026-08-22,428.59
TX-0010985,CUST-00627,2026-01-08,508.92
TX-0010986,CUST-00627,2026-07-28,491.83
TX-0010987,CUST-00627,2026-04-07,498.06
TX-0010988,CUST-00627,2025-11-24,519.01
TX-0010989,CUST-00627,2026-02-25,491.51
TX-0010990,CUST-00627,2026-06-20,467.22
TX-0010991,CUST-00627,2026-04-07,478.19
TX-0010992,CUST-00627,2026-01-09,470.42
TX-0010993,CUST-00627,2026-04-04,422.07
TX-0010994,CUST-00627,2025-11-27,524.97
TX-0010995,CUST-00627,2026-07-01,561.74
TX-0010996,CUST-00628,2026-08-17,389.78
TX-0010997,CUST-00628,2026-06-05,511.8
TX-0010998,CUST-00628,2026-04-21,565.95
TX-0010999,CUST-00628,2025-12-13,567.22
TX-0011000,CUST-00628,2025-12-04,493.57
TX-0011001,CUST-00628,2026-01-03,563.84
TX-0011002,CUST-00628,2026-01-29,555.03
TX-0011003,CUST-00628,2025-11-26,412.01
TX-0011004,CUST-00628,2025-11-18,512.32
TX-0011005,CUST-00628,2026-01-01,440.65
TX-0011006,CUST-00628,2025-10-22,517.38
TX-0011007,CUST-00629,2026-08-16,381.12
TX-0011008,CUST-00629,2026-02-18,490.47
TX-0011009,CUST-00629,2026-01-10,382.75
TX-0011010,CUST-00629,2026-01-16,532.51
TX-0011011,CUST-00629,2026-01-28,434.95
TX-0011012,CUST-00629,2026-03-11,517.79
TX-0011013,CUST-00629,2026-06-25,544.81
TX-0011014,CUST-00629,2026-03-10,553.25
TX-0011015,CUST-00629,2026-03-16,481.49
TX-0011016,CUST-00629,2026-01-29,460.41
TX-0011017,CUST-00629,2026-04-25,554.58
TX-0011018,CUST-00629,2026-07-02,440.97
TX-0011019,CUST-00629,2026-04-09,439.98
TX-0011020,CUST-00629,2025-11-10,511.34
TX-0011021,CUST-00630,2026-08-07,430.95
TX-0011022,CUST-00630,2026-06-07,400.82
TX-0011023,CUST-00630,2026-04-06,412.04
TX-0011024,CUST-00630,2026-03-30,535.18
TX-0011025,CUST-00630,2026-06-03,488.32
TX-0011026,CUST-00630,2026-07-08,505.02
TX-0011027,CUST-00630,2025-12-07,539.06
TX-0011028,CUST-00630,2026-04-02,429.0
TX-0011029,CUST-00630,2026-03-01,532.79
TX-0011030,CUST-00631,2026-08-22,540.85
TX-0011031,CUST-00631,2025-12-18,557.6
TX-0011032,CUST-00631,2026-02-04,397.9
TX-0011033,CUST-00631,2026-07-08,554.55
TX-0011034,CUST-00631,2026-05-17,475.05
TX-0011035,CUST-00631,2026-04-18,494.66
TX-0011036,CUST-00631,2026-02-15,391.72
TX-0011037,CUST-00631,2026-02-05,569.02
TX-0011038,CUST-00631,2026-06-08,515.14
TX-0011039,CUST-00631,2026-03-28,572.18
TX-0011040,CUST-00631,2026-03-06,517.7
TX-0011041,CUST-00631,2026-07-22,514.01
TX-0011042,CUST-00631,2025-11-14,391.94
TX-0011043,CUST-00632,2026-08-17,423.12
TX-0011044,CUST-00632,2026-02-08,387.64
TX-0011045,CUST-00632,2026-05-07,503.59
TX-0011046,CUST-00632,2026-05-13,486.59
TX-0011047,CUST-00632,2026-02-15,432.23
TX-0011048,CUST-00632,2026-01-19,559.14
TX-0011049,CUST-00632,2026-05-20,397.31
TX-0011050,CUST-00633,2026-08-08,445.88
TX-0011051,CUST-00633,2026-06-10,451.47
TX-0011052,CUST-00633,2026-02-20,421.26
TX-0011053,CUST-00633,2026-07-03,533.7
TX-0011054,CUST-00633,2025-12-26,538.73
TX-0011055,CUST-00633,2025-10-13,566.92
TX-0011056,CUST-00633,2026-06-16,466.93
TX-0011057,CUST-00633,2026-06-16,382.14
TX-0011058,CUST-00633,2026-02-14,486.3
TX-0011059,CUST-00633,2025-11-21,433.58
TX-0011060,CUST-00633,2026-05-21,419.79
TX-0011061,CUST-00633,2026-03-21,558.71
TX-0011062,CUST-00633,2026-01-18,470.33
TX-0011063,CUST-00634,2026-08-09,454.59
TX-0011064,CUST-00634,2026-03-16,468.18
TX-0011065,CUST-00634,2025-11-11,533.68
TX-0011066,CUST-00634,2025-12-22,466.35
TX-0011067,CUST-00634,2025-11-24,433.52
TX-0011068,CUST-00634,2026-06-16,380.27
TX-0011069,CUST-00634,2026-06-23,402.65
TX-0011070,CUST-00634,2026-06-09,517.99
TX-0011071,CUST-00635,2026-08-17,527.39
TX-0011072,CUST-00635,2025-10-28,524.65
TX-0011073,CUST-00635,2025-10-23,572.52
TX-0011074,CUST-00635,2025-11-09,433.77
TX-0011075,CUST-00635,2026-06-22,410.66
TX-0011076,CUST-00635,2025-12-12,559.12
TX-0011077,CUST-00635,2026-07-04,448.03
TX-0011078,CUST-00635,2026-07-24,486.07
TX-0011079,CUST-00635,2026-02-09,499.15
TX-0011080,CUST-00635,2026-05-20,537.28
TX-0011081,CUST-00635,2026-02-21,550.21
TX-0011082,CUST-00635,2026-04-01,396.93
TX-0011083,CUST-00635,2025-12-01,498.0
TX-0011084,CUST-00636,2026-08-12,575.55
TX-0011085,CUST-00636,2026-03-16,567.95
TX-0011086,CUST-00636,2025-11-29,562.32
TX-0011087,CUST-00636,2026-07-17,456.43
TX-0011088,CUST-00636,2026-05-25,416.58
TX-0011089,CUST-00636,2026-04-12,554.75
TX-0011090,CUST-00636,2025-12-05,576.19
TX-0011091,CUST-00636,2026-03-31,549.65
TX-0011092,CUST-00637,2026-08-10,412.97
TX-0011093,CUST-00637,2026-06-16,474.74
TX-0011094,CUST-00637,2026-07-22,533.56
TX-0011095,CUST-00637,2026-06-07,563.1
TX-0011096,CUST-00637,2026-01-05,516.76
TX-0011097,CUST-00637,2026-04-28,557.15
TX-0011098,CUST-00637,2026-07-03,499.73
TX-0011099,CUST-00637,2025-12-30,457.09
TX-0011100,CUST-00637,2026-02-13,458.71
TX-0011101,CUST-00637,2026-07-23,487.58
TX-0011102,CUST-00637,2026-03-29,532.16
TX-0011103,CUST-00637,2025-10-23,558.45
TX-0011104,CUST-00637,2026-07-26,397.4
TX-0011105,CUST-00638,2026-08-04,388.22
TX-0011106,CUST-00638,2026-06-08,529.79
TX-0011107,CUST-00638,2026-01-08,561.18
TX-0011108,CUST-00638,2025-10-23,545.0
TX-0011109,CUST-00638,2026-05-12,420.98
TX-0011110,CUST-00638,2026-06-07,391.79
TX-0011111,CUST-00638,2026-02-17,496.39
TX-0011112,CUST-00638,2026-03-04,401.86
TX-0011113,CUST-00638,2026-02-01,472.97
TX-0011114,CUST-00638,2026-02-09,524.59
TX-0011115,CUST-00638,2025-12-04,462.84
TX-0011116,CUST-00638,2026-04-21,513.14
TX-0011117,CUST-00639,2026-08-22,434.09
TX-0011118,CUST-00639,2026-06-17,383.96
TX-0011119,CUST-00639,2025-11-11,531.06
TX-0011120,CUST-00639,2026-03-21,420.22
TX-0011121,CUST-00639,2026-02-27,498.99
TX-0011122,CUST-00639,2026-06-20,405.2
TX-0011123,CUST-00639,2026-06-14,571.34
TX-0011124,CUST-00639,2026-04-24,481.6
TX-0011125,CUST-00639,2026-06-14,539.51
TX-0011126,CUST-00639,2026-07-31,474.11
TX-0011127,CUST-00639,2026-02-07,439.5
TX-0011128,CUST-00639,2025-12-02,391.58
TX-0011129,CUST-00640,2026-08-19,504.72
TX-0011130,CUST-00640,2025-10-31,546.22
TX-0011131,CUST-00640,2025-12-27,384.3
TX-0011132,CUST-00640,2025-12-29,476.99
TX-0011133,CUST-00640,2026-03-08,513.06
TX-0011134,CUST-00640,2026-04-24,504.17
TX-0011135,CUST-00640,2026-04-09,387.12
TX-0011136,CUST-00640,2026-07-23,539.77
TX-0011137,CUST-00640,2026-01-12,404.89
TX-0011138,CUST-00640,2026-08-01,562.49
TX-0011139,CUST-00640,2026-06-28,433.11
TX-0011140,CUST-00640,2026-02-20,547.78
TX-0011141,CUST-00640,2026-03-24,529.18
TX-0011142,CUST-00641,2026-08-22,488.36
TX-0011143,CUST-00641,2026-03-01,450.02
TX-0011144,CUST-00641,2026-06-22,530.71
TX-0011145,CUST-00641,2025-11-06,409.44
TX-0011146,CUST-00641,2025-12-29,409.04
TX-0011147,CUST-00641,2026-01-10,470.88
TX-0011148,CUST-00641,2026-02-08,539.04
TX-0011149,CUST-00641,2026-06-28,387.97
TX-0011150,CUST-00641,2026-04-13,519.59
TX-0011151,CUST-00641,2025-10-28,398.96
TX-0011152,CUST-00641,2026-07-08,552.87
TX-0011153,CUST-00641,2026-04-20,383.36
TX-0011154,CUST-00641,2025-11-09,482.0
TX-0011155,CUST-00641,2026-05-20,518.68
TX-0011156,CUST-00642,2026-08-20,476.34
TX-0011157,CUST-00642,2026-02-28,420.11
TX-0011158,CUST-00642,2025-12-12,565.09
TX-0011159,CUST-00642,2026-01-16,460.67
TX-0011160,CUST-00642,2026-03-31,576.54
TX-0011161,CUST-00642,2026-07-16,408.42
TX-0011162,CUST-00642,2025-12-18,493.46
TX-0011163,CUST-00642,2026-03-31,556.15
TX-0011164,CUST-00642,2026-05-14,439.23
TX-0011165,CUST-00643,2026-08-17,383.33
TX-0011166,CUST-00643,2026-01-30,413.98
TX-0011167,CUST-00643,2025-10-23,429.79
TX-0011168,CUST-00643,2026-04-07,383.98
TX-0011169,CUST-00643,2026-05-15,461.68
TX-0011170,CUST-00643,2025-11-08,489.56
TX-0011171,CUST-00643,2026-07-14,538.09
TX-0011172,CUST-00643,2026-07-19,545.1
TX-0011173,CUST-00643,2026-06-03,539.68
TX-0011174,CUST-00644,2026-08-16,464.62
TX-0011175,CUST-00644,2026-04-29,567.28
TX-0011176,CUST-00644,2025-11-20,455.02
TX-0011177,CUST-00644,2026-06-26,477.62
TX-0011178,CUST-00644,2026-05-12,483.09
TX-0011179,CUST-00644,2026-06-07,516.38
TX-0011180,CUST-00644,2026-07-06,563.97
TX-0011181,CUST-00644,2025-10-26,523.77
TX-0011182,CUST-00644,2026-07-05,553.8
TX-0011183,CUST-00645,2026-08-20,442.63
TX-0011184,CUST-00645,2026-03-14,484.29
TX-0011185,CUST-00645,2025-12-03,573.63
TX-0011186,CUST-00645,2026-05-29,436.22
TX-0011187,CUST-00645,2026-02-01,552.05
TX-0011188,CUST-00645,2025-11-05,577.63
TX-0011189,CUST-00645,2026-07-16,480.72
TX-0011190,CUST-00645,2026-02-20,554.73
TX-0011191,CUST-00645,2026-08-05,467.45
TX-0011192,CUST-00645,2025-11-19,496.84
TX-0011193,CUST-00645,2026-03-08,526.55
TX-0011194,CUST-00645,2026-03-07,393.1
TX-0011195,CUST-00646,2026-08-08,544.85
TX-0011196,CUST-00646,2026-05-05,463.9
TX-0011197,CUST-00646,2026-01-09,388.58
TX-0011198,CUST-00646,2025-10-23,536.11
TX-0011199,CUST-00646,2026-02-25,449.56
TX-0011200,CUST-00646,2026-05-09,497.79
TX-0011201,CUST-00646,2026-05-18,577.46
TX-0011202,CUST-00646,2026-05-03,569.65
TX-0011203,CUST-00646,2025-10-21,446.08
TX-0011204,CUST-00646,2026-01-05,456.35
TX-0011205,CUST-00646,2026-06-05,397.01
TX-0011206,CUST-00646,2025-10-31,412.79
TX-0011207,CUST-00646,2025-12-03,568.94
TX-0011208,CUST-00646,2026-06-25,433.39
TX-0011209,CUST-00647,2026-08-22,511.71
TX-0011210,CUST-00647,2025-11-29,417.9
TX-0011211,CUST-00647,2026-02-20,416.08
TX-0011212,CUST-00647,2025-11-17,554.89
TX-0011213,CUST-00647,2026-07-24,485.96
TX-0011214,CUST-00647,2025-12-19,392.69
TX-0011215,CUST-00647,2026-01-21,567.16
TX-0011216,CUST-00647,2026-07-26,546.21
TX-0011217,CUST-00647,2026-04-24,427.38
TX-0011218,CUST-00647,2025-12-20,404.21
TX-0011219,CUST-00647,2025-12-02,396.22
TX-0011220,CUST-00647,2026-04-23,505.77
TX-0011221,CUST-00647,2026-04-25,579.16
TX-0011222,CUST-00647,2026-05-09,481.76
TX-0011223,CUST-00648,2026-08-12,573.93
TX-0011224,CUST-00648,2025-11-09,496.73
TX-0011225,CUST-00648,2026-07-26,539.24
TX-0011226,CUST-00648,2026-01-29,465.48
TX-0011227,CUST-00648,2025-12-22,391.46
TX-0011228,CUST-00648,2026-01-05,520.05
TX-0011229,CUST-00648,2025-12-22,403.34
TX-0011230,CUST-00649,2026-08-18,409.94
TX-0011231,CUST-00649,2026-01-07,518.19
TX-0011232,CUST-00649,2026-03-13,523.6
TX-0011233,CUST-00649,2026-04-25,431.64
TX-0011234,CUST-00649,2026-01-11,454.61
TX-0011235,CUST-00649,2026-04-23,501.4
TX-0011236,CUST-00649,2025-11-13,528.77
TX-0011237,CUST-00650,2026-08-06,525.31
TX-0011238,CUST-00650,2026-07-14,442.84
TX-0011239,CUST-00650,2025-11-25,547.73
TX-0011240,CUST-00650,2026-07-01,490.23
TX-0011241,CUST-00650,2025-12-03,489.73
TX-0011242,CUST-00650,2026-04-20,574.06
TX-0011243,CUST-00650,2026-04-29,401.38
TX-0011244,CUST-00650,2026-06-14,508.85
TX-0011245,CUST-00650,2025-10-11,482.86
TX-0011246,CUST-00650,2026-05-08,440.85
TX-0011247,CUST-00650,2026-05-07,411.4
TX-0011248,CUST-00650,2025-11-17,493.9
TX-0011249,CUST-00650,2025-10-31,428.97
TX-0011250,CUST-00650,2026-04-01,561.34
TX-0011251,CUST-00651,2026-08-22,393.82
TX-0011252,CUST-00651,2026-03-05,510.82
TX-0011253,CUST-00651,2026-06-25,422.18
TX-0011254,CUST-00651,2026-05-27,552.84
TX-0011255,CUST-00651,2025-11-25,396.54
TX-0011256,CUST-00651,2025-12-20,554.78
TX-0011257,CUST-00651,2026-01-12,535.14
TX-0011258,CUST-00651,2026-03-02,538.36
TX-0011259,CUST-00651,2026-03-16,569.38
TX-0011260,CUST-00651,2026-04-13,420.07
TX-0011261,CUST-00651,2026-03-17,443.71
TX-0011262,CUST-00651,2025-11-10,544.49
TX-0011263,CUST-00651,2026-07-15,466.74
TX-0011264,CUST-00651,2026-05-02,534.7
TX-0011265,CUST-00652,2026-08-17,432.51
TX-0011266,CUST-00652,2026-05-26,522.72
TX-0011267,CUST-00652,2026-04-10,437.36
TX-0011268,CUST-00652,2026-04-10,489.13
TX-0011269,CUST-00652,2026-04-19,568.15
TX-0011270,CUST-00652,2025-12-19,417.06
TX-0011271,CUST-00652,2026-05-21,556.62
TX-0011272,CUST-00652,2025-12-05,529.04
TX-0011273,CUST-00652,2026-02-12,483.38
TX-0011274,CUST-00652,2026-07-14,522.3
TX-0011275,CUST-00653,2026-08-21,441.95
TX-0011276,CUST-00653,2026-06-08,381.99
TX-0011277,CUST-00653,2026-06-02,501.14
TX-0011278,CUST-00653,2026-07-14,402.46
TX-0011279,CUST-00653,2026-02-01,543.93
TX-0011280,CUST-00653,2026-01-18,443.64
TX-0011281,CUST-00653,2026-07-14,407.94
TX-0011282,CUST-00653,2026-07-25,451.58
TX-0011283,CUST-00653,2025-12-18,506.86
TX-0011284,CUST-00653,2026-08-05,553.58
TX-0011285,CUST-00653,2025-10-27,420.51
TX-0011286,CUST-00654,2026-08-19,473.3
TX-0011287,CUST-00654,2026-03-21,478.7
TX-0011288,CUST-00654,2026-05-04,448.5
TX-0011289,CUST-00654,2026-02-09,515.26
TX-0011290,CUST-00654,2026-02-09,443.7
TX-0011291,CUST-00654,2026-06-13,403.72
TX-0011292,CUST-00654,2026-02-21,527.88
TX-0011293,CUST-00654,2026-07-06,491.72
TX-0011294,CUST-00654,2026-08-03,436.46
TX-0011295,CUST-00654,2026-04-22,535.72
TX-0011296,CUST-00654,2026-01-05,382.08
TX-0011297,CUST-00654,2026-03-21,474.06
TX-0011298,CUST-00655,2026-08-14,405.0
TX-0011299,CUST-00655,2026-01-26,504.28
TX-0011300,CUST-00655,2026-03-17,569.38
TX-0011301,CUST-00655,2026-04-16,447.47
TX-0011302,CUST-00655,2026-06-13,385.65
TX-0011303,CUST-00655,2026-07-14,566.31
TX-0011304,CUST-00655,2025-11-25,575.1
TX-0011305,CUST-00655,2026-07-29,560.14
TX-0011306,CUST-00655,2025-11-01,414.79
TX-0011307,CUST-00655,2026-02-21,515.63
TX-0011308,CUST-00655,2026-06-24,451.81
TX-0011309,CUST-00655,2026-03-02,505.51
TX-0011310,CUST-00655,2026-02-26,418.79
TX-0011311,CUST-00655,2025-10-20,420.78
TX-0011312,CUST-00656,2026-08-09,568.86
TX-0011313,CUST-00656,2026-04-22,465.83
TX-0011314,CUST-00656,2026-04-03,435.13
TX-0011315,CUST-00656,2026-06-19,385.17
TX-0011316,CUST-00656,2026-05-11,458.66
TX-0011317,CUST-00656,2026-01-28,484.07
TX-0011318,CUST-00656,2026-03-17,555.81
TX-0011319,CUST-00657,2026-08-06,443.43
TX-0011320,CUST-00657,2026-03-16,571.91
TX-0011321,CUST-00657,2025-11-18,565.53
TX-0011322,CUST-00657,2025-12-06,521.27
TX-0011323,CUST-00657,2026-05-27,419.05
TX-0011324,CUST-00657,2026-07-21,561.73
TX-0011325,CUST-00657,2026-02-28,558.09
TX-0011326,CUST-00657,2026-06-19,524.11
TX-0011327,CUST-00657,2026-05-23,456.95
TX-0011328,CUST-00657,2025-10-20,573.57
TX-0011329,CUST-00657,2026-07-17,522.92
TX-0011330,CUST-00657,2025-12-29,575.76
TX-0011331,CUST-00657,2026-06-23,434.4
TX-0011332,CUST-00657,2026-05-31,489.4
TX-0011333,CUST-00658,2026-08-06,391.92
TX-0011334,CUST-00658,2026-02-28,405.44
TX-0011335,CUST-00658,2026-03-22,455.19
TX-0011336,CUST-00658,2026-04-22,423.94
TX-0011337,CUST-00658,2026-02-12,548.03
TX-0011338,CUST-00658,2026-07-15,545.87
TX-0011339,CUST-00658,2026-04-29,564.34
TX-0011340,CUST-00658,2026-01-24,505.07
TX-0011341,CUST-00658,2026-04-13,409.8
TX-0011342,CUST-00658,2026-02-11,455.03
TX-0011343,CUST-00658,2026-05-29,425.81
TX-0011344,CUST-00658,2026-02-06,380.24
TX-0011345,CUST-00658,2026-06-18,435.28
TX-0011346,CUST-00658,2026-01-17,471.01
TX-0011347,CUST-00659,2026-08-14,380.26
TX-0011348,CUST-00659,2026-01-29,434.09
TX-0011349,CUST-00659,2026-02-24,486.91
TX-0011350,CUST-00659,2025-11-14,406.21
TX-0011351,CUST-00659,2026-02-06,579.78
TX-0011352,CUST-00659,2025-12-17,496.97
TX-0011353,CUST-00659,2026-03-02,504.53
TX-0011354,CUST-00659,2026-03-09,555.93
TX-0011355,CUST-00660,2026-08-05,421.0
TX-0011356,CUST-00660,2026-07-10,403.15
TX-0011357,CUST-00660,2026-06-20,534.47
TX-0011358,CUST-00660,2026-07-09,560.53
TX-0011359,CUST-00660,2025-10-31,384.11
TX-0011360,CUST-00660,2026-01-31,435.12
TX-0011361,CUST-00660,2026-05-21,474.11
TX-0011362,CUST-00660,2026-03-18,529.78
TX-0011363,CUST-00661,2026-08-06,464.24
TX-0011364,CUST-00661,2025-11-29,526.06
TX-0011365,CUST-00661,2025-11-01,538.78
TX-0011366,CUST-00661,2026-07-18,527.34
TX-0011367,CUST-00661,2026-03-05,560.04
TX-0011368,CUST-00661,2025-11-18,477.26
TX-0011369,CUST-00661,2025-10-30,540.58
TX-0011370,CUST-00661,2026-07-13,410.05
TX-0011371,CUST-00661,2026-07-09,528.17
TX-0011372,CUST-00661,2026-06-27,517.17
TX-0011373,CUST-00662,2026-08-11,489.08
TX-0011374,CUST-00662,2025-10-22,449.58
TX-0011375,CUST-00662,2025-12-02,492.99
TX-0011376,CUST-00662,2026-07-19,495.85
TX-0011377,CUST-00662,2026-01-16,560.49
TX-0011378,CUST-00662,2026-07-26,549.06
TX-0011379,CUST-00662,2026-03-13,540.39
TX-0011380,CUST-00662,2026-06-27,549.37
TX-0011381,CUST-00662,2026-07-17,532.71
TX-0011382,CUST-00662,2026-03-10,429.04
TX-0011383,CUST-00662,2026-07-10,437.62
TX-0011384,CUST-00662,2026-02-03,429.26
TX-0011385,CUST-00663,2026-08-11,566.17
TX-0011386,CUST-00663,2025-10-24,525.87
TX-0011387,CUST-00663,2025-12-30,571.19
TX-0011388,CUST-00663,2026-02-01,381.16
TX-0011389,CUST-00663,2026-05-19,511.59
TX-0011390,CUST-00663,2026-07-12,467.65
TX-0011391,CUST-00663,2026-06-25,536.25
TX-0011392,CUST-00663,2025-12-27,389.41
TX-0011393,CUST-00663,2026-02-23,492.49
TX-0011394,CUST-00664,2026-08-18,443.13
TX-0011395,CUST-00664,2026-04-09,384.72
TX-0011396,CUST-00664,2025-11-23,565.84
TX-0011397,CUST-00664,2026-06-13,476.4
TX-0011398,CUST-00664,2026-07-29,496.17
TX-0011399,CUST-00664,2026-03-16,443.19
TX-0011400,CUST-00664,2026-06-12,413.79
TX-0011401,CUST-00664,2026-01-26,415.85
TX-0011402,CUST-00664,2026-05-01,436.12
TX-0011403,CUST-00664,2026-03-23,547.28
TX-0011404,CUST-00664,2026-03-15,465.53
TX-0011405,CUST-00664,2026-05-03,409.17
TX-0011406,CUST-00665,2026-08-06,427.91
TX-0011407,CUST-00665,2026-07-07,504.29
TX-0011408,CUST-00665,2025-11-30,520.46
TX-0011409,CUST-00665,2025-12-06,462.06
TX-0011410,CUST-00665,2026-04-11,449.35
TX-0011411,CUST-00665,2026-05-01,493.62
TX-0011412,CUST-00665,2026-01-01,449.73
TX-0011413,CUST-00665,2026-04-20,383.38
TX-0011414,CUST-00665,2026-01-09,569.66
TX-0011415,CUST-00665,2026-07-05,434.17
TX-0011416,CUST-00665,2025-11-30,564.28
TX-0011417,CUST-00665,2025-12-25,495.63
TX-0011418,CUST-00665,2026-02-07,512.16
TX-0011419,CUST-00665,2026-06-25,541.73
TX-0011420,CUST-00666,2026-08-16,571.24
TX-0011421,CUST-00666,2025-12-17,426.27
TX-0011422,CUST-00666,2026-02-04,489.06
TX-0011423,CUST-00666,2026-02-11,408.62
TX-0011424,CUST-00666,2026-04-20,536.26
TX-0011425,CUST-00666,2025-11-01,422.52
TX-0011426,CUST-00666,2025-10-31,439.1
TX-0011427,CUST-00666,2026-02-08,505.34
TX-0011428,CUST-00666,2026-02-06,474.16
TX-0011429,CUST-00667,2026-08-10,528.72
TX-0011430,CUST-00667,2025-10-22,503.8
TX-0011431,CUST-00667,2026-02-17,501.33
TX-0011432,CUST-00667,2025-10-16,460.39
TX-0011433,CUST-00667,2026-07-06,411.94
TX-0011434,CUST-00667,2026-01-26,501.34
TX-0011435,CUST-00667,2025-11-04,385.15
TX-0011436,CUST-00667,2026-04-16,488.81
TX-0011437,CUST-00667,2026-05-16,492.35
TX-0011438,CUST-00667,2026-04-01,529.93
TX-0011439,CUST-00667,2025-12-29,524.98
TX-0011440,CUST-00667,2026-05-20,535.78
TX-0011441,CUST-00668,2026-08-21,432.36
TX-0011442,CUST-00668,2026-03-14,564.25
TX-0011443,CUST-00668,2026-05-25,536.58
TX-0011444,CUST-00668,2026-07-07,428.65
TX-0011445,CUST-00668,2026-01-20,471.04
TX-0011446,CUST-00668,2025-11-05,401.93
TX-0011447,CUST-00668,2026-02-11,493.59
TX-0011448,CUST-00668,2026-05-01,509.27
TX-0011449,CUST-00668,2026-08-05,509.74
TX-0011450,CUST-00668,2026-05-30,537.16
TX-0011451,CUST-00669,2026-08-09,543.63
TX-0011452,CUST-00669,2026-03-28,422.39
TX-0011453,CUST-00669,2026-02-07,449.46
TX-0011454,CUST-00669,2026-01-06,501.96
TX-0011455,CUST-00669,2026-05-10,493.79
TX-0011456,CUST-00669,2026-04-29,381.64
TX-0011457,CUST-00669,2026-04-10,545.28
TX-0011458,CUST-00670,2026-08-06,479.85
TX-0011459,CUST-00670,2026-02-01,504.32
TX-0011460,CUST-00670,2026-03-21,553.42
TX-0011461,CUST-00670,2025-11-25,460.66
TX-0011462,CUST-00670,2025-10-27,555.39
TX-0011463,CUST-00670,2026-05-12,464.22
TX-0011464,CUST-00670,2026-04-09,515.33
TX-0011465,CUST-00670,2026-05-29,531.06
TX-0011466,CUST-00670,2026-05-31,428.21
TX-0011467,CUST-00670,2026-06-09,409.25
TX-0011468,CUST-00671,2026-08-08,417.81
TX-0011469,CUST-00671,2026-01-02,487.37
TX-0011470,CUST-00671,2025-11-22,532.85
TX-0011471,CUST-00671,2025-10-28,415.7
TX-0011472,CUST-00671,2026-01-27,440.87
TX-0011473,CUST-00671,2026-04-16,505.0
TX-0011474,CUST-00671,2026-02-23,407.28
TX-0011475,CUST-00671,2026-05-30,536.09
TX-0011476,CUST-00671,2026-06-14,488.41
TX-0011477,CUST-00672,2026-08-19,406.9
TX-0011478,CUST-00672,2026-04-16,452.54
TX-0011479,CUST-00672,2026-03-23,460.04
TX-0011480,CUST-00672,2026-07-04,391.97
TX-0011481,CUST-00672,2026-04-23,556.32
TX-0011482,CUST-00672,2025-11-25,380.52
TX-0011483,CUST-00672,2026-01-17,508.24
TX-0011484,CUST-00672,2026-07-09,542.03
TX-0011485,CUST-00672,2026-03-06,555.91
TX-0011486,CUST-00672,2026-02-10,502.63
TX-0011487,CUST-00673,2026-08-14,429.89
TX-0011488,CUST-00673,2025-12-31,479.85
TX-0011489,CUST-00673,2026-06-22,514.44
TX-0011490,CUST-00673,2026-06-25,474.02
TX-0011491,CUST-00673,2026-06-10,497.66
TX-0011492,CUST-00673,2025-12-25,539.07
TX-0011493,CUST-00673,2026-02-13,485.93
TX-0011494,CUST-00673,2025-12-05,549.54
TX-0011495,CUST-00673,2026-07-27,503.35
TX-0011496,CUST-00674,2026-08-18,418.71
TX-0011497,CUST-00674,2025-12-01,575.92
TX-0011498,CUST-00674,2026-04-10,447.05
TX-0011499,CUST-00674,2026-01-27,413.8
TX-0011500,CUST-00674,2025-10-23,551.21
TX-0011501,CUST-00674,2026-02-27,393.99
TX-0011502,CUST-00674,2026-02-23,409.48
TX-0011503,CUST-00674,2026-06-05,523.16
TX-0011504,CUST-00674,2026-03-19,402.08
TX-0011505,CUST-00674,2026-01-02,491.41
TX-0011506,CUST-00675,2026-08-05,390.16
TX-0011507,CUST-00675,2026-04-15,569.04
TX-0011508,CUST-00675,2026-01-07,408.36
TX-0011509,CUST-00675,2026-03-08,488.94
TX-0011510,CUST-00675,2026-04-20,427.42
TX-0011511,CUST-00675,2026-06-01,402.63
TX-0011512,CUST-00675,2026-02-24,393.99
TX-0011513,CUST-00675,2026-02-27,548.4
TX-0011514,CUST-00676,2026-08-13,520.12
TX-0011515,CUST-00676,2026-04-05,462.52
TX-0011516,CUST-00676,2026-07-19,487.19
TX-0011517,CUST-00676,2026-04-12,430.4
TX-0011518,CUST-00676,2026-02-07,449.86
TX-0011519,CUST-00676,2026-07-14,513.29
TX-0011520,CUST-00676,2025-11-10,428.91
TX-0011521,CUST-00676,2026-07-13,567.97
TX-0011522,CUST-00677,2026-08-19,418.54
TX-0011523,CUST-00677,2026-07-15,542.98
TX-0011524,CUST-00677,2026-07-08,515.51
TX-0011525,CUST-00677,2025-11-01,521.97
TX-0011526,CUST-00677,2025-12-09,462.53
TX-0011527,CUST-00677,2025-11-23,571.63
TX-0011528,CUST-00677,2025-12-14,538.33
TX-0011529,CUST-00677,2026-02-27,545.15
TX-0011530,CUST-00678,2026-08-13,560.07
TX-0011531,CUST-00678,2026-06-08,579.91
TX-0011532,CUST-00678,2026-01-21,419.18
TX-0011533,CUST-00678,2026-04-17,408.89
TX-0011534,CUST-00678,2025-10-29,554.27
TX-0011535,CUST-00678,2026-05-10,529.74
TX-0011536,CUST-00678,2025-11-01,480.68
TX-0011537,CUST-00678,2026-01-10,557.55
TX-0011538,CUST-00679,2026-08-19,482.47
TX-0011539,CUST-00679,2026-06-13,446.5
TX-0011540,CUST-00679,2025-11-13,466.5
TX-0011541,CUST-00679,2025-12-20,390.68
TX-0011542,CUST-00679,2026-02-27,524.17
TX-0011543,CUST-00679,2026-07-10,549.5
TX-0011544,CUST-00679,2026-03-29,420.38
TX-0011545,CUST-00679,2026-01-07,498.38
TX-0011546,CUST-00679,2026-07-23,457.12
TX-0011547,CUST-00679,2026-05-20,391.49
TX-0011548,CUST-00679,2026-03-12,450.68
TX-0011549,CUST-00679,2026-06-08,407.18
TX-0011550,CUST-00680,2026-08-10,422.5
TX-0011551,CUST-00680,2026-06-06,424.63
TX-0011552,CUST-00680,2026-04-20,472.53
TX-0011553,CUST-00680,2026-04-18,482.74
TX-0011554,CUST-00680,2026-01-18,497.7
TX-0011555,CUST-00680,2026-03-21,476.34
TX-0011556,CUST-00680,2026-04-05,433.16
TX-0011557,CUST-00680,2026-02-26,521.99
TX-0011558,CUST-00680,2026-04-27,549.92
TX-0011559,CUST-00680,2025-12-21,497.23
TX-0011560,CUST-00680,2026-01-27,481.76
TX-0011561,CUST-00680,2026-04-17,565.71
TX-0011562,CUST-00681,2026-08-14,558.6
TX-0011563,CUST-00681,2026-03-31,500.98
TX-0011564,CUST-00681,2026-03-22,469.83
TX-0011565,CUST-00681,2026-05-17,429.01
TX-0011566,CUST-00681,2026-01-02,540.29
TX-0011567,CUST-00681,2026-05-12,381.15
TX-0011568,CUST-00681,2026-06-24,383.89
TX-0011569,CUST-00681,2025-10-25,491.97
TX-0011570,CUST-00681,2026-02-09,477.8
TX-0011571,CUST-00681,2025-11-11,450.34
TX-0011572,CUST-00681,2025-12-08,539.0
TX-0011573,CUST-00681,2026-01-06,475.42
TX-0011574,CUST-00681,2025-11-18,534.93
TX-0011575,CUST-00682,2026-08-04,383.5
TX-0011576,CUST-00682,2026-05-24,544.29
TX-0011577,CUST-00682,2026-02-26,460.72
TX-0011578,CUST-00682,2026-02-15,424.49
TX-0011579,CUST-00682,2026-03-18,548.36
TX-0011580,CUST-00682,2025-12-27,570.67
TX-0011581,CUST-00682,2026-05-17,475.05
TX-0011582,CUST-00682,2025-10-15,482.17
TX-0011583,CUST-00682,2026-04-06,504.28
TX-0011584,CUST-00683,2026-08-10,492.56
TX-0011585,CUST-00683,2026-03-09,424.66
TX-0011586,CUST-00683,2026-01-13,452.47
TX-0011587,CUST-00683,2026-01-07,387.8
TX-0011588,CUST-00683,2026-01-28,520.08
TX-0011589,CUST-00683,2026-05-01,434.37
TX-0011590,CUST-00683,2026-04-27,518.7
TX-0011591,CUST-00683,2026-05-26,572.34
TX-0011592,CUST-00683,2026-07-25,578.14
TX-0011593,CUST-00683,2026-03-18,460.28
TX-0011594,CUST-00683,2026-07-17,395.81
TX-0011595,CUST-00683,2025-12-17,412.54
TX-0011596,CUST-00683,2026-03-15,566.61
TX-0011597,CUST-00684,2026-08-04,516.6
TX-0011598,CUST-00684,2026-06-16,473.2
TX-0011599,CUST-00684,2026-04-24,488.23
TX-0011600,CUST-00684,2026-05-30,524.7
TX-0011601,CUST-00684,2026-02-11,413.32
TX-0011602,CUST-00684,2025-11-10,470.79
TX-0011603,CUST-00684,2026-02-23,506.97
TX-0011604,CUST-00684,2025-10-31,527.59
TX-0011605,CUST-00685,2026-08-12,460.54
TX-0011606,CUST-00685,2025-10-30,472.43
TX-0011607,CUST-00685,2026-04-22,569.24
TX-0011608,CUST-00685,2026-03-10,430.57
TX-0011609,CUST-00685,2026-04-03,535.64
TX-0011610,CUST-00685,2026-03-14,452.87
TX-0011611,CUST-00685,2025-11-18,428.61
TX-0011612,CUST-00685,2026-03-24,386.27
TX-0011613,CUST-00685,2026-01-30,481.65
TX-0011614,CUST-00685,2026-02-06,566.61
TX-0011615,CUST-00685,2026-03-30,407.12
TX-0011616,CUST-00686,2026-08-13,458.64
TX-0011617,CUST-00686,2025-10-28,496.63
TX-0011618,CUST-00686,2026-05-12,490.06
TX-0011619,CUST-00686,2026-01-09,561.61
TX-0011620,CUST-00686,2026-03-31,510.31
TX-0011621,CUST-00686,2025-11-23,425.78
TX-0011622,CUST-00686,2025-12-13,433.93
TX-0011623,CUST-00686,2026-05-31,495.96
TX-0011624,CUST-00686,2026-05-05,393.48
TX-0011625,CUST-00687,2026-08-14,422.41
TX-0011626,CUST-00687,2025-12-13,558.53
TX-0011627,CUST-00687,2026-05-16,574.88
TX-0011628,CUST-00687,2026-01-12,478.47
TX-0011629,CUST-00687,2026-05-28,458.27
TX-0011630,CUST-00687,2026-03-13,416.69
TX-0011631,CUST-00687,2025-12-05,403.99
TX-0011632,CUST-00687,2026-03-30,554.71
TX-0011633,CUST-00687,2026-07-17,439.92
TX-0011634,CUST-00688,2026-08-11,517.05
TX-0011635,CUST-00688,2026-05-26,482.46
TX-0011636,CUST-00688,2025-11-02,453.24
TX-0011637,CUST-00688,2026-06-22,388.15
TX-0011638,CUST-00688,2025-12-22,495.9
TX-0011639,CUST-00688,2026-02-01,545.49
TX-0011640,CUST-00688,2026-03-28,527.64
TX-0011641,CUST-00688,2026-03-11,414.21
TX-0011642,CUST-00689,2026-08-04,545.96
TX-0011643,CUST-00689,2026-06-01,422.49
TX-0011644,CUST-00689,2025-12-23,536.5
TX-0011645,CUST-00689,2025-11-17,555.33
TX-0011646,CUST-00689,2026-01-20,475.14
TX-0011647,CUST-00689,2026-03-20,546.76
TX-0011648,CUST-00689,2026-07-19,495.9
TX-0011649,CUST-00690,2026-08-11,469.23
TX-0011650,CUST-00690,2026-05-21,453.89
TX-0011651,CUST-00690,2025-11-15,513.06
TX-0011652,CUST-00690,2026-06-02,461.15
TX-0011653,CUST-00690,2026-06-19,549.75
TX-0011654,CUST-00690,2026-02-22,559.21
TX-0011655,CUST-00690,2026-07-02,426.51
TX-0011656,CUST-00690,2026-03-24,480.08
TX-0011657,CUST-00690,2026-02-05,460.11
TX-0011658,CUST-00691,2026-08-09,483.88
TX-0011659,CUST-00691,2026-06-13,407.75
TX-0011660,CUST-00691,2025-10-20,505.84
TX-0011661,CUST-00691,2025-12-01,384.0
TX-0011662,CUST-00691,2026-03-20,471.39
TX-0011663,CUST-00691,2026-03-07,524.05
TX-0011664,CUST-00691,2026-07-11,394.94
TX-0011665,CUST-00692,2026-08-15,486.43
TX-0011666,CUST-00692,2025-12-20,529.97
TX-0011667,CUST-00692,2026-06-18,452.8
TX-0011668,CUST-00692,2025-11-11,395.47
TX-0011669,CUST-00692,2025-10-25,398.23
TX-0011670,CUST-00692,2026-03-03,474.16
TX-0011671,CUST-00692,2026-01-26,507.69
TX-0011672,CUST-00692,2026-05-27,425.21
TX-0011673,CUST-00692,2026-06-22,529.82
TX-0011674,CUST-00692,2026-05-09,525.46
TX-0011675,CUST-00692,2026-04-03,508.14
TX-0011676,CUST-00693,2026-08-21,555.9
TX-0011677,CUST-00693,2026-01-16,543.33
TX-0011678,CUST-00693,2026-07-20,381.77
TX-0011679,CUST-00693,2026-03-06,562.67
TX-0011680,CUST-00693,2026-02-08,499.75
TX-0011681,CUST-00693,2026-05-16,418.91
TX-0011682,CUST-00693,2026-03-16,516.99
TX-0011683,CUST-00693,2025-12-30,562.52
TX-0011684,CUST-00693,2026-02-03,561.14
TX-0011685,CUST-00693,2026-05-02,500.78
TX-0011686,CUST-00693,2026-02-02,400.3
TX-0011687,CUST-00693,2026-07-11,394.29
TX-0011688,CUST-00693,2026-03-18,565.43
TX-0011689,CUST-00693,2026-06-24,476.47
TX-0011690,CUST-00694,2026-08-11,444.95
TX-0011691,CUST-00694,2026-04-30,487.55
TX-0011692,CUST-00694,2026-07-27,456.03
TX-0011693,CUST-00694,2026-03-11,475.87
TX-0011694,CUST-00694,2025-12-11,520.19
TX-0011695,CUST-00694,2026-07-26,549.95
TX-0011696,CUST-00694,2026-04-11,408.18
TX-0011697,CUST-00694,2025-12-10,460.21
TX-0011698,CUST-00694,2025-10-26,422.87
TX-0011699,CUST-00694,2026-03-08,414.95
TX-0011700,CUST-00695,2026-08-05,409.85
TX-0011701,CUST-00695,2025-10-24,533.89
TX-0011702,CUST-00695,2025-11-30,465.95
TX-0011703,CUST-00695,2026-03-03,479.74
TX-0011704,CUST-00695,2026-02-16,573.67
TX-0011705,CUST-00695,2026-05-30,534.61
TX-0011706,CUST-00695,2026-06-21,381.13
TX-0011707,CUST-00695,2026-01-23,510.54
TX-0011708,CUST-00695,2026-02-06,530.74
TX-0011709,CUST-00695,2025-10-31,530.77
TX-0011710,CUST-00695,2025-12-25,526.43
TX-0011711,CUST-00695,2026-05-10,578.57
TX-0011712,CUST-00695,2026-07-21,473.68
TX-0011713,CUST-00695,2026-03-25,480.38
TX-0011714,CUST-00696,2026-08-18,498.73
TX-0011715,CUST-00696,2026-07-17,449.92
TX-0011716,CUST-00696,2026-05-27,565.6
TX-0011717,CUST-00696,2026-01-21,565.57
TX-0011718,CUST-00696,2026-03-15,572.43
TX-0011719,CUST-00696,2026-05-31,463.14
TX-0011720,CUST-00696,2026-04-15,563.38
TX-0011721,CUST-00696,2025-12-27,506.58
TX-0011722,CUST-00696,2025-12-29,462.55
TX-0011723,CUST-00696,2026-07-10,461.4
TX-0011724,CUST-00697,2026-08-21,425.59
TX-0011725,CUST-00697,2025-11-04,478.85
TX-0011726,CUST-00697,2026-04-18,402.92
TX-0011727,CUST-00697,2026-02-03,458.18
TX-0011728,CUST-00697,2025-11-14,533.53
TX-0011729,CUST-00697,2026-03-09,405.9
TX-0011730,CUST-00697,2026-02-28,382.15
TX-0011731,CUST-00698,2026-08-18,545.7
TX-0011732,CUST-00698,2026-01-09,448.27
TX-0011733,CUST-00698,2026-06-29,487.19
TX-0011734,CUST-00698,2026-05-27,556.09
TX-0011735,CUST-00698,2025-12-31,573.04
TX-0011736,CUST-00698,2026-01-01,397.78
TX-0011737,CUST-00698,2026-02-08,467.42
TX-0011738,CUST-00698,2025-10-25,425.88
TX-0011739,CUST-00699,2026-08-17,567.71
TX-0011740,CUST-00699,2026-04-06,534.64
TX-0011741,CUST-00699,2026-02-10,481.34
TX-0011742,CUST-00699,2026-04-20,565.76
TX-0011743,CUST-00699,2026-04-12,560.25
TX-0011744,CUST-00699,2025-10-23,466.21
TX-0011745,CUST-00699,2025-12-30,563.14
TX-0011746,CUST-00699,2026-05-13,490.13
TX-0011747,CUST-00699,2026-05-06,390.2
TX-0011748,CUST-00699,2026-06-16,541.85
TX-0011749,CUST-00699,2026-02-06,432.61
TX-0011750,CUST-00699,2025-12-07,555.48
TX-0011751,CUST-00700,2026-08-05,500.3
TX-0011752,CUST-00700,2025-11-11,575.32
TX-0011753,CUST-00700,2026-02-26,554.96
TX-0011754,CUST-00700,2026-06-22,576.22
TX-0011755,CUST-00700,2025-10-30,489.76
TX-0011756,CUST-00700,2025-11-01,532.07
TX-0011757,CUST-00700,2025-12-28,509.51
TX-0011758,CUST-00700,2026-04-19,385.41
TX-0011759,CUST-00700,2026-01-10,435.35
TX-0011760,CUST-00700,2026-01-07,552.62
TX-0011761,CUST-00700,2025-11-24,380.47
TX-0011762,CUST-00700,2026-05-23,514.61
TX-0011763,CUST-00701,2026-08-21,408.34
TX-0011764,CUST-00701,2026-06-20,396.39
TX-0011765,CUST-00701,2026-02-06,498.97
TX-0011766,CUST-00701,2026-04-24,551.72
TX-0011767,CUST-00701,2026-05-09,407.34
TX-0011768,CUST-00701,2026-02-14,539.83
TX-0011769,CUST-00701,2025-10-29,452.08
TX-0011770,CUST-00701,2026-02-08,553.07
TX-0011771,CUST-00701,2026-01-01,562.32
TX-0011772,CUST-00702,2026-08-18,400.26
TX-0011773,CUST-00702,2026-05-31,403.67
TX-0011774,CUST-00702,2025-12-29,552.67
TX-0011775,CUST-00702,2026-07-15,471.4
TX-0011776,CUST-00702,2026-07-18,393.34
TX-0011777,CUST-00702,2026-03-19,499.72
TX-0011778,CUST-00702,2025-11-15,459.92
TX-0011779,CUST-00702,2025-12-05,510.12
TX-0011780,CUST-00702,2026-03-02,557.95
TX-0011781,CUST-00702,2026-04-02,546.48
TX-0011782,CUST-00703,2026-08-19,549.5
TX-0011783,CUST-00703,2026-01-23,566.05
TX-0011784,CUST-00703,2026-08-01,497.99
TX-0011785,CUST-00703,2026-06-15,491.65
TX-0011786,CUST-00703,2026-01-04,513.16
TX-0011787,CUST-00703,2026-05-19,574.6
TX-0011788,CUST-00703,2025-11-03,425.87
TX-0011789,CUST-00703,2025-11-18,465.04
TX-0011790,CUST-00703,2026-05-07,380.11
TX-0011791,CUST-00703,2026-03-03,505.66
TX-0011792,CUST-00703,2026-01-31,553.87
TX-0011793,CUST-00703,2026-03-03,398.83
TX-0011794,CUST-00703,2026-01-28,565.36
TX-0011795,CUST-00703,2026-02-24,434.31
TX-0011796,CUST-00704,2026-08-12,404.18
TX-0011797,CUST-00704,2025-11-04,399.5
TX-0011798,CUST-00704,2026-02-26,504.98
TX-0011799,CUST-00704,2026-02-10,482.19
TX-0011800,CUST-00704,2025-11-06,432.56
TX-0011801,CUST-00704,2026-01-26,578.05
TX-0011802,CUST-00704,2026-07-23,403.71
TX-0011803,CUST-00704,2026-05-17,417.14
TX-0011804,CUST-00704,2026-07-06,467.64
TX-0011805,CUST-00704,2025-12-02,553.07
TX-0011806,CUST-00704,2025-12-07,528.95
TX-0011807,CUST-00704,2025-11-23,381.48
TX-0011808,CUST-00704,2025-11-24,459.3
TX-0011809,CUST-00704,2026-02-01,526.33
TX-0011810,CUST-00705,2026-08-09,483.08
TX-0011811,CUST-00705,2026-06-05,565.24
TX-0011812,CUST-00705,2025-11-12,432.61
TX-0011813,CUST-00705,2026-01-03,571.61
TX-0011814,CUST-00705,2026-07-14,452.13
TX-0011815,CUST-00705,2026-04-06,470.51
TX-0011816,CUST-00705,2026-03-08,541.81
TX-0011817,CUST-00705,2026-03-22,477.25
TX-0011818,CUST-00705,2025-11-25,424.46
TX-0011819,CUST-00706,2026-08-04,500.05
TX-0011820,CUST-00706,2025-11-08,572.11
TX-0011821,CUST-00706,2026-06-28,517.4
TX-0011822,CUST-00706,2025-10-20,412.31
TX-0011823,CUST-00706,2026-04-20,425.09
TX-0011824,CUST-00706,2025-11-10,463.97
TX-0011825,CUST-00706,2025-11-10,454.23
TX-0011826,CUST-00706,2025-12-18,506.07
TX-0011827,CUST-00706,2025-11-04,448.81
TX-0011828,CUST-00706,2026-03-29,461.68
TX-0011829,CUST-00706,2025-12-21,405.27
TX-0011830,CUST-00706,2026-05-16,487.51
TX-0011831,CUST-00706,2026-07-01,536.37
TX-0011832,CUST-00707,2026-08-15,510.1
TX-0011833,CUST-00707,2026-04-13,411.45
TX-0011834,CUST-00707,2026-02-17,456.15
TX-0011835,CUST-00707,2026-06-02,510.33
TX-0011836,CUST-00707,2026-02-12,402.47
TX-0011837,CUST-00707,2026-03-26,499.24
TX-0011838,CUST-00707,2026-03-04,546.74
TX-0011839,CUST-00708,2026-08-09,515.98
TX-0011840,CUST-00708,2025-10-30,449.84
TX-0011841,CUST-00708,2026-05-17,426.34
TX-0011842,CUST-00708,2026-07-09,435.52
TX-0011843,CUST-00708,2026-05-09,407.37
TX-0011844,CUST-00708,2026-04-11,520.52
TX-0011845,CUST-00708,2025-12-09,518.41
TX-0011846,CUST-00708,2026-04-26,481.71
TX-0011847,CUST-00708,2025-12-23,423.35
TX-0011848,CUST-00709,2026-08-13,440.26
TX-0011849,CUST-00709,2026-03-06,431.89
TX-0011850,CUST-00709,2026-07-06,575.91
TX-0011851,CUST-00709,2026-02-26,492.42
TX-0011852,CUST-00709,2026-06-02,381.56
TX-0011853,CUST-00709,2026-06-08,451.32
TX-0011854,CUST-00709,2026-01-23,573.2
TX-0011855,CUST-00709,2026-06-10,440.66
TX-0011856,CUST-00709,2026-01-24,578.03
TX-0011857,CUST-00709,2026-03-14,443.68
TX-0011858,CUST-00709,2025-11-07,506.87
TX-0011859,CUST-00709,2026-03-10,571.49
TX-0011860,CUST-00710,2026-08-17,538.11
TX-0011861,CUST-00710,2026-05-12,435.82
TX-0011862,CUST-00710,2025-12-16,549.54
TX-0011863,CUST-00710,2026-05-06,549.84
TX-0011864,CUST-00710,2025-11-28,523.63
TX-0011865,CUST-00710,2026-01-28,408.48
TX-0011866,CUST-00710,2026-07-19,448.15
TX-0011867,CUST-00711,2026-08-04,440.52
TX-0011868,CUST-00711,2026-05-18,528.44
TX-0011869,CUST-00711,2025-12-27,574.38
TX-0011870,CUST-00711,2025-12-21,460.11
TX-0011871,CUST-00711,2025-12-09,528.24
TX-0011872,CUST-00711,2026-01-22,577.75
TX-0011873,CUST-00711,2025-12-12,436.71
TX-0011874,CUST-00711,2026-02-05,383.05
TX-0011875,CUST-00711,2025-10-18,523.21
TX-0011876,CUST-00711,2026-07-16,542.52
TX-0011877,CUST-00712,2026-08-07,530.29
TX-0011878,CUST-00712,2025-12-26,565.89
TX-0011879,CUST-00712,2026-06-10,562.82
TX-0011880,CUST-00712,2026-04-06,386.19
TX-0011881,CUST-00712,2025-12-17,387.74
TX-0011882,CUST-00712,2026-03-18,547.0
TX-0011883,CUST-00712,2026-05-20,549.52
TX-0011884,CUST-00712,2026-03-30,440.32
TX-0011885,CUST-00713,2026-08-05,546.51
TX-0011886,CUST-00713,2026-03-13,507.3
TX-0011887,CUST-00713,2026-06-12,452.45
TX-0011888,CUST-00713,2026-07-09,491.09
TX-0011889,CUST-00713,2026-02-18,546.13
TX-0011890,CUST-00713,2025-10-27,566.43
TX-0011891,CUST-00713,2026-06-23,424.88
TX-0011892,CUST-00713,2026-03-21,458.43
TX-0011893,CUST-00713,2026-04-28,461.66
TX-0011894,CUST-00713,2026-03-15,388.14
TX-0011895,CUST-00713,2026-07-03,547.67
TX-0011896,CUST-00714,2026-08-05,544.82
TX-0011897,CUST-00714,2025-11-27,441.3
TX-0011898,CUST-00714,2026-04-24,400.15
TX-0011899,CUST-00714,2025-11-03,382.65
TX-0011900,CUST-00714,2026-04-11,547.07
TX-0011901,CUST-00714,2026-03-05,563.99
TX-0011902,CUST-00714,2026-07-04,386.18
TX-0011903,CUST-00715,2026-08-22,533.26
TX-0011904,CUST-00715,2026-02-17,420.98
TX-0011905,CUST-00715,2026-06-03,557.79
TX-0011906,CUST-00715,2026-05-22,554.99
TX-0011907,CUST-00715,2026-01-28,412.8
TX-0011908,CUST-00715,2026-03-16,456.23
TX-0011909,CUST-00715,2026-06-01,514.37
TX-0011910,CUST-00715,2026-01-13,535.99
TX-0011911,CUST-00716,2026-08-20,472.57
TX-0011912,CUST-00716,2025-11-23,539.0
TX-0011913,CUST-00716,2025-12-20,390.33
TX-0011914,CUST-00716,2026-04-25,382.96
TX-0011915,CUST-00716,2025-12-27,523.7
TX-0011916,CUST-00716,2026-07-14,447.66
TX-0011917,CUST-00716,2026-01-27,536.35
TX-0011918,CUST-00716,2026-01-04,508.06
TX-0011919,CUST-00716,2026-03-30,518.8
TX-0011920,CUST-00716,2026-02-01,508.26
TX-0011921,CUST-00716,2025-11-28,449.93
TX-0011922,CUST-00717,2026-08-22,389.09
TX-0011923,CUST-00717,2026-04-04,473.77
TX-0011924,CUST-00717,2026-02-06,472.82
TX-0011925,CUST-00717,2026-06-18,536.85
TX-0011926,CUST-00717,2026-07-02,520.84
TX-0011927,CUST-00717,2026-03-01,565.18
TX-0011928,CUST-00717,2026-01-23,437.44
TX-0011929,CUST-00717,2026-05-25,416.69
TX-0011930,CUST-00717,2026-01-23,488.89
TX-0011931,CUST-00717,2026-06-10,553.78
TX-0011932,CUST-00718,2026-08-21,478.19
TX-0011933,CUST-00718,2025-11-05,485.9
TX-0011934,CUST-00718,2026-05-11,527.68
TX-0011935,CUST-00718,2026-02-03,518.41
TX-0011936,CUST-00718,2026-01-02,501.18
TX-0011937,CUST-00718,2026-05-23,472.04
TX-0011938,CUST-00718,2026-04-01,523.31
TX-0011939,CUST-00718,2026-01-10,455.41
TX-0011940,CUST-00718,2026-04-04,412.73
TX-0011941,CUST-00719,2026-08-17,395.38
TX-0011942,CUST-00719,2026-06-21,578.1
TX-0011943,CUST-00719,2026-06-23,456.6
TX-0011944,CUST-00719,2026-04-06,427.56
TX-0011945,CUST-00719,2026-05-12,444.49
TX-0011946,CUST-00719,2025-12-20,523.67
TX-0011947,CUST-00719,2026-06-13,432.77
TX-0011948,CUST-00719,2026-04-08,400.24
TX-0011949,CUST-00719,2026-04-30,568.25
TX-0011950,CUST-00719,2025-12-15,456.02
TX-0011951,CUST-00719,2025-12-24,472.34
TX-0011952,CUST-00719,2026-04-25,469.92
TX-0011953,CUST-00720,2026-08-07,552.98
TX-0011954,CUST-00720,2026-07-16,477.04
TX-0011955,CUST-00720,2026-05-17,450.23
TX-0011956,CUST-00720,2025-11-07,447.97
TX-0011957,CUST-00720,2025-12-03,575.54
TX-0011958,CUST-00720,2025-10-30,433.58
TX-0011959,CUST-00720,2026-07-19,448.12
TX-0011960,CUST-00720,2025-12-04,419.12
TX-0011961,CUST-00720,2026-01-21,526.39
TX-0011962,CUST-00720,2026-06-17,421.12
TX-0011963,CUST-00720,2026-04-12,480.1
TX-0011964,CUST-00720,2025-12-23,527.89
TX-0011965,CUST-00720,2026-05-25,501.78
TX-0011966,CUST-00720,2026-05-07,463.08
TX-0011967,CUST-00721,2026-08-08,435.4
TX-0011968,CUST-00721,2026-06-05,444.64
TX-0011969,CUST-00721,2026-02-04,421.52
TX-0011970,CUST-00721,2026-03-21,388.51
TX-0011971,CUST-00721,2026-01-08,384.36
TX-0011972,CUST-00721,2025-12-16,574.16
TX-0011973,CUST-00721,2026-04-16,381.32
TX-0011974,CUST-00721,2026-01-13,556.92
TX-0011975,CUST-00722,2026-08-11,467.0
TX-0011976,CUST-00722,2025-12-07,450.84
TX-0011977,CUST-00722,2025-12-10,511.04
TX-0011978,CUST-00722,2026-04-03,491.24
TX-0011979,CUST-00722,2026-07-07,435.56
TX-0011980,CUST-00722,2026-04-24,396.44
TX-0011981,CUST-00722,2026-07-17,536.27
TX-0011982,CUST-00722,2026-04-19,575.0
TX-0011983,CUST-00722,2026-01-28,431.95
TX-0011984,CUST-00723,2026-08-13,518.79
TX-0011985,CUST-00723,2026-05-03,541.67
TX-0011986,CUST-00723,2026-07-12,477.4
TX-0011987,CUST-00723,2026-04-16,528.95
TX-0011988,CUST-00723,2026-01-18,418.29
TX-0011989,CUST-00723,2026-02-09,526.72
TX-0011990,CUST-00723,2025-12-14,433.85
TX-0011991,CUST-00723,2026-01-24,527.05
TX-0011992,CUST-00724,2026-08-10,444.78
TX-0011993,CUST-00724,2026-03-17,461.26
TX-0011994,CUST-00724,2025-12-17,493.5
TX-0011995,CUST-00724,2025-11-10,469.91
TX-0011996,CUST-00724,2026-04-27,380.81
TX-0011997,CUST-00724,2025-10-19,384.04
TX-0011998,CUST-00724,2026-05-19,403.34
TX-0011999,CUST-00725,2026-08-17,500.55
TX-0012000,CUST-00725,2025-12-16,501.09
TX-0012001,CUST-00725,2026-07-21,498.79
TX-0012002,CUST-00725,2026-06-05,409.16
TX-0012003,CUST-00725,2026-04-17,577.94
TX-0012004,CUST-00725,2026-05-07,484.4
TX-0012005,CUST-00725,2026-07-24,449.53
TX-0012006,CUST-00726,2026-08-20,424.92
TX-0012007,CUST-00726,2026-02-05,572.89
TX-0012008,CUST-00726,2026-04-06,384.22
TX-0012009,CUST-00726,2026-03-19,488.11
TX-0012010,CUST-00726,2026-01-25,471.2
TX-0012011,CUST-00726,2026-03-23,565.63
TX-0012012,CUST-00726,2025-11-21,407.79
TX-0012013,CUST-00726,2026-06-06,395.99
TX-0012014,CUST-00726,2026-05-08,501.63
TX-0012015,CUST-00726,2026-03-15,500.32
TX-0012016,CUST-00726,2026-05-20,570.22
TX-0012017,CUST-00726,2026-03-11,441.47
TX-0012018,CUST-00727,2026-08-07,399.69
TX-0012019,CUST-00727,2025-11-28,426.51
TX-0012020,CUST-00727,2026-05-07,423.04
TX-0012021,CUST-00727,2025-11-03,450.22
TX-0012022,CUST-00727,2026-05-13,547.29
TX-0012023,CUST-00727,2026-03-09,471.44
TX-0012024,CUST-00727,2026-01-16,560.68
TX-0012025,CUST-00727,2026-03-20,528.97
TX-0012026,CUST-00727,2026-07-10,464.88
TX-0012027,CUST-00727,2026-06-24,390.62
TX-0012028,CUST-00727,2026-02-19,421.65
TX-0012029,CUST-00728,2026-08-09,470.82
TX-0012030,CUST-00728,2026-04-10,400.38
TX-0012031,CUST-00728,2026-01-05,504.61
TX-0012032,CUST-00728,2025-12-09,504.94
TX-0012033,CUST-00728,2026-06-22,576.92
TX-0012034,CUST-00728,2026-07-21,383.13
TX-0012035,CUST-00728,2026-05-10,480.0
TX-0012036,CUST-00728,2026-05-11,517.3
TX-0012037,CUST-00728,2026-06-10,538.64
TX-0012038,CUST-00728,2026-06-26,563.47
TX-0012039,CUST-00728,2026-04-27,385.98
TX-0012040,CUST-00728,2026-01-10,456.9
TX-0012041,CUST-00728,2026-05-24,513.49
TX-0012042,CUST-00728,2026-06-28,567.42
TX-0012043,CUST-00729,2026-08-11,483.88
TX-0012044,CUST-00729,2025-11-15,481.92
TX-0012045,CUST-00729,2026-01-28,496.01
TX-0012046,CUST-00729,2026-02-19,488.71
TX-0012047,CUST-00729,2026-02-10,551.73
TX-0012048,CUST-00729,2026-05-07,502.21
TX-0012049,CUST-00729,2026-06-02,562.78
TX-0012050,CUST-00729,2026-01-15,423.19
TX-0012051,CUST-00729,2026-06-10,579.41
TX-0012052,CUST-00729,2025-10-19,422.68
TX-0012053,CUST-00729,2026-06-29,492.4
TX-0012054,CUST-00729,2026-07-21,545.44
TX-0012055,CUST-00729,2026-07-10,478.02
TX-0012056,CUST-00729,2026-03-30,393.7
TX-0012057,CUST-00730,2026-08-14,407.43
TX-0012058,CUST-00730,2026-04-23,566.2
TX-0012059,CUST-00730,2026-01-21,506.98
TX-0012060,CUST-00730,2025-12-02,561.19
TX-0012061,CUST-00730,2025-10-28,566.04
TX-0012062,CUST-00730,2025-12-29,441.39
TX-0012063,CUST-00730,2025-12-28,545.79
TX-0012064,CUST-00730,2026-03-04,434.33
TX-0012065,CUST-00731,2026-08-12,440.24
TX-0012066,CUST-00731,2026-03-24,473.24
TX-0012067,CUST-00731,2025-12-18,476.97
TX-0012068,CUST-00731,2026-04-29,433.57
TX-0012069,CUST-00731,2026-07-04,551.15
TX-0012070,CUST-00731,2025-12-27,463.47
TX-0012071,CUST-00731,2026-03-25,532.74
TX-0012072,CUST-00731,2026-05-13,549.95
TX-0012073,CUST-00731,2026-03-05,506.47
TX-0012074,CUST-00731,2025-12-28,427.83
TX-0012075,CUST-00732,2026-08-05,523.92
TX-0012076,CUST-00732,2026-02-10,402.84
TX-0012077,CUST-00732,2026-04-30,507.38
TX-0012078,CUST-00732,2026-04-07,470.01
TX-0012079,CUST-00732,2025-10-14,516.43
TX-0012080,CUST-00732,2025-12-07,449.87
TX-0012081,CUST-00732,2026-01-19,554.65
TX-0012082,CUST-00733,2026-08-18,410.25
TX-0012083,CUST-00733,2026-02-24,437.85
TX-0012084,CUST-00733,2026-05-13,559.08
TX-0012085,CUST-00733,2026-07-31,563.12
TX-0012086,CUST-00733,2026-07-12,445.68
TX-0012087,CUST-00733,2026-01-17,398.34
TX-0012088,CUST-00733,2026-02-22,508.25
TX-0012089,CUST-00733,2025-11-17,491.04
TX-0012090,CUST-00733,2026-06-22,452.42
TX-0012091,CUST-00733,2025-12-20,522.55
TX-0012092,CUST-00733,2025-12-24,403.54
TX-0012093,CUST-00733,2026-01-26,512.93
TX-0012094,CUST-00733,2026-05-16,530.38
TX-0012095,CUST-00734,2026-08-16,572.01
TX-0012096,CUST-00734,2026-04-09,494.69
TX-0012097,CUST-00734,2026-07-11,481.7
TX-0012098,CUST-00734,2025-10-24,425.91
TX-0012099,CUST-00734,2025-12-10,459.59
TX-0012100,CUST-00734,2025-12-28,522.62
TX-0012101,CUST-00734,2026-03-09,573.34
TX-0012102,CUST-00734,2026-01-27,442.62
TX-0012103,CUST-00734,2026-01-20,459.53
TX-0012104,CUST-00734,2026-07-07,564.74
TX-0012105,CUST-00734,2026-06-02,405.73
TX-0012106,CUST-00734,2026-02-27,460.28
TX-0012107,CUST-00734,2026-05-08,406.84
TX-0012108,CUST-00735,2026-08-17,386.25
TX-0012109,CUST-00735,2026-02-03,573.2
TX-0012110,CUST-00735,2026-06-16,561.82
TX-0012111,CUST-00735,2026-07-09,553.67
TX-0012112,CUST-00735,2025-12-31,445.71
TX-0012113,CUST-00735,2026-07-14,441.22
TX-0012114,CUST-00735,2026-01-12,541.78
TX-0012115,CUST-00736,2026-08-10,523.84
TX-0012116,CUST-00736,2026-05-20,521.56
TX-0012117,CUST-00736,2025-10-20,528.57
TX-0012118,CUST-00736,2026-02-22,543.79
TX-0012119,CUST-00736,2025-12-12,508.27
TX-0012120,CUST-00736,2026-06-21,542.05
TX-0012121,CUST-00736,2026-05-30,444.75
TX-0012122,CUST-00737,2026-08-09,447.18
TX-0012123,CUST-00737,2026-01-14,412.34
TX-0012124,CUST-00737,2026-07-21,518.99
TX-0012125,CUST-00737,2025-11-26,547.65
TX-0012126,CUST-00737,2026-04-07,505.3
TX-0012127,CUST-00737,2026-05-22,443.24
TX-0012128,CUST-00737,2026-02-26,530.93
TX-0012129,CUST-00737,2026-03-30,526.5
TX-0012130,CUST-00738,2026-08-05,381.26
TX-0012131,CUST-00738,2025-12-03,500.7
TX-0012132,CUST-00738,2026-01-31,505.51
TX-0012133,CUST-00738,2026-04-20,433.64
TX-0012134,CUST-00738,2025-12-02,477.49
TX-0012135,CUST-00738,2026-04-28,532.48
TX-0012136,CUST-00738,2026-01-28,463.21
TX-0012137,CUST-00738,2026-07-18,515.93
TX-0012138,CUST-00738,2026-02-08,482.14
TX-0012139,CUST-00739,2026-08-17,397.19
TX-0012140,CUST-00739,2026-04-10,562.05
TX-0012141,CUST-00739,2026-04-29,424.94
TX-0012142,CUST-00739,2026-06-12,534.36
TX-0012143,CUST-00739,2026-05-29,579.15
TX-0012144,CUST-00739,2026-04-09,464.1
TX-0012145,CUST-00739,2026-05-10,392.41
TX-0012146,CUST-00739,2026-02-07,388.36
TX-0012147,CUST-00739,2026-07-06,381.01
TX-0012148,CUST-00739,2026-04-30,445.42
TX-0012149,CUST-00739,2026-05-06,466.02
TX-0012150,CUST-00739,2026-03-18,426.58
TX-0012151,CUST-00740,2026-08-21,416.43
TX-0012152,CUST-00740,2026-07-17,443.32
TX-0012153,CUST-00740,2026-02-13,409.6
TX-0012154,CUST-00740,2026-04-24,564.44
TX-0012155,CUST-00740,2026-05-31,432.32
TX-0012156,CUST-00740,2026-06-20,512.96
TX-0012157,CUST-00740,2026-03-15,478.18
TX-0012158,CUST-00740,2026-07-24,537.56
TX-0012159,CUST-00740,2026-07-06,523.07
TX-0012160,CUST-00741,2026-08-04,496.85
TX-0012161,CUST-00741,2025-10-26,517.2
TX-0012162,CUST-00741,2025-12-30,461.9
TX-0012163,CUST-00741,2025-11-09,490.56
TX-0012164,CUST-00741,2026-04-14,445.11
TX-0012165,CUST-00741,2026-07-18,497.29
TX-0012166,CUST-00741,2026-04-29,485.09
TX-0012167,CUST-00741,2025-12-01,417.4
TX-0012168,CUST-00741,2026-05-21,543.08
TX-0012169,CUST-00741,2026-07-16,497.46
TX-0012170,CUST-00741,2026-06-17,459.37
TX-0012171,CUST-00741,2026-04-17,466.66
TX-0012172,CUST-00742,2026-08-06,416.69
TX-0012173,CUST-00742,2025-11-13,541.02
TX-0012174,CUST-00742,2026-05-19,527.39
TX-0012175,CUST-00742,2026-06-14,522.27
TX-0012176,CUST-00742,2026-07-13,556.21
TX-0012177,CUST-00742,2026-01-07,537.87
TX-0012178,CUST-00742,2025-12-08,541.84
TX-0012179,CUST-00742,2025-12-19,496.51
TX-0012180,CUST-00743,2026-08-04,394.47
TX-0012181,CUST-00743,2026-05-30,520.83
TX-0012182,CUST-00743,2026-06-16,438.79
TX-0012183,CUST-00743,2026-01-28,458.34
TX-0012184,CUST-00743,2025-11-25,446.7
TX-0012185,CUST-00743,2025-11-08,408.41
TX-0012186,CUST-00743,2026-07-18,417.8
TX-0012187,CUST-00743,2026-01-11,536.52
TX-0012188,CUST-00743,2026-06-02,546.44
TX-0012189,CUST-00744,2026-08-18,501.91
TX-0012190,CUST-00744,2025-11-25,544.64
TX-0012191,CUST-00744,2026-06-12,393.7
TX-0012192,CUST-00744,2026-04-24,484.97
TX-0012193,CUST-00744,2026-01-13,495.39
TX-0012194,CUST-00744,2026-07-06,487.73
TX-0012195,CUST-00744,2026-01-01,513.1
TX-0012196,CUST-00744,2026-04-22,480.15
TX-0012197,CUST-00744,2025-12-04,438.51
TX-0012198,CUST-00744,2025-11-28,499.84
TX-0012199,CUST-00744,2025-11-26,490.25
TX-0012200,CUST-00744,2025-11-07,512.99
TX-0012201,CUST-00744,2025-12-08,435.96
TX-0012202,CUST-00744,2026-02-02,572.32
TX-0012203,CUST-00745,2026-08-08,505.32
TX-0012204,CUST-00745,2026-02-21,411.37
TX-0012205,CUST-00745,2025-12-04,508.14
TX-0012206,CUST-00745,2025-11-29,567.4
TX-0012207,CUST-00745,2026-01-15,383.44
TX-0012208,CUST-00745,2026-01-14,482.07
TX-0012209,CUST-00745,2025-11-09,426.46
TX-0012210,CUST-00746,2026-08-05,523.98
TX-0012211,CUST-00746,2026-06-13,480.5
TX-0012212,CUST-00746,2026-07-08,435.98
TX-0012213,CUST-00746,2026-05-21,445.35
TX-0012214,CUST-00746,2026-01-12,474.32
TX-0012215,CUST-00746,2026-02-03,477.44
TX-0012216,CUST-00746,2025-12-04,435.68
TX-0012217,CUST-00747,2026-08-18,453.51
TX-0012218,CUST-00747,2026-04-30,463.67
TX-0012219,CUST-00747,2026-02-26,519.13
TX-0012220,CUST-00747,2026-03-29,569.04
TX-0012221,CUST-00747,2026-05-19,400.75
TX-0012222,CUST-00747,2026-06-30,465.76
TX-0012223,CUST-00747,2026-03-01,425.6
TX-0012224,CUST-00747,2026-01-13,558.1
TX-0012225,CUST-00747,2025-12-19,478.73
TX-0012226,CUST-00747,2026-06-23,470.01
TX-0012227,CUST-00747,2026-07-23,487.38
TX-0012228,CUST-00747,2026-04-08,499.15
TX-0012229,CUST-00748,2026-08-06,411.48
TX-0012230,CUST-00748,2026-03-02,416.01
TX-0012231,CUST-00748,2026-05-20,411.97
TX-0012232,CUST-00748,2025-10-28,538.68
TX-0012233,CUST-00748,2025-12-20,544.95
TX-0012234,CUST-00748,2025-11-25,399.13
TX-0012235,CUST-00748,2026-01-17,520.44
TX-0012236,CUST-00748,2026-01-03,424.96
TX-0012237,CUST-00748,2026-06-10,478.13
TX-0012238,CUST-00748,2026-01-15,559.47
TX-0012239,CUST-00749,2026-08-21,558.44
TX-0012240,CUST-00749,2025-12-12,564.48
TX-0012241,CUST-00749,2025-11-16,380.97
TX-0012242,CUST-00749,2026-05-29,424.2
TX-0012243,CUST-00749,2026-01-21,444.35
TX-0012244,CUST-00749,2026-01-19,392.22
TX-0012245,CUST-00749,2026-01-01,385.72
TX-0012246,CUST-00750,2026-08-08,569.52
TX-0012247,CUST-00750,2026-03-20,468.05
TX-0012248,CUST-00750,2025-11-07,461.8
TX-0012249,CUST-00750,2026-04-26,449.34
TX-0012250,CUST-00750,2026-06-24,451.62
TX-0012251,CUST-00750,2026-06-09,447.4
TX-0012252,CUST-00750,2025-11-25,563.98
TX-0012253,CUST-00750,2025-11-04,384.39
TX-0012254,CUST-00750,2026-06-26,508.65
TX-0012255,CUST-00750,2026-03-30,476.95
TX-0012256,CUST-00751,2026-08-17,424.93
TX-0012257,CUST-00751,2026-05-20,485.09
TX-0012258,CUST-00751,2026-03-25,383.5
TX-0012259,CUST-00751,2026-01-04,440.08
TX-0012260,CUST-00751,2026-07-29,465.37
TX-0012261,CUST-00751,2026-03-05,422.27
TX-0012262,CUST-00751,2025-12-14,556.74
TX-0012263,CUST-00751,2026-01-20,554.06
TX-0012264,CUST-00751,2025-11-25,475.09
TX-0012265,CUST-00751,2026-04-01,427.43
TX-0012266,CUST-00752,2026-08-05,498.63
TX-0012267,CUST-00752,2025-10-23,463.98
TX-0012268,CUST-00752,2026-06-10,434.62
TX-0012269,CUST-00752,2026-01-13,382.85
TX-0012270,CUST-00752,2026-04-22,496.15
TX-0012271,CUST-00752,2026-02-13,571.14
TX-0012272,CUST-00752,2026-06-01,391.09
TX-0012273,CUST-00752,2025-12-28,439.26
TX-0012274,CUST-00752,2026-06-07,519.1
TX-0012275,CUST-00752,2026-07-12,381.15
TX-0012276,CUST-00752,2025-10-15,551.13
TX-0012277,CUST-00753,2026-08-21,564.19
TX-0012278,CUST-00753,2026-05-15,505.61
TX-0012279,CUST-00753,2025-10-27,435.66
TX-0012280,CUST-00753,2025-12-05,579.38
TX-0012281,CUST-00753,2026-06-16,450.68
TX-0012282,CUST-00753,2025-11-09,567.06
TX-0012283,CUST-00753,2026-04-23,421.97
TX-0012284,CUST-00753,2026-06-03,391.9
TX-0012285,CUST-00753,2026-06-25,451.04
TX-0012286,CUST-00753,2026-08-03,464.25
TX-0012287,CUST-00754,2026-08-12,382.68
TX-0012288,CUST-00754,2025-12-09,548.22
TX-0012289,CUST-00754,2026-03-16,495.45
TX-0012290,CUST-00754,2025-12-25,531.4
TX-0012291,CUST-00754,2026-07-18,560.64
TX-0012292,CUST-00754,2026-07-02,494.3
TX-0012293,CUST-00754,2025-11-22,561.81
TX-0012294,CUST-00754,2026-01-05,399.32
TX-0012295,CUST-00754,2026-01-06,502.79
TX-0012296,CUST-00754,2025-12-13,434.97
TX-0012297,CUST-00754,2026-07-15,506.5
TX-0012298,CUST-00754,2025-12-01,484.77
TX-0012299,CUST-00754,2026-01-14,418.84
TX-0012300,CUST-00754,2026-02-22,497.6
TX-0012301,CUST-00755,2026-08-06,515.92
TX-0012302,CUST-00755,2025-12-01,466.67
TX-0012303,CUST-00755,2025-11-14,538.33
TX-0012304,CUST-00755,2026-04-18,540.95
TX-0012305,CUST-00755,2026-02-23,419.27
TX-0012306,CUST-00755,2026-07-14,524.88
TX-0012307,CUST-00755,2026-07-03,483.51
TX-0012308,CUST-00755,2025-12-08,390.6
TX-0012309,CUST-00755,2026-02-22,517.18
TX-0012310,CUST-00755,2025-10-25,463.84
TX-0012311,CUST-00756,2026-08-15,440.37
TX-0012312,CUST-00756,2026-06-27,468.85
TX-0012313,CUST-00756,2026-07-28,552.71
TX-0012314,CUST-00756,2025-11-18,570.72
TX-0012315,CUST-00756,2026-06-27,400.05
TX-0012316,CUST-00756,2026-05-08,472.58
TX-0012317,CUST-00756,2026-03-09,508.35
TX-0012318,CUST-00757,2026-08-09,479.17
TX-0012319,CUST-00757,2025-12-13,491.32
TX-0012320,CUST-00757,2025-12-06,572.11
TX-0012321,CUST-00757,2026-05-18,540.75
TX-0012322,CUST-00757,2026-05-15,522.36
TX-0012323,CUST-00757,2026-06-16,565.3
TX-0012324,CUST-00757,2026-05-09,551.07
TX-0012325,CUST-00757,2025-12-15,405.35
TX-0012326,CUST-00757,2026-01-24,407.93
TX-0012327,CUST-00757,2026-01-12,401.45
TX-0012328,CUST-00757,2025-12-01,402.66
TX-0012329,CUST-00757,2026-04-02,381.08
TX-0012330,CUST-00758,2026-08-09,488.04
TX-0012331,CUST-00758,2026-04-27,395.63
TX-0012332,CUST-00758,2026-02-21,390.82
TX-0012333,CUST-00758,2026-07-21,394.14
TX-0012334,CUST-00758,2026-03-09,479.96
TX-0012335,CUST-00758,2026-07-15,447.8
TX-0012336,CUST-00758,2026-01-29,457.47
TX-0012337,CUST-00758,2025-12-20,497.39
TX-0012338,CUST-00758,2026-04-17,522.99
TX-0012339,CUST-00758,2026-01-29,495.86
TX-0012340,CUST-00758,2026-06-10,517.25
TX-0012341,CUST-00758,2026-02-26,536.79
TX-0012342,CUST-00759,2026-08-21,538.09
TX-0012343,CUST-00759,2026-02-14,402.93
TX-0012344,CUST-00759,2026-04-21,560.33
TX-0012345,CUST-00759,2026-04-10,527.57
TX-0012346,CUST-00759,2025-11-25,559.81
TX-0012347,CUST-00759,2025-10-28,496.79
TX-0012348,CUST-00759,2026-01-05,520.85
TX-0012349,CUST-00759,2026-05-27,438.01
TX-0012350,CUST-00759,2026-08-01,550.15
TX-0012351,CUST-00759,2026-04-15,544.49
TX-0012352,CUST-00759,2025-12-10,390.12
TX-0012353,CUST-00759,2026-06-05,414.02
TX-0012354,CUST-00760,2026-08-20,396.11
TX-0012355,CUST-00760,2026-02-02,448.77
TX-0012356,CUST-00760,2025-10-28,538.84
TX-0012357,CUST-00760,2026-05-10,532.12
TX-0012358,CUST-00760,2026-06-28,452.91
TX-0012359,CUST-00760,2026-01-10,516.12
TX-0012360,CUST-00760,2026-07-30,466.8
TX-0012361,CUST-00760,2025-12-23,565.72
TX-0012362,CUST-00760,2026-07-13,561.25
TX-0012363,CUST-00760,2026-01-18,418.9
TX-0012364,CUST-00760,2026-06-13,419.09
TX-0012365,CUST-00761,2026-08-09,500.75
TX-0012366,CUST-00761,2026-06-16,530.16
TX-0012367,CUST-00761,2026-04-12,554.65
TX-0012368,CUST-00761,2026-06-21,496.39
TX-0012369,CUST-00761,2026-02-05,530.46
TX-0012370,CUST-00761,2026-05-02,534.73
TX-0012371,CUST-00761,2026-01-12,403.78
TX-0012372,CUST-00761,2026-06-15,553.35
TX-0012373,CUST-00761,2026-05-12,579.24
TX-0012374,CUST-00761,2025-12-11,457.1
TX-0012375,CUST-00761,2026-06-21,443.22
TX-0012376,CUST-00761,2026-05-23,494.71
TX-0012377,CUST-00761,2026-04-05,545.74
TX-0012378,CUST-00761,2026-02-10,516.44
TX-0012379,CUST-00762,2026-08-18,537.51
TX-0012380,CUST-00762,2026-03-03,558.25
TX-0012381,CUST-00762,2026-04-24,458.99
TX-0012382,CUST-00762,2025-11-13,387.19
TX-0012383,CUST-00762,2026-07-15,515.34
TX-0012384,CUST-00762,2025-12-24,465.03
TX-0012385,CUST-00762,2026-02-25,382.19
TX-0012386,CUST-00762,2026-01-20,448.51
TX-0012387,CUST-00763,2026-08-13,411.42
TX-0012388,CUST-00763,2026-02-06,533.83
TX-0012389,CUST-00763,2026-06-06,476.82
TX-0012390,CUST-00763,2025-11-04,574.08
TX-0012391,CUST-00763,2025-12-25,489.44
TX-0012392,CUST-00763,2026-06-12,485.66
TX-0012393,CUST-00763,2026-06-12,469.28
TX-0012394,CUST-00763,2026-03-24,408.98
TX-0012395,CUST-00764,2026-08-21,501.32
TX-0012396,CUST-00764,2026-07-06,418.71
TX-0012397,CUST-00764,2026-03-01,409.87
TX-0012398,CUST-00764,2025-12-02,404.4
TX-0012399,CUST-00764,2026-04-30,521.13
TX-0012400,CUST-00764,2026-04-10,495.82
TX-0012401,CUST-00764,2026-07-11,384.67
TX-0012402,CUST-00764,2026-08-06,543.45
TX-0012403,CUST-00765,2026-08-04,394.26
TX-0012404,CUST-00765,2025-11-11,448.69
TX-0012405,CUST-00765,2026-02-26,407.1
TX-0012406,CUST-00765,2026-03-18,489.27
TX-0012407,CUST-00765,2026-02-20,500.57
TX-0012408,CUST-00765,2025-10-15,542.05
TX-0012409,CUST-00765,2026-03-25,557.71
TX-0012410,CUST-00765,2026-01-02,474.93
TX-0012411,CUST-00765,2026-03-12,511.14
TX-0012412,CUST-00765,2026-07-20,503.5
TX-0012413,CUST-00766,2026-08-22,568.54
TX-0012414,CUST-00766,2025-11-01,436.26
TX-0012415,CUST-00766,2026-02-12,491.72
TX-0012416,CUST-00766,2025-12-31,564.09
TX-0012417,CUST-00766,2026-03-03,497.18
TX-0012418,CUST-00766,2026-08-02,516.14
TX-0012419,CUST-00766,2026-06-27,398.62
TX-0012420,CUST-00766,2026-01-28,497.49
TX-0012421,CUST-00766,2026-02-01,508.13
TX-0012422,CUST-00766,2026-06-15,478.72
TX-0012423,CUST-00766,2026-01-07,503.59
TX-0012424,CUST-00767,2026-08-17,424.54
TX-0012425,CUST-00767,2026-06-12,551.6
TX-0012426,CUST-00767,2026-04-19,472.91
TX-0012427,CUST-00767,2026-01-26,482.98
TX-0012428,CUST-00767,2026-02-18,546.83
TX-0012429,CUST-00767,2026-03-11,398.67
TX-0012430,CUST-00767,2026-04-30,419.6
TX-0012431,CUST-00768,2026-08-22,512.65
TX-0012432,CUST-00768,2025-12-14,531.84
TX-0012433,CUST-00768,2026-05-02,523.0
TX-0012434,CUST-00768,2025-12-16,577.39
TX-0012435,CUST-00768,2026-02-12,510.69
TX-0012436,CUST-00768,2026-05-28,400.28
TX-0012437,CUST-00768,2026-04-26,497.95
TX-0012438,CUST-00768,2025-12-31,492.31
TX-0012439,CUST-00768,2026-03-05,440.71
TX-0012440,CUST-00768,2026-01-14,469.59
TX-0012441,CUST-00768,2026-06-01,437.32
TX-0012442,CUST-00769,2026-08-07,436.69
TX-0012443,CUST-00769,2026-02-09,445.72
TX-0012444,CUST-00769,2025-11-08,494.33
TX-0012445,CUST-00769,2026-03-25,412.1
TX-0012446,CUST-00769,2026-07-12,502.09
TX-0012447,CUST-00769,2026-01-08,380.02
TX-0012448,CUST-00769,2026-02-01,487.37
TX-0012449,CUST-00769,2026-02-09,446.41
TX-0012450,CUST-00769,2025-11-12,447.75
TX-0012451,CUST-00769,2026-04-24,469.07
TX-0012452,CUST-00770,2026-08-22,473.81
TX-0012453,CUST-00770,2026-06-03,578.73
TX-0012454,CUST-00770,2026-04-22,519.85
TX-0012455,CUST-00770,2025-12-13,489.79
TX-0012456,CUST-00770,2026-01-02,557.67
TX-0012457,CUST-00770,2025-11-03,482.34
TX-0012458,CUST-00770,2026-03-20,568.54
TX-0012459,CUST-00770,2025-12-16,566.73
TX-0012460,CUST-00770,2025-10-27,411.3
TX-0012461,CUST-00770,2026-02-15,380.71
TX-0012462,CUST-00770,2026-04-05,526.67
TX-0012463,CUST-00770,2025-11-19,394.57
TX-0012464,CUST-00770,2026-04-23,496.29
TX-0012465,CUST-00771,2026-08-14,526.23
TX-0012466,CUST-00771,2026-07-29,425.91
TX-0012467,CUST-00771,2025-12-03,449.65
TX-0012468,CUST-00771,2026-03-15,499.73
TX-0012469,CUST-00771,2026-02-25,439.29
TX-0012470,CUST-00771,2025-10-26,467.81
TX-0012471,CUST-00771,2025-12-01,489.67
TX-0012472,CUST-00771,2026-03-10,391.12
TX-0012473,CUST-00772,2026-08-09,477.21
TX-0012474,CUST-00772,2026-06-04,473.71
TX-0012475,CUST-00772,2025-11-14,477.3
TX-0012476,CUST-00772,2026-07-17,434.48
TX-0012477,CUST-00772,2026-07-22,390.15
TX-0012478,CUST-00772,2026-03-29,504.27
TX-0012479,CUST-00772,2025-12-27,510.81
TX-0012480,CUST-00773,2026-08-21,512.3
TX-0012481,CUST-00773,2026-07-04,486.24
TX-0012482,CUST-00773,2026-06-06,546.68
TX-0012483,CUST-00773,2026-06-09,404.07
TX-0012484,CUST-00773,2026-06-24,452.4
TX-0012485,CUST-00773,2026-02-06,477.19
TX-0012486,CUST-00773,2026-04-14,399.72
TX-0012487,CUST-00773,2026-07-17,515.54
TX-0012488,CUST-00773,2026-05-23,439.39
TX-0012489,CUST-00773,2026-01-28,438.98
TX-0012490,CUST-00773,2026-02-05,442.96
TX-0012491,CUST-00773,2026-06-08,576.74
TX-0012492,CUST-00774,2026-08-15,405.45
TX-0012493,CUST-00774,2026-04-23,547.26
TX-0012494,CUST-00774,2026-06-22,436.14
TX-0012495,CUST-00774,2026-02-16,432.56
TX-0012496,CUST-00774,2026-01-14,462.24
TX-0012497,CUST-00774,2025-12-04,548.12
TX-0012498,CUST-00774,2025-12-30,486.22
TX-0012499,CUST-00775,2026-08-04,538.48
TX-0012500,CUST-00775,2026-03-20,553.2
TX-0012501,CUST-00775,2025-11-24,390.34
TX-0012502,CUST-00775,2026-05-18,519.59
TX-0012503,CUST-00775,2026-01-01,568.62
TX-0012504,CUST-00775,2026-07-04,432.7
TX-0012505,CUST-00775,2025-12-08,517.82
TX-0012506,CUST-00775,2026-05-09,555.75
TX-0012507,CUST-00776,2026-08-09,451.92
TX-0012508,CUST-00776,2025-11-25,411.52
TX-0012509,CUST-00776,2026-06-16,452.67
TX-0012510,CUST-00776,2025-12-05,406.33
TX-0012511,CUST-00776,2025-10-18,507.59
TX-0012512,CUST-00776,2025-10-17,559.0
TX-0012513,CUST-00776,2026-02-20,514.24
TX-0012514,CUST-00776,2025-12-12,403.3
TX-0012515,CUST-00776,2026-05-03,479.77
TX-0012516,CUST-00776,2026-02-24,536.54
TX-0012517,CUST-00776,2025-12-17,436.52
TX-0012518,CUST-00777,2026-08-20,478.52
TX-0012519,CUST-00777,2026-01-19,548.46
TX-0012520,CUST-00777,2026-06-17,476.3
TX-0012521,CUST-00777,2025-12-07,481.57
TX-0012522,CUST-00777,2026-06-07,536.54
TX-0012523,CUST-00777,2026-01-12,433.22
TX-0012524,CUST-00777,2025-11-14,441.88
TX-0012525,CUST-00777,2025-11-22,426.2
TX-0012526,CUST-00777,2025-11-16,519.5
TX-0012527,CUST-00777,2026-06-25,531.03
TX-0012528,CUST-00777,2026-01-31,424.66
TX-0012529,CUST-00777,2026-02-17,492.85
TX-0012530,CUST-00777,2026-04-19,420.7
TX-0012531,CUST-00778,2026-08-13,516.11
TX-0012532,CUST-00778,2025-11-21,578.53
TX-0012533,CUST-00778,2025-12-24,536.91
TX-0012534,CUST-00778,2026-01-27,492.64
TX-0012535,CUST-00778,2025-10-23,567.49
TX-0012536,CUST-00778,2026-03-01,460.53
TX-0012537,CUST-00778,2026-03-06,546.9
TX-0012538,CUST-00778,2025-11-04,475.78
TX-0012539,CUST-00778,2025-10-18,407.45
TX-0012540,CUST-00779,2026-08-11,454.73
TX-0012541,CUST-00779,2025-12-28,529.58
TX-0012542,CUST-00779,2026-02-18,486.21
TX-0012543,CUST-00779,2026-05-03,505.9
TX-0012544,CUST-00779,2026-06-16,457.79
TX-0012545,CUST-00779,2025-12-15,380.62
TX-0012546,CUST-00779,2025-12-24,543.64
TX-0012547,CUST-00779,2026-05-01,571.93
TX-0012548,CUST-00780,2026-08-09,428.21
TX-0012549,CUST-00780,2026-04-19,575.76
TX-0012550,CUST-00780,2026-03-05,484.58
TX-0012551,CUST-00780,2026-04-08,561.9
TX-0012552,CUST-00780,2025-11-06,519.38
TX-0012553,CUST-00780,2026-04-30,575.69
TX-0012554,CUST-00780,2026-04-23,426.47
TX-0012555,CUST-00780,2025-11-12,385.85
TX-0012556,CUST-00780,2026-04-18,500.53
TX-0012557,CUST-00780,2026-03-10,441.08
TX-0012558,CUST-00780,2026-02-10,389.68
TX-0012559,CUST-00780,2026-02-10,450.82
TX-0012560,CUST-00780,2025-12-24,400.87
TX-0012561,CUST-00781,2026-08-04,532.66
TX-0012562,CUST-00781,2025-11-25,493.75
TX-0012563,CUST-00781,2025-11-10,570.91
TX-0012564,CUST-00781,2026-01-16,386.94
TX-0012565,CUST-00781,2026-01-08,427.43
TX-0012566,CUST-00781,2025-12-21,461.64
TX-0012567,CUST-00781,2026-01-24,522.45
TX-0012568,CUST-00781,2026-07-05,548.04
TX-0012569,CUST-00781,2025-12-31,535.48
TX-0012570,CUST-00781,2026-05-01,499.81
TX-0012571,CUST-00781,2026-06-17,384.29
TX-0012572,CUST-00781,2025-11-06,485.96
TX-0012573,CUST-00782,2026-08-09,465.86
TX-0012574,CUST-00782,2026-06-24,431.24
TX-0012575,CUST-00782,2026-01-19,493.42
TX-0012576,CUST-00782,2026-04-05,420.29
TX-0012577,CUST-00782,2026-03-04,380.88
TX-0012578,CUST-00782,2026-04-25,483.23
TX-0012579,CUST-00782,2026-02-16,565.84
TX-0012580,CUST-00783,2026-08-18,493.3
TX-0012581,CUST-00783,2026-03-11,509.85
TX-0012582,CUST-00783,2026-05-23,445.71
TX-0012583,CUST-00783,2026-07-06,564.27
TX-0012584,CUST-00783,2025-12-02,570.55
TX-0012585,CUST-00783,2026-04-01,496.11
TX-0012586,CUST-00783,2026-03-28,385.81
TX-0012587,CUST-00783,2026-07-21,395.33
TX-0012588,CUST-00783,2026-01-01,527.75
TX-0012589,CUST-00783,2026-05-31,416.89
TX-0012590,CUST-00783,2025-12-15,381.67
TX-0012591,CUST-00784,2026-08-22,488.34
TX-0012592,CUST-00784,2026-04-14,495.81
TX-0012593,CUST-00784,2026-04-26,471.58
TX-0012594,CUST-00784,2026-03-30,530.63
TX-0012595,CUST-00784,2026-07-31,437.91
TX-0012596,CUST-00784,2026-06-01,550.86
TX-0012597,CUST-00784,2026-04-24,517.85
TX-0012598,CUST-00784,2026-03-25,435.08
TX-0012599,CUST-00784,2026-06-06,407.32
TX-0012600,CUST-00784,2026-07-28,550.47
TX-0012601,CUST-00784,2026-05-29,498.68
TX-0012602,CUST-00785,2026-08-22,435.91
TX-0012603,CUST-00785,2026-06-23,432.61
TX-0012604,CUST-00785,2026-06-16,489.68
TX-0012605,CUST-00785,2026-04-16,556.44
TX-0012606,CUST-00785,2026-02-21,523.88
TX-0012607,CUST-00785,2025-11-21,552.56
TX-0012608,CUST-00785,2026-01-21,564.27
TX-0012609,CUST-00785,2025-11-01,442.34
TX-0012610,CUST-00785,2026-02-25,421.94
TX-0012611,CUST-00785,2026-06-21,505.62
TX-0012612,CUST-00785,2025-10-27,516.19
TX-0012613,CUST-00786,2026-08-21,536.61
TX-0012614,CUST-00786,2025-12-15,505.69
TX-0012615,CUST-00786,2026-04-24,467.12
TX-0012616,CUST-00786,2026-06-24,481.12
TX-0012617,CUST-00786,2026-01-10,411.83
TX-0012618,CUST-00786,2026-02-15,441.99
TX-0012619,CUST-00786,2026-01-01,429.46
TX-0012620,CUST-00786,2026-04-03,496.14
TX-0012621,CUST-00786,2026-06-10,453.49
TX-0012622,CUST-00786,2025-11-05,381.18
TX-0012623,CUST-00786,2026-06-23,562.57
TX-0012624,CUST-00786,2026-08-06,423.34
TX-0012625,CUST-00787,2026-08-21,525.62
TX-0012626,CUST-00787,2026-06-30,508.9
TX-0012627,CUST-00787,2026-01-12,461.66
TX-0012628,CUST-00787,2026-02-22,536.84
TX-0012629,CUST-00787,2026-06-23,538.78
TX-0012630,CUST-00787,2026-06-29,567.91
TX-0012631,CUST-00787,2025-12-05,527.93
TX-0012632,CUST-00787,2026-05-25,510.28
TX-0012633,CUST-00787,2026-03-11,459.04
TX-0012634,CUST-00787,2026-02-08,553.13
TX-0012635,CUST-00787,2026-02-03,466.98
TX-0012636,CUST-00787,2026-06-15,536.96
TX-0012637,CUST-00787,2026-07-22,542.62
TX-0012638,CUST-00787,2026-04-16,542.14
TX-0012639,CUST-00788,2026-08-18,522.74
TX-0012640,CUST-00788,2026-07-24,419.97
TX-0012641,CUST-00788,2026-07-30,579.2
TX-0012642,CUST-00788,2026-08-01,425.96
TX-0012643,CUST-00788,2025-12-23,388.41
TX-0012644,CUST-00788,2025-12-23,495.74
TX-0012645,CUST-00788,2026-01-07,549.69
TX-0012646,CUST-00788,2025-11-02,502.02
TX-0012647,CUST-00788,2026-06-02,426.35
TX-0012648,CUST-00788,2026-07-08,553.25
TX-0012649,CUST-00788,2026-03-26,429.02
TX-0012650,CUST-00788,2025-11-22,555.66
TX-0012651,CUST-00789,2026-08-07,500.8
TX-0012652,CUST-00789,2026-03-18,570.17
TX-0012653,CUST-00789,2025-12-20,516.66
TX-0012654,CUST-00789,2025-12-20,467.15
TX-0012655,CUST-00789,2026-03-08,457.78
TX-0012656,CUST-00789,2026-01-29,569.26
TX-0012657,CUST-00789,2026-01-23,536.07
TX-0012658,CUST-00789,2025-10-26,387.44
TX-0012659,CUST-00789,2025-11-23,463.53
TX-0012660,CUST-00789,2026-06-06,527.43
TX-0012661,CUST-00789,2026-07-12,558.77
TX-0012662,CUST-00789,2026-01-09,511.97
TX-0012663,CUST-00790,2026-08-14,442.2
TX-0012664,CUST-00790,2026-05-05,440.68
TX-0012665,CUST-00790,2026-04-05,406.21
TX-0012666,CUST-00790,2026-03-20,470.7
TX-0012667,CUST-00790,2026-07-30,462.39
TX-0012668,CUST-00790,2026-01-11,463.96
TX-0012669,CUST-00790,2026-07-08,397.8
TX-0012670,CUST-00790,2025-11-30,465.02
TX-0012671,CUST-00790,2026-07-12,511.06
TX-0012672,CUST-00790,2025-11-07,533.48
TX-0012673,CUST-00790,2026-06-14,487.76
TX-0012674,CUST-00790,2026-02-25,549.91
TX-0012675,CUST-00791,2026-08-08,415.73
TX-0012676,CUST-00791,2026-01-31,505.3
TX-0012677,CUST-00791,2025-11-20,540.66
TX-0012678,CUST-00791,2026-07-14,404.94
TX-0012679,CUST-00791,2026-03-22,483.65
TX-0012680,CUST-00791,2026-02-06,431.56
TX-0012681,CUST-00791,2026-01-12,475.25
TX-0012682,CUST-00791,2025-12-14,439.5
TX-0012683,CUST-00791,2026-04-19,551.33
TX-0012684,CUST-00791,2026-01-19,553.24
TX-0012685,CUST-00791,2025-12-05,562.77
TX-0012686,CUST-00791,2026-07-07,570.46
TX-0012687,CUST-00791,2026-03-06,399.34
TX-0012688,CUST-00792,2026-08-06,506.69
TX-0012689,CUST-00792,2026-01-09,456.1
TX-0012690,CUST-00792,2025-10-17,447.74
TX-0012691,CUST-00792,2026-02-21,561.53
TX-0012692,CUST-00792,2026-02-04,387.33
TX-0012693,CUST-00792,2026-04-16,552.07
TX-0012694,CUST-00792,2025-12-17,508.5
TX-0012695,CUST-00792,2026-06-07,502.92
TX-0012696,CUST-00792,2026-05-21,422.9
TX-0012697,CUST-00792,2025-11-07,385.83
TX-0012698,CUST-00792,2026-06-09,447.3
TX-0012699,CUST-00792,2026-03-05,488.14
TX-0012700,CUST-00792,2026-06-15,491.51
TX-0012701,CUST-00793,2026-08-04,430.79
TX-0012702,CUST-00793,2026-06-08,569.59
TX-0012703,CUST-00793,2025-10-11,542.29
TX-0012704,CUST-00793,2026-01-27,390.88
TX-0012705,CUST-00793,2025-12-25,415.69
TX-0012706,CUST-00793,2026-03-16,493.84
TX-0012707,CUST-00793,2025-11-08,456.04
TX-0012708,CUST-00793,2025-11-15,565.77
TX-0012709,CUST-00793,2025-12-31,440.2
TX-0012710,CUST-00794,2026-08-22,543.07
TX-0012711,CUST-00794,2026-05-20,471.61
TX-0012712,CUST-00794,2026-07-18,400.62
TX-0012713,CUST-00794,2026-04-09,573.39
TX-0012714,CUST-00794,2026-05-30,573.32
TX-0012715,CUST-00794,2026-07-12,516.23
TX-0012716,CUST-00794,2026-05-14,456.75
TX-0012717,CUST-00795,2026-08-19,467.08
TX-0012718,CUST-00795,2026-01-28,394.95
TX-0012719,CUST-00795,2026-05-31,552.07
TX-0012720,CUST-00795,2026-05-21,519.23
TX-0012721,CUST-00795,2026-03-15,429.1
TX-0012722,CUST-00795,2026-02-05,474.92
TX-0012723,CUST-00795,2025-12-23,396.31
TX-0012724,CUST-00795,2026-06-09,578.95
TX-0012725,CUST-00795,2025-12-02,443.59
TX-0012726,CUST-00795,2026-06-25,554.12
TX-0012727,CUST-00795,2026-01-22,513.27
TX-0012728,CUST-00795,2026-03-29,407.94
TX-0012729,CUST-00795,2025-11-19,470.07
TX-0012730,CUST-00796,2026-08-17,439.9
TX-0012731,CUST-00796,2025-12-10,441.6
TX-0012732,CUST-00796,2025-11-01,479.33
TX-0012733,CUST-00796,2026-07-19,391.98
TX-0012734,CUST-00796,2025-12-07,425.45
TX-0012735,CUST-00796,2026-01-30,555.75
TX-0012736,CUST-00796,2025-11-14,394.55
TX-0012737,CUST-00796,2026-01-18,496.49
TX-0012738,CUST-00796,2025-10-27,566.18
TX-0012739,CUST-00796,2025-12-08,485.05
TX-0012740,CUST-00796,2026-01-21,500.85
TX-0012741,CUST-00796,2025-11-08,420.65
TX-0012742,CUST-00796,2026-01-28,446.63
TX-0012743,CUST-00797,2026-08-06,464.0
TX-0012744,CUST-00797,2025-12-11,550.44
TX-0012745,CUST-00797,2026-05-16,430.16
TX-0012746,CUST-00797,2026-01-15,381.47
TX-0012747,CUST-00797,2026-06-08,575.74
TX-0012748,CUST-00797,2025-11-30,466.77
TX-0012749,CUST-00797,2026-05-28,573.14
TX-0012750,CUST-00797,2026-03-19,385.42
TX-0012751,CUST-00797,2026-03-07,540.92
TX-0012752,CUST-00798,2026-08-16,417.84
TX-0012753,CUST-00798,2025-12-14,521.56
TX-0012754,CUST-00798,2026-02-05,515.06
TX-0012755,CUST-00798,2026-04-27,433.22
TX-0012756,CUST-00798,2025-12-13,491.85
TX-0012757,CUST-00798,2026-06-20,525.02
TX-0012758,CUST-00798,2025-11-07,551.1
TX-0012759,CUST-00798,2026-06-24,536.47
TX-0012760,CUST-00798,2026-05-11,390.82
TX-0012761,CUST-00798,2025-11-29,494.93
TX-0012762,CUST-00798,2026-07-23,522.84
TX-0012763,CUST-00798,2026-02-20,527.36
TX-0012764,CUST-00798,2026-02-22,413.63
TX-0012765,CUST-00799,2026-08-06,499.18
TX-0012766,CUST-00799,2026-01-01,482.98
TX-0012767,CUST-00799,2026-02-11,396.58
TX-0012768,CUST-00799,2026-05-27,528.09
TX-0012769,CUST-00799,2026-07-05,495.68
TX-0012770,CUST-00799,2026-06-02,413.85
TX-0012771,CUST-00799,2026-05-24,426.65
TX-0012772,CUST-00799,2025-10-29,382.86
TX-0012773,CUST-00799,2025-11-10,540.85
TX-0012774,CUST-00799,2026-05-02,386.26
TX-0012775,CUST-00799,2026-07-06,536.58
TX-0012776,CUST-00799,2026-05-16,381.36
TX-0012777,CUST-00799,2026-03-11,401.46
TX-0012778,CUST-00799,2026-06-27,498.33
TX-0012779,CUST-00800,2026-08-04,571.34
TX-0012780,CUST-00800,2026-06-01,553.1
TX-0012781,CUST-00800,2025-11-09,577.17
TX-0012782,CUST-00800,2025-12-14,551.4
TX-0012783,CUST-00800,2025-10-13,498.92
TX-0012784,CUST-00800,2025-11-15,402.3
TX-0012785,CUST-00800,2026-03-30,528.33
TX-0012786,CUST-00800,2026-01-22,391.97
TX-0012787,CUST-00800,2026-07-08,438.32
TX-0012788,CUST-00800,2026-05-20,461.04
TX-0012789,CUST-00801,2026-08-05,434.97
TX-0012790,CUST-00801,2026-04-14,439.21
TX-0012791,CUST-00801,2026-02-01,406.97
TX-0012792,CUST-00801,2025-11-07,428.22
TX-0012793,CUST-00801,2026-04-22,469.81
TX-0012794,CUST-00801,2026-03-18,387.62
TX-0012795,CUST-00801,2025-10-10,440.08
TX-0012796,CUST-00801,2025-11-01,437.47
TX-0012797,CUST-00802,2026-08-12,471.36
TX-0012798,CUST-00802,2025-11-27,429.77
TX-0012799,CUST-00802,2026-05-30,493.18
TX-0012800,CUST-00802,2026-03-13,464.61
TX-0012801,CUST-00802,2026-04-24,576.78
TX-0012802,CUST-00802,2025-10-18,492.39
TX-0012803,CUST-00802,2026-01-10,393.6
TX-0012804,CUST-00802,2026-02-17,570.49
TX-0012805,CUST-00802,2026-02-17,565.14
TX-0012806,CUST-00802,2026-05-28,418.02
TX-0012807,CUST-00802,2026-03-08,410.45
TX-0012808,CUST-00802,2025-12-07,478.01
TX-0012809,CUST-00802,2026-01-18,447.61
TX-0012810,CUST-00802,2026-04-27,435.08
TX-0012811,CUST-00803,2026-08-11,461.94
TX-0012812,CUST-00803,2025-10-24,428.8
TX-0012813,CUST-00803,2026-01-06,507.09
TX-0012814,CUST-00803,2026-01-22,523.07
TX-0012815,CUST-00803,2025-12-05,400.25
TX-0012816,CUST-00803,2026-07-14,380.4
TX-0012817,CUST-00803,2026-07-13,521.36
TX-0012818,CUST-00803,2026-05-06,566.9
TX-0012819,CUST-00803,2026-04-24,536.24
TX-0012820,CUST-00803,2026-03-05,525.84
TX-0012821,CUST-00803,2025-10-22,474.16
TX-0012822,CUST-00803,2026-04-05,413.21
TX-0012823,CUST-00803,2025-12-21,543.76
TX-0012824,CUST-00803,2026-05-19,521.46
TX-0012825,CUST-00804,2026-08-06,518.06
TX-0012826,CUST-00804,2026-04-08,432.77
TX-0012827,CUST-00804,2026-07-06,469.29
TX-0012828,CUST-00804,2026-05-14,410.91
TX-0012829,CUST-00804,2026-01-11,387.19
TX-0012830,CUST-00804,2026-01-12,555.05
TX-0012831,CUST-00804,2026-05-28,442.88
TX-0012832,CUST-00804,2026-03-22,380.71
TX-0012833,CUST-00805,2026-08-22,436.26
TX-0012834,CUST-00805,2026-06-12,494.84
TX-0012835,CUST-00805,2025-11-22,481.23
TX-0012836,CUST-00805,2025-12-07,515.11
TX-0012837,CUST-00805,2026-01-18,410.49
TX-0012838,CUST-00805,2026-04-24,449.31
TX-0012839,CUST-00805,2026-07-06,468.15
TX-0012840,CUST-00805,2025-11-13,557.46
TX-0012841,CUST-00805,2026-03-23,471.23
TX-0012842,CUST-00805,2026-02-10,421.86
TX-0012843,CUST-00806,2026-08-17,440.6
TX-0012844,CUST-00806,2025-11-09,526.28
TX-0012845,CUST-00806,2026-05-30,388.43
TX-0012846,CUST-00806,2026-06-27,442.3
TX-0012847,CUST-00806,2025-10-24,560.28
TX-0012848,CUST-00806,2026-06-01,525.35
TX-0012849,CUST-00806,2026-01-18,413.5
TX-0012850,CUST-00806,2026-02-09,497.37
TX-0012851,CUST-00806,2026-06-20,504.39
TX-0012852,CUST-00806,2026-05-13,412.42
TX-0012853,CUST-00807,2026-08-05,493.89
TX-0012854,CUST-00807,2025-10-21,422.41
TX-0012855,CUST-00807,2026-03-26,393.42
TX-0012856,CUST-00807,2025-12-11,475.08
TX-0012857,CUST-00807,2026-03-23,406.55
TX-0012858,CUST-00807,2026-05-01,468.87
TX-0012859,CUST-00807,2026-01-20,565.7
TX-0012860,CUST-00807,2026-04-23,520.64
TX-0012861,CUST-00807,2026-02-28,534.01
TX-0012862,CUST-00807,2026-03-05,435.99
TX-0012863,CUST-00807,2026-01-12,381.01
TX-0012864,CUST-00807,2026-01-26,394.51
TX-0012865,CUST-00807,2026-01-25,418.51
TX-0012866,CUST-00807,2026-01-13,517.75
TX-0012867,CUST-00808,2026-08-10,458.5
TX-0012868,CUST-00808,2026-07-08,502.6
TX-0012869,CUST-00808,2026-05-17,522.7
TX-0012870,CUST-00808,2025-12-06,446.09
TX-0012871,CUST-00808,2026-06-12,547.34
TX-0012872,CUST-00808,2026-04-17,381.4
TX-0012873,CUST-00808,2026-05-12,502.0
TX-0012874,CUST-00808,2026-05-19,404.88
TX-0012875,CUST-00808,2026-01-22,431.67
TX-0012876,CUST-00808,2025-12-03,562.8
TX-0012877,CUST-00808,2026-04-26,572.34
TX-0012878,CUST-00809,2026-08-17,540.51
TX-0012879,CUST-00809,2026-03-26,443.58
TX-0012880,CUST-00809,2026-04-06,457.03
TX-0012881,CUST-00809,2026-05-27,494.47
TX-0012882,CUST-00809,2026-04-24,511.85
TX-0012883,CUST-00809,2026-05-04,384.85
TX-0012884,CUST-00809,2026-02-28,527.18
TX-0012885,CUST-00809,2026-02-08,423.8
TX-0012886,CUST-00809,2026-03-21,442.93
TX-0012887,CUST-00809,2025-11-03,506.04
TX-0012888,CUST-00809,2025-11-02,499.1
TX-0012889,CUST-00809,2026-02-01,570.89
TX-0012890,CUST-00809,2026-05-10,447.97
TX-0012891,CUST-00809,2026-05-14,455.35
TX-0012892,CUST-00810,2026-08-07,404.19
TX-0012893,CUST-00810,2026-02-16,421.36
TX-0012894,CUST-00810,2026-05-19,507.28
TX-0012895,CUST-00810,2026-03-06,508.32
TX-0012896,CUST-00810,2026-04-09,435.24
TX-0012897,CUST-00810,2026-03-13,530.93
TX-0012898,CUST-00810,2026-07-14,527.75
TX-0012899,CUST-00810,2026-06-05,422.05
TX-0012900,CUST-00810,2025-11-08,462.74
TX-0012901,CUST-00810,2026-05-07,508.46
TX-0012902,CUST-00810,2026-06-19,430.78
TX-0012903,CUST-00810,2026-04-14,520.12
TX-0012904,CUST-00810,2026-02-17,534.1
TX-0012905,CUST-00811,2026-08-08,493.87
TX-0012906,CUST-00811,2025-12-17,551.65
TX-0012907,CUST-00811,2026-03-25,559.01
TX-0012908,CUST-00811,2025-12-28,454.44
TX-0012909,CUST-00811,2026-04-22,535.88
TX-0012910,CUST-00811,2026-04-20,382.31
TX-0012911,CUST-00811,2026-06-05,394.35
TX-0012912,CUST-00811,2026-05-08,482.42
TX-0012913,CUST-00811,2026-01-26,382.08
TX-0012914,CUST-00811,2025-11-23,412.29
TX-0012915,CUST-00811,2026-04-29,438.85
TX-0012916,CUST-00812,2026-08-14,414.57
TX-0012917,CUST-00812,2026-03-31,549.41
TX-0012918,CUST-00812,2026-01-12,439.22
TX-0012919,CUST-00812,2026-04-04,432.68
TX-0012920,CUST-00812,2026-07-08,449.78
TX-0012921,CUST-00812,2025-12-07,459.61
TX-0012922,CUST-00812,2025-11-15,528.62
TX-0012923,CUST-00813,2026-08-11,406.97
TX-0012924,CUST-00813,2026-07-26,511.23
TX-0012925,CUST-00813,2025-11-03,395.61
TX-0012926,CUST-00813,2026-06-01,549.72
TX-0012927,CUST-00813,2026-06-06,520.26
TX-0012928,CUST-00813,2026-04-05,416.77
TX-0012929,CUST-00813,2026-02-06,427.52
TX-0012930,CUST-00813,2026-03-30,488.34
TX-0012931,CUST-00813,2026-02-06,503.7
TX-0012932,CUST-00813,2025-12-30,516.56
TX-0012933,CUST-00814,2026-08-21,410.92
TX-0012934,CUST-00814,2026-01-18,515.41
TX-0012935,CUST-00814,2026-07-26,404.81
TX-0012936,CUST-00814,2026-03-23,457.35
TX-0012937,CUST-00814,2025-11-26,573.47
TX-0012938,CUST-00814,2026-02-08,397.64
TX-0012939,CUST-00814,2025-12-21,520.18
TX-0012940,CUST-00814,2026-06-12,437.23
TX-0012941,CUST-00814,2026-04-01,455.69
TX-0012942,CUST-00814,2025-12-28,568.82
TX-0012943,CUST-00814,2026-03-12,564.87
TX-0012944,CUST-00814,2026-06-19,392.08
TX-0012945,CUST-00814,2025-11-03,545.71
TX-0012946,CUST-00814,2026-05-16,496.57
TX-0012947,CUST-00815,2026-08-20,417.28
TX-0012948,CUST-00815,2026-01-06,454.97
TX-0012949,CUST-00815,2025-12-01,510.0
TX-0012950,CUST-00815,2025-10-25,567.51
TX-0012951,CUST-00815,2026-02-06,440.71
TX-0012952,CUST-00815,2026-04-07,541.02
TX-0012953,CUST-00815,2026-01-01,566.72
TX-0012954,CUST-00815,2026-04-18,475.23
TX-0012955,CUST-00815,2026-03-15,444.76
TX-0012956,CUST-00815,2025-12-30,433.75
TX-0012957,CUST-00815,2025-10-25,575.45
TX-0012958,CUST-00815,2026-06-28,485.93
TX-0012959,CUST-00815,2025-11-06,451.23
TX-0012960,CUST-00815,2026-06-05,550.0
TX-0012961,CUST-00816,2026-08-10,523.64
TX-0012962,CUST-00816,2026-01-03,507.17
TX-0012963,CUST-00816,2026-06-08,550.47
TX-0012964,CUST-00816,2026-04-06,549.84
TX-0012965,CUST-00816,2026-05-06,416.68
TX-0012966,CUST-00816,2026-05-31,523.47
TX-0012967,CUST-00816,2026-01-07,530.03
TX-0012968,CUST-00816,2025-11-11,434.94
TX-0012969,CUST-00816,2026-05-11,391.21
TX-0012970,CUST-00817,2026-08-13,574.29
TX-0012971,CUST-00817,2025-11-22,551.57
TX-0012972,CUST-00817,2025-11-23,477.99
TX-0012973,CUST-00817,2025-11-25,422.79
TX-0012974,CUST-00817,2026-03-25,564.23
TX-0012975,CUST-00817,2026-02-18,457.87
TX-0012976,CUST-00817,2026-06-10,496.33
TX-0012977,CUST-00817,2025-12-18,428.02
TX-0012978,CUST-00817,2026-05-14,400.38
TX-0012979,CUST-00817,2026-01-02,570.49
TX-0012980,CUST-00817,2026-05-14,507.4
TX-0012981,CUST-00817,2026-06-19,508.68
TX-0012982,CUST-00818,2026-08-08,440.7
TX-0012983,CUST-00818,2026-05-27,386.32
TX-0012984,CUST-00818,2026-03-08,444.27
TX-0012985,CUST-00818,2025-11-17,399.5
TX-0012986,CUST-00818,2026-04-27,509.51
TX-0012987,CUST-00818,2026-06-05,437.82
TX-0012988,CUST-00818,2026-06-14,488.96
TX-0012989,CUST-00819,2026-08-11,546.03
TX-0012990,CUST-00819,2025-10-28,474.42
TX-0012991,CUST-00819,2026-01-06,546.67
TX-0012992,CUST-00819,2025-10-30,514.58
TX-0012993,CUST-00819,2026-02-27,391.99
TX-0012994,CUST-00819,2025-10-17,438.01
TX-0012995,CUST-00819,2026-04-27,459.0
TX-0012996,CUST-00819,2026-04-20,570.18
TX-0012997,CUST-00819,2026-05-29,488.31
TX-0012998,CUST-00819,2026-03-08,578.24
TX-0012999,CUST-00819,2026-02-01,421.78
TX-0013000,CUST-00819,2026-03-15,572.04
TX-0013001,CUST-00819,2026-04-23,389.57
TX-0013002,CUST-00820,2026-08-04,428.13
TX-0013003,CUST-00820,2026-01-14,543.77
TX-0013004,CUST-00820,2026-05-19,543.97
TX-0013005,CUST-00820,2026-04-26,387.23
TX-0013006,CUST-00820,2025-10-29,388.44
TX-0013007,CUST-00820,2026-01-03,567.71
TX-0013008,CUST-00820,2026-06-29,554.52
TX-0013009,CUST-00820,2026-03-04,546.27
TX-0013010,CUST-00820,2026-02-01,387.2
TX-0013011,CUST-00820,2026-03-28,504.23
TX-0013012,CUST-00821,2026-08-11,506.31
TX-0013013,CUST-00821,2026-02-19,573.62
TX-0013014,CUST-00821,2026-05-18,579.1
TX-0013015,CUST-00821,2026-03-01,398.36
TX-0013016,CUST-00821,2026-04-02,406.79
TX-0013017,CUST-00821,2026-01-03,576.39
TX-0013018,CUST-00821,2026-03-27,467.21
TX-0013019,CUST-00821,2026-06-30,450.61
TX-0013020,CUST-00821,2026-04-09,457.0
TX-0013021,CUST-00821,2025-10-16,517.32
TX-0013022,CUST-00822,2026-08-04,447.42
TX-0013023,CUST-00822,2026-01-17,389.71
TX-0013024,CUST-00822,2026-01-15,514.55
TX-0013025,CUST-00822,2026-07-11,391.5
TX-0013026,CUST-00822,2026-04-16,560.57
TX-0013027,CUST-00822,2026-04-28,545.36
TX-0013028,CUST-00822,2026-02-07,476.92
TX-0013029,CUST-00823,2026-08-21,524.44
TX-0013030,CUST-00823,2026-03-10,570.53
TX-0013031,CUST-00823,2026-07-17,422.43
TX-0013032,CUST-00823,2026-01-15,386.22
TX-0013033,CUST-00823,2025-12-02,518.85
TX-0013034,CUST-00823,2026-07-28,415.53
TX-0013035,CUST-00823,2025-11-02,571.16
TX-0013036,CUST-00823,2026-03-14,424.92
TX-0013037,CUST-00823,2026-02-03,513.62
TX-0013038,CUST-00823,2025-11-12,380.8
TX-0013039,CUST-00823,2026-01-22,424.27
TX-0013040,CUST-00823,2025-12-20,560.26
TX-0013041,CUST-00823,2025-12-11,561.06
TX-0013042,CUST-00823,2026-03-19,531.51
TX-0013043,CUST-00824,2026-08-19,521.79
TX-0013044,CUST-00824,2026-04-24,444.67
TX-0013045,CUST-00824,2026-07-29,522.01
TX-0013046,CUST-00824,2026-05-01,415.55
TX-0013047,CUST-00824,2026-01-24,483.63
TX-0013048,CUST-00824,2026-01-21,483.44
TX-0013049,CUST-00824,2026-01-06,508.37
TX-0013050,CUST-00824,2026-04-02,535.67
TX-0013051,CUST-00824,2026-03-26,509.99
TX-0013052,CUST-00824,2026-02-22,467.07
TX-0013053,CUST-00824,2026-03-31,487.15
TX-0013054,CUST-00824,2026-07-21,513.34
TX-0013055,CUST-00825,2026-08-20,552.03
TX-0013056,CUST-00825,2026-06-30,542.47
TX-0013057,CUST-00825,2026-03-08,549.43
TX-0013058,CUST-00825,2026-07-25,514.16
TX-0013059,CUST-00825,2026-06-26,528.15
TX-0013060,CUST-00825,2025-10-27,579.16
TX-0013061,CUST-00825,2026-07-25,428.98
TX-0013062,CUST-00825,2026-03-12,499.55
TX-0013063,CUST-00826,2026-08-15,497.28
TX-0013064,CUST-00826,2026-01-31,537.6
TX-0013065,CUST-00826,2026-03-30,394.18
TX-0013066,CUST-00826,2026-03-28,552.01
TX-0013067,CUST-00826,2026-01-05,452.55
TX-0013068,CUST-00826,2026-03-10,384.32
TX-0013069,CUST-00826,2025-12-10,424.83
TX-0013070,CUST-00826,2026-03-21,459.79
TX-0013071,CUST-00826,2026-07-28,522.93
TX-0013072,CUST-00826,2026-02-07,556.06
TX-0013073,CUST-00827,2026-08-15,428.24
TX-0013074,CUST-00827,2026-05-17,383.53
TX-0013075,CUST-00827,2025-11-30,445.82
TX-0013076,CUST-00827,2026-06-28,449.42
TX-0013077,CUST-00827,2026-06-16,518.6
TX-0013078,CUST-00827,2025-11-30,436.02
TX-0013079,CUST-00827,2026-06-11,480.68
TX-0013080,CUST-00827,2026-04-04,530.08
TX-0013081,CUST-00827,2026-05-16,524.41
TX-0013082,CUST-00827,2026-04-29,472.4
TX-0013083,CUST-00827,2026-04-07,451.9
TX-0013084,CUST-00827,2026-06-15,409.12
TX-0013085,CUST-00827,2026-04-28,555.85
TX-0013086,CUST-00828,2026-08-16,571.66
TX-0013087,CUST-00828,2025-12-19,401.5
TX-0013088,CUST-00828,2026-04-20,501.26
TX-0013089,CUST-00828,2025-11-19,547.57
TX-0013090,CUST-00828,2026-06-22,408.22
TX-0013091,CUST-00828,2026-06-08,505.68
TX-0013092,CUST-00828,2026-05-10,508.9
TX-0013093,CUST-00829,2026-08-18,395.37
TX-0013094,CUST-00829,2026-04-26,548.9
TX-0013095,CUST-00829,2026-07-24,559.77
TX-0013096,CUST-00829,2026-07-02,575.12
TX-0013097,CUST-00829,2026-01-25,576.85
TX-0013098,CUST-00829,2026-06-23,544.4
TX-0013099,CUST-00829,2026-07-22,380.76
TX-0013100,CUST-00829,2026-01-19,384.16
TX-0013101,CUST-00829,2026-03-28,504.68
TX-0013102,CUST-00829,2026-03-13,476.29
TX-0013103,CUST-00829,2026-01-23,469.92
TX-0013104,CUST-00829,2025-12-24,388.51
TX-0013105,CUST-00829,2026-05-31,578.52
TX-0013106,CUST-00830,2026-08-08,444.95
TX-0013107,CUST-00830,2025-10-26,410.56
TX-0013108,CUST-00830,2025-10-16,426.09
TX-0013109,CUST-00830,2026-01-22,509.37
TX-0013110,CUST-00830,2026-07-13,393.29
TX-0013111,CUST-00830,2025-11-14,523.35
TX-0013112,CUST-00830,2026-01-24,516.03
TX-0013113,CUST-00830,2026-06-19,426.19
TX-0013114,CUST-00830,2025-10-17,491.68
TX-0013115,CUST-00831,2026-08-07,412.83
TX-0013116,CUST-00831,2025-12-09,461.02
TX-0013117,CUST-00831,2026-04-19,531.01
TX-0013118,CUST-00831,2026-04-06,529.51
TX-0013119,CUST-00831,2026-03-07,383.23
TX-0013120,CUST-00831,2026-04-15,415.04
TX-0013121,CUST-00831,2026-07-09,549.4
TX-0013122,CUST-00831,2025-10-27,437.95
TX-0013123,CUST-00831,2026-06-20,450.83
TX-0013124,CUST-00831,2025-11-24,395.46
TX-0013125,CUST-00831,2025-10-18,443.0
TX-0013126,CUST-00831,2026-05-03,566.61
TX-0013127,CUST-00831,2026-01-10,493.22
TX-0013128,CUST-00831,2026-01-22,475.1
TX-0013129,CUST-00832,2026-08-09,382.1
TX-0013130,CUST-00832,2026-01-11,561.56
TX-0013131,CUST-00832,2026-02-09,453.59
TX-0013132,CUST-00832,2026-04-16,461.32
TX-0013133,CUST-00832,2026-07-11,517.06
TX-0013134,CUST-00832,2026-04-09,454.77
TX-0013135,CUST-00832,2025-11-21,392.69
TX-0013136,CUST-00832,2026-03-29,409.9
TX-0013137,CUST-00832,2026-03-10,551.12
TX-0013138,CUST-00832,2026-04-21,572.17
TX-0013139,CUST-00832,2025-11-10,516.91
TX-0013140,CUST-00832,2025-12-22,569.55
TX-0013141,CUST-00833,2026-08-21,493.46
TX-0013142,CUST-00833,2026-03-01,388.15
TX-0013143,CUST-00833,2026-07-09,453.32
TX-0013144,CUST-00833,2026-02-10,516.5
TX-0013145,CUST-00833,2025-12-12,431.28
TX-0013146,CUST-00833,2026-07-31,529.82
TX-0013147,CUST-00833,2026-06-04,381.21
TX-0013148,CUST-00833,2025-12-10,390.88
TX-0013149,CUST-00834,2026-08-11,434.09
TX-0013150,CUST-00834,2026-03-08,381.31
TX-0013151,CUST-00834,2026-06-07,493.6
TX-0013152,CUST-00834,2025-12-06,393.71
TX-0013153,CUST-00834,2026-04-17,527.29
TX-0013154,CUST-00834,2026-01-28,475.87
TX-0013155,CUST-00834,2025-11-06,389.67
TX-0013156,CUST-00834,2025-11-06,475.49
TX-0013157,CUST-00834,2026-05-10,459.92
TX-0013158,CUST-00834,2025-11-24,549.12
TX-0013159,CUST-00834,2026-06-10,525.45
TX-0013160,CUST-00834,2025-12-03,404.87
TX-0013161,CUST-00834,2026-04-07,532.18
TX-0013162,CUST-00835,2026-08-16,454.05
TX-0013163,CUST-00835,2025-11-27,390.86
TX-0013164,CUST-00835,2026-07-28,462.88
TX-0013165,CUST-00835,2025-12-29,480.19
TX-0013166,CUST-00835,2026-04-02,532.73
TX-0013167,CUST-00835,2026-07-22,415.43
TX-0013168,CUST-00835,2026-03-19,492.72
TX-0013169,CUST-00835,2026-04-14,516.04
TX-0013170,CUST-00835,2026-07-09,572.51
TX-0013171,CUST-00835,2026-01-25,463.47
TX-0013172,CUST-00836,2026-08-08,562.57
TX-0013173,CUST-00836,2026-01-14,514.6
TX-0013174,CUST-00836,2025-12-08,440.3
TX-0013175,CUST-00836,2026-04-15,528.86
TX-0013176,CUST-00836,2026-06-15,529.96
TX-0013177,CUST-00836,2025-12-11,556.31
TX-0013178,CUST-00836,2025-11-10,403.32
TX-0013179,CUST-00836,2025-11-03,545.98
TX-0013180,CUST-00836,2026-06-23,475.68
TX-0013181,CUST-00836,2026-07-07,516.5
TX-0013182,CUST-00836,2026-03-08,447.98
TX-0013183,CUST-00837,2026-08-08,512.18
TX-0013184,CUST-00837,2026-03-08,496.58
TX-0013185,CUST-00837,2026-02-24,521.15
TX-0013186,CUST-00837,2026-07-08,460.61
TX-0013187,CUST-00837,2026-07-05,487.49
TX-0013188,CUST-00837,2026-03-08,524.69
TX-0013189,CUST-00837,2026-04-30,408.15
TX-0013190,CUST-00837,2026-07-20,562.37
TX-0013191,CUST-00837,2025-11-20,503.69
TX-0013192,CUST-00837,2026-06-13,537.32
TX-0013193,CUST-00837,2025-10-21,493.85
TX-0013194,CUST-00837,2026-01-26,428.84
TX-0013195,CUST-00838,2026-08-10,518.03
TX-0013196,CUST-00838,2025-11-08,385.25
TX-0013197,CUST-00838,2026-06-22,563.43
TX-0013198,CUST-00838,2025-12-24,460.37
TX-0013199,CUST-00838,2025-12-31,577.5
TX-0013200,CUST-00838,2026-01-02,545.09
TX-0013201,CUST-00838,2026-02-05,568.63
TX-0013202,CUST-00838,2026-07-15,534.88
TX-0013203,CUST-00838,2026-06-08,457.27
TX-0013204,CUST-00838,2025-11-21,555.78
TX-0013205,CUST-00838,2026-04-03,545.72
TX-0013206,CUST-00838,2025-12-16,538.86
TX-0013207,CUST-00838,2026-05-26,439.31
TX-0013208,CUST-00838,2026-04-02,403.01
TX-0013209,CUST-00839,2026-08-09,509.2
TX-0013210,CUST-00839,2026-05-22,502.54
TX-0013211,CUST-00839,2026-05-16,503.01
TX-0013212,CUST-00839,2026-04-15,470.91
TX-0013213,CUST-00839,2025-10-15,552.61
TX-0013214,CUST-00839,2025-12-05,485.2
TX-0013215,CUST-00839,2025-12-07,412.9
TX-0013216,CUST-00839,2025-12-09,400.28
TX-0013217,CUST-00839,2026-01-27,525.36
TX-0013218,CUST-00839,2026-06-30,390.61
TX-0013219,CUST-00839,2026-05-29,487.45
TX-0013220,CUST-00839,2026-01-31,392.56
TX-0013221,CUST-00839,2026-03-27,476.42
TX-0013222,CUST-00840,2026-08-10,443.14
TX-0013223,CUST-00840,2026-01-23,413.73
TX-0013224,CUST-00840,2026-07-24,404.32
TX-0013225,CUST-00840,2026-03-15,530.17
TX-0013226,CUST-00840,2026-03-22,419.75
TX-0013227,CUST-00840,2026-07-15,566.61
TX-0013228,CUST-00840,2025-12-14,402.87
TX-0013229,CUST-00840,2026-04-27,433.79
TX-0013230,CUST-00840,2025-11-26,518.49
TX-0013231,CUST-00840,2025-11-27,569.11
TX-0013232,CUST-00840,2026-07-05,535.08
TX-0013233,CUST-00840,2026-02-04,395.28
TX-0013234,CUST-00840,2026-04-22,530.13
TX-0013235,CUST-00840,2026-06-21,522.2
TX-0013236,CUST-00841,2026-08-22,535.71
TX-0013237,CUST-00841,2026-06-11,405.23
TX-0013238,CUST-00841,2026-06-12,445.28
TX-0013239,CUST-00841,2026-06-16,402.29
TX-0013240,CUST-00841,2026-08-02,547.33
TX-0013241,CUST-00841,2026-07-21,487.21
TX-0013242,CUST-00841,2026-01-23,518.53
TX-0013243,CUST-00841,2026-07-22,506.69
TX-0013244,CUST-00841,2025-12-09,446.81
TX-0013245,CUST-00842,2026-08-07,538.78
TX-0013246,CUST-00842,2025-12-08,459.73
TX-0013247,CUST-00842,2026-04-30,544.51
TX-0013248,CUST-00842,2026-01-25,455.74
TX-0013249,CUST-00842,2026-01-02,396.13
TX-0013250,CUST-00842,2026-07-04,430.28
TX-0013251,CUST-00842,2025-11-15,439.92
TX-0013252,CUST-00842,2025-11-01,579.99
TX-0013253,CUST-00842,2026-04-16,408.73
TX-0013254,CUST-00842,2025-10-28,521.31
TX-0013255,CUST-00842,2025-10-31,479.72
TX-0013256,CUST-00842,2025-10-24,522.74
TX-0013257,CUST-00842,2026-06-25,498.73
TX-0013258,CUST-00843,2026-08-19,562.3
TX-0013259,CUST-00843,2026-05-27,423.01
TX-0013260,CUST-00843,2026-01-10,386.46
TX-0013261,CUST-00843,2026-05-21,476.11
TX-0013262,CUST-00843,2026-03-07,456.39
TX-0013263,CUST-00843,2025-11-11,463.71
TX-0013264,CUST-00843,2026-02-07,557.81
TX-0013265,CUST-00843,2026-02-16,484.82
TX-0013266,CUST-00843,2025-12-03,412.04
TX-0013267,CUST-00843,2026-05-19,553.43
TX-0013268,CUST-00843,2025-12-27,535.99
TX-0013269,CUST-00843,2026-03-30,561.8
TX-0013270,CUST-00843,2026-06-13,543.84
TX-0013271,CUST-00843,2026-07-04,501.19
TX-0013272,CUST-00844,2026-08-11,541.67
TX-0013273,CUST-00844,2026-03-21,398.27
TX-0013274,CUST-00844,2026-05-24,462.61
TX-0013275,CUST-00844,2026-04-17,430.33
TX-0013276,CUST-00844,2026-06-26,505.76
TX-0013277,CUST-00844,2025-11-05,481.49
TX-0013278,CUST-00844,2026-06-13,497.28
TX-0013279,CUST-00844,2026-02-05,392.4
TX-0013280,CUST-00844,2026-04-09,538.5
TX-0013281,CUST-00844,2026-01-03,558.01
TX-0013282,CUST-00844,2026-05-19,551.9
TX-0013283,CUST-00844,2025-12-13,558.35
TX-0013284,CUST-00844,2026-02-05,576.44
TX-0013285,CUST-00845,2026-08-18,393.79
TX-0013286,CUST-00845,2025-11-30,548.69
TX-0013287,CUST-00845,2026-03-17,449.29
TX-0013288,CUST-00845,2026-07-18,391.05
TX-0013289,CUST-00845,2026-07-16,398.14
TX-0013290,CUST-00845,2026-02-28,416.73
TX-0013291,CUST-00845,2025-10-31,436.28
TX-0013292,CUST-00845,2025-11-18,543.41
TX-0013293,CUST-00846,2026-08-22,561.24
TX-0013294,CUST-00846,2026-05-08,417.01
TX-0013295,CUST-00846,2026-02-13,436.8
TX-0013296,CUST-00846,2025-12-15,404.28
TX-0013297,CUST-00846,2026-04-25,390.64
TX-0013298,CUST-00846,2025-11-05,460.96
TX-0013299,CUST-00846,2026-05-23,511.57
TX-0013300,CUST-00846,2026-07-02,424.04
TX-0013301,CUST-00846,2026-02-04,472.0
TX-0013302,CUST-00846,2026-01-27,438.65
TX-0013303,CUST-00846,2026-07-30,556.93
TX-0013304,CUST-00846,2025-12-28,490.31
TX-0013305,CUST-00846,2026-03-01,471.84
TX-0013306,CUST-00847,2026-08-11,406.99
TX-0013307,CUST-00847,2025-12-31,550.53
TX-0013308,CUST-00847,2025-12-28,477.88
TX-0013309,CUST-00847,2025-11-03,571.11
TX-0013310,CUST-00847,2025-11-24,386.14
TX-0013311,CUST-00847,2026-04-09,485.24
TX-0013312,CUST-00847,2026-07-12,487.92
TX-0013313,CUST-00847,2025-12-05,408.22
TX-0013314,CUST-00847,2026-06-28,504.5
TX-0013315,CUST-00847,2025-11-01,579.34
TX-0013316,CUST-00847,2026-05-29,382.02
TX-0013317,CUST-00848,2026-08-04,487.39
TX-0013318,CUST-00848,2026-06-16,429.27
TX-0013319,CUST-00848,2026-03-18,501.28
TX-0013320,CUST-00848,2026-07-10,427.67
TX-0013321,CUST-00848,2026-07-16,440.12
TX-0013322,CUST-00848,2025-11-02,496.73
TX-0013323,CUST-00848,2025-10-24,521.64
TX-0013324,CUST-00848,2026-01-09,458.46
TX-0013325,CUST-00848,2026-05-18,382.8
TX-0013326,CUST-00848,2026-06-20,471.76
TX-0013327,CUST-00848,2026-02-13,568.26
TX-0013328,CUST-00849,2026-08-18,545.32
TX-0013329,CUST-00849,2026-01-16,561.36
TX-0013330,CUST-00849,2026-07-19,438.7
TX-0013331,CUST-00849,2025-11-11,501.6
TX-0013332,CUST-00849,2026-05-13,481.68
TX-0013333,CUST-00849,2025-12-25,427.74
TX-0013334,CUST-00849,2026-05-25,542.52
TX-0013335,CUST-00849,2026-01-30,539.87
TX-0013336,CUST-00849,2026-07-18,551.14
TX-0013337,CUST-00849,2026-02-09,387.35
TX-0013338,CUST-00849,2025-12-04,439.55
TX-0013339,CUST-00849,2025-11-26,505.39
TX-0013340,CUST-00849,2026-01-21,558.01
TX-0013341,CUST-00849,2026-04-16,480.95
TX-0013342,CUST-00850,2026-08-05,532.41
TX-0013343,CUST-00850,2026-03-16,455.5
TX-0013344,CUST-00850,2026-07-15,556.07
TX-0013345,CUST-00850,2026-02-09,537.27
TX-0013346,CUST-00850,2026-03-15,489.25
TX-0013347,CUST-00850,2026-03-04,420.86
TX-0013348,CUST-00850,2026-03-26,412.64
TX-0013349,CUST-00850,2026-06-07,422.11
TX-0013350,CUST-00850,2025-11-22,452.49
TX-0013351,CUST-00850,2026-01-13,542.94
TX-0013352,CUST-00850,2026-03-08,394.16
TX-0013353,CUST-00850,2026-04-04,452.31
TX-0013354,CUST-00850,2026-06-06,518.72
TX-0013355,CUST-00851,2026-08-06,532.62
TX-0013356,CUST-00851,2026-02-11,535.69
TX-0013357,CUST-00851,2025-11-19,535.33
TX-0013358,CUST-00851,2026-02-19,493.71
TX-0013359,CUST-00851,2025-12-31,463.19
TX-0013360,CUST-00851,2025-12-28,394.16
TX-0013361,CUST-00851,2026-01-02,524.33
TX-0013362,CUST-00851,2025-11-01,424.74
TX-0013363,CUST-00851,2025-10-24,390.5
TX-0013364,CUST-00851,2026-07-12,527.19
TX-0013365,CUST-00851,2025-10-19,441.83
TX-0013366,CUST-00851,2025-11-21,562.49
TX-0013367,CUST-00851,2025-11-29,528.82
TX-0013368,CUST-00851,2026-07-17,570.76
TX-0013369,CUST-00852,2026-08-10,515.14
TX-0013370,CUST-00852,2026-03-07,462.36
TX-0013371,CUST-00852,2025-12-25,444.98
TX-0013372,CUST-00852,2026-07-03,455.6
TX-0013373,CUST-00852,2026-07-18,540.64
TX-0013374,CUST-00852,2025-10-30,575.03
TX-0013375,CUST-00852,2026-02-11,421.31
TX-0013376,CUST-00852,2026-02-14,495.15
TX-0013377,CUST-00852,2026-04-25,415.21
TX-0013378,CUST-00853,2026-08-11,568.48
TX-0013379,CUST-00853,2026-04-15,431.04
TX-0013380,CUST-00853,2025-12-01,546.99
TX-0013381,CUST-00853,2025-11-14,527.17
TX-0013382,CUST-00853,2026-02-28,422.94
TX-0013383,CUST-00853,2026-05-14,574.22
TX-0013384,CUST-00853,2026-05-13,395.17
TX-0013385,CUST-00853,2026-06-24,575.71
TX-0013386,CUST-00853,2026-02-16,535.38
TX-0013387,CUST-00854,2026-08-08,477.79
TX-0013388,CUST-00854,2026-06-09,548.15
TX-0013389,CUST-00854,2026-02-24,445.77
TX-0013390,CUST-00854,2026-05-31,382.19
TX-0013391,CUST-00854,2025-11-13,504.51
TX-0013392,CUST-00854,2026-05-02,552.73
TX-0013393,CUST-00854,2026-05-29,436.7
TX-0013394,CUST-00854,2026-06-11,572.09
TX-0013395,CUST-00854,2025-12-21,572.96
TX-0013396,CUST-00854,2026-01-10,565.68
TX-0013397,CUST-00854,2026-02-08,412.37
TX-0013398,CUST-00854,2026-03-15,420.83
TX-0013399,CUST-00855,2026-08-07,538.24
TX-0013400,CUST-00855,2026-05-31,548.99
TX-0013401,CUST-00855,2026-07-22,457.9
TX-0013402,CUST-00855,2026-07-12,578.81
TX-0013403,CUST-00855,2026-02-06,439.24
TX-0013404,CUST-00855,2026-01-14,457.8
TX-0013405,CUST-00855,2026-04-23,469.52
TX-0013406,CUST-00855,2026-04-10,468.9
TX-0013407,CUST-00855,2026-03-01,472.9
TX-0013408,CUST-00855,2026-04-30,483.22
TX-0013409,CUST-00856,2026-08-22,454.23
TX-0013410,CUST-00856,2026-07-23,556.99
TX-0013411,CUST-00856,2026-03-05,538.17
TX-0013412,CUST-00856,2026-07-07,478.97
TX-0013413,CUST-00856,2026-06-22,500.92
TX-0013414,CUST-00856,2026-03-23,519.51
TX-0013415,CUST-00856,2025-10-29,579.45
TX-0013416,CUST-00856,2026-07-11,483.11
TX-0013417,CUST-00856,2026-06-07,482.47
TX-0013418,CUST-00856,2026-02-28,413.39
TX-0013419,CUST-00857,2026-08-14,388.87
TX-0013420,CUST-00857,2026-01-25,528.22
TX-0013421,CUST-00857,2026-01-22,446.08
TX-0013422,CUST-00857,2026-06-02,577.8
TX-0013423,CUST-00857,2025-12-06,487.91
TX-0013424,CUST-00857,2026-03-02,578.1
TX-0013425,CUST-00857,2025-12-06,407.6
TX-0013426,CUST-00857,2026-06-08,498.21
TX-0013427,CUST-00857,2026-02-15,510.59
TX-0013428,CUST-00857,2026-05-24,568.15
TX-0013429,CUST-00857,2026-03-12,395.48
TX-0013430,CUST-00857,2025-12-22,475.87
TX-0013431,CUST-00858,2026-08-08,385.42
TX-0013432,CUST-00858,2026-04-13,440.65
TX-0013433,CUST-00858,2025-12-15,516.43
TX-0013434,CUST-00858,2026-06-30,455.19
TX-0013435,CUST-00858,2026-01-01,406.63
TX-0013436,CUST-00858,2026-03-11,408.3
TX-0013437,CUST-00858,2026-02-26,401.81
TX-0013438,CUST-00858,2026-01-07,411.6
TX-0013439,CUST-00858,2025-11-16,410.96
TX-0013440,CUST-00858,2026-02-06,388.72
TX-0013441,CUST-00858,2026-06-23,386.6
TX-0013442,CUST-00858,2026-03-24,453.02
TX-0013443,CUST-00858,2026-04-18,488.92
TX-0013444,CUST-00859,2026-08-04,495.21
TX-0013445,CUST-00859,2026-03-19,563.85
TX-0013446,CUST-00859,2026-02-09,476.64
TX-0013447,CUST-00859,2025-12-10,489.73
TX-0013448,CUST-00859,2026-03-20,507.44
TX-0013449,CUST-00859,2025-10-28,380.14
TX-0013450,CUST-00859,2025-11-04,560.19
TX-0013451,CUST-00859,2026-03-01,501.35
TX-0013452,CUST-00859,2025-10-13,470.01
TX-0013453,CUST-00859,2026-05-07,393.2
TX-0013454,CUST-00859,2026-01-01,569.03
TX-0013455,CUST-00859,2026-01-24,554.69
TX-0013456,CUST-00859,2026-06-13,438.16
TX-0013457,CUST-00860,2026-08-17,426.21
TX-0013458,CUST-00860,2026-04-29,479.59
TX-0013459,CUST-00860,2025-11-20,567.25
TX-0013460,CUST-00860,2025-11-26,479.02
TX-0013461,CUST-00860,2026-05-28,449.75
TX-0013462,CUST-00860,2026-02-09,502.45
TX-0013463,CUST-00860,2026-01-20,516.75
TX-0013464,CUST-00860,2026-03-03,385.35
TX-0013465,CUST-00860,2025-10-28,395.21
TX-0013466,CUST-00860,2025-10-29,529.25
TX-0013467,CUST-00860,2026-03-05,569.65
TX-0013468,CUST-00861,2026-08-16,444.39
TX-0013469,CUST-00861,2026-03-02,561.79
TX-0013470,CUST-00861,2026-01-07,437.55
TX-0013471,CUST-00861,2026-01-16,415.01
TX-0013472,CUST-00861,2025-12-10,401.05
TX-0013473,CUST-00861,2026-06-18,485.89
TX-0013474,CUST-00861,2026-06-13,548.91
TX-0013475,CUST-00861,2025-10-21,504.54
TX-0013476,CUST-00861,2025-12-05,486.72
TX-0013477,CUST-00861,2025-12-20,392.75
TX-0013478,CUST-00861,2026-03-08,541.88
TX-0013479,CUST-00861,2025-12-28,485.91
TX-0013480,CUST-00862,2026-08-21,420.44
TX-0013481,CUST-00862,2026-02-07,453.94
TX-0013482,CUST-00862,2025-11-11,507.7
TX-0013483,CUST-00862,2026-06-26,482.02
TX-0013484,CUST-00862,2026-03-20,536.0
TX-0013485,CUST-00862,2025-11-18,444.73
TX-0013486,CUST-00862,2026-07-11,515.41
TX-0013487,CUST-00863,2026-08-07,445.12
TX-0013488,CUST-00863,2025-10-17,470.94
TX-0013489,CUST-00863,2026-05-15,564.34
TX-0013490,CUST-00863,2025-10-18,549.39
TX-0013491,CUST-00863,2025-10-14,572.91
TX-0013492,CUST-00863,2026-03-15,442.89
TX-0013493,CUST-00863,2026-04-06,519.65
TX-0013494,CUST-00863,2026-02-02,383.17
TX-0013495,CUST-00863,2025-10-13,382.17
TX-0013496,CUST-00864,2026-08-11,513.74
TX-0013497,CUST-00864,2025-11-11,562.83
TX-0013498,CUST-00864,2026-01-25,499.39
TX-0013499,CUST-00864,2025-11-22,440.07
TX-0013500,CUST-00864,2026-02-09,529.94
TX-0013501,CUST-00864,2025-10-30,483.12
TX-0013502,CUST-00864,2025-12-17,393.92
TX-0013503,CUST-00864,2026-07-13,447.08
TX-0013504,CUST-00864,2025-10-27,444.69
TX-0013505,CUST-00864,2025-11-22,504.37
TX-0013506,CUST-00864,2026-03-01,567.32
TX-0013507,CUST-00865,2026-08-06,439.88
TX-0013508,CUST-00865,2026-04-24,552.48
TX-0013509,CUST-00865,2026-01-14,488.61
TX-0013510,CUST-00865,2026-06-06,458.98
TX-0013511,CUST-00865,2026-03-27,566.98
TX-0013512,CUST-00865,2026-03-25,514.22
TX-0013513,CUST-00865,2025-10-31,574.44
TX-0013514,CUST-00865,2025-10-22,489.4
TX-0013515,CUST-00866,2026-08-11,547.83
TX-0013516,CUST-00866,2026-01-21,511.81
TX-0013517,CUST-00866,2026-05-03,402.93
TX-0013518,CUST-00866,2025-11-01,512.19
TX-0013519,CUST-00866,2026-03-04,553.98
TX-0013520,CUST-00866,2026-03-28,474.94
TX-0013521,CUST-00866,2025-12-17,517.77
TX-0013522,CUST-00866,2025-12-18,395.69
TX-0013523,CUST-00866,2025-10-21,461.47
TX-0013524,CUST-00866,2025-12-20,578.45
TX-0013525,CUST-00866,2026-02-14,382.33
TX-0013526,CUST-00867,2026-08-17,424.59
TX-0013527,CUST-00867,2026-03-23,385.38
TX-0013528,CUST-00867,2025-11-21,487.91
TX-0013529,CUST-00867,2026-01-29,463.21
TX-0013530,CUST-00867,2026-02-23,453.98
TX-0013531,CUST-00867,2025-10-26,475.51
TX-0013532,CUST-00867,2025-12-07,539.61
TX-0013533,CUST-00867,2026-05-13,546.04
TX-0013534,CUST-00867,2026-01-24,544.74
TX-0013535,CUST-00867,2026-05-18,511.17
TX-0013536,CUST-00867,2026-03-09,516.4
TX-0013537,CUST-00867,2026-03-29,534.76
TX-0013538,CUST-00867,2026-04-15,441.38
TX-0013539,CUST-00868,2026-08-13,415.74
TX-0013540,CUST-00868,2025-10-20,409.56
TX-0013541,CUST-00868,2026-04-17,408.44
TX-0013542,CUST-00868,2025-10-18,411.98
TX-0013543,CUST-00868,2026-07-23,418.05
TX-0013544,CUST-00868,2026-01-12,531.9
TX-0013545,CUST-00868,2026-02-04,485.41
TX-0013546,CUST-00868,2025-10-22,387.78
TX-0013547,CUST-00868,2025-11-27,504.16
TX-0013548,CUST-00868,2026-02-07,444.25
TX-0013549,CUST-00868,2026-05-11,559.89
TX-0013550,CUST-00869,2026-08-12,397.67
TX-0013551,CUST-00869,2026-05-19,401.42
TX-0013552,CUST-00869,2026-06-17,559.47
TX-0013553,CUST-00869,2026-05-18,561.4
TX-0013554,CUST-00869,2026-05-21,404.02
TX-0013555,CUST-00869,2025-10-21,546.67
TX-0013556,CUST-00869,2026-05-31,403.25
TX-0013557,CUST-00869,2026-07-04,540.69
TX-0013558,CUST-00869,2026-06-28,395.61
TX-0013559,CUST-00869,2026-05-15,540.25
TX-0013560,CUST-00870,2026-08-12,533.53
TX-0013561,CUST-00870,2025-11-12,557.98
TX-0013562,CUST-00870,2026-02-19,535.92
TX-0013563,CUST-00870,2026-01-11,448.84
TX-0013564,CUST-00870,2025-12-17,515.95
TX-0013565,CUST-00870,2026-06-28,494.97
TX-0013566,CUST-00870,2025-10-19,473.96
TX-0013567,CUST-00870,2026-06-23,503.85
TX-0013568,CUST-00870,2026-03-05,432.1
TX-0013569,CUST-00870,2026-06-13,446.07
TX-0013570,CUST-00870,2025-10-23,458.42
TX-0013571,CUST-00870,2026-06-28,515.88
TX-0013572,CUST-00870,2026-02-17,557.96
TX-0013573,CUST-00870,2026-06-17,531.54
TX-0013574,CUST-00871,2026-08-21,522.38
TX-0013575,CUST-00871,2026-04-27,412.27
TX-0013576,CUST-00871,2026-05-26,480.69
TX-0013577,CUST-00871,2026-05-08,392.95
TX-0013578,CUST-00871,2025-11-08,579.43
TX-0013579,CUST-00871,2025-11-15,529.51
TX-0013580,CUST-00871,2026-01-17,420.21
TX-0013581,CUST-00871,2025-10-29,506.16
TX-0013582,CUST-00871,2026-05-08,573.22
TX-0013583,CUST-00871,2026-07-25,414.69
TX-0013584,CUST-00872,2026-08-17,561.44
TX-0013585,CUST-00872,2025-12-15,415.16
TX-0013586,CUST-00872,2026-05-04,497.64
TX-0013587,CUST-00872,2026-03-17,579.93
TX-0013588,CUST-00872,2025-12-18,564.71
TX-0013589,CUST-00872,2025-11-01,515.0
TX-0013590,CUST-00872,2025-11-25,481.41
TX-0013591,CUST-00872,2026-05-28,404.83
TX-0013592,CUST-00872,2026-01-12,500.29
TX-0013593,CUST-00872,2025-12-04,477.07
TX-0013594,CUST-00872,2026-05-16,536.84
TX-0013595,CUST-00872,2026-03-11,544.08
TX-0013596,CUST-00873,2026-08-16,453.95
TX-0013597,CUST-00873,2025-11-10,401.51
TX-0013598,CUST-00873,2025-12-24,413.31
TX-0013599,CUST-00873,2026-03-14,395.97
TX-0013600,CUST-00873,2026-01-17,523.68
TX-0013601,CUST-00873,2025-12-18,489.89
TX-0013602,CUST-00873,2026-01-17,558.67
TX-0013603,CUST-00873,2025-11-03,469.52
TX-0013604,CUST-00873,2026-01-28,397.83
TX-0013605,CUST-00873,2026-05-28,511.52
TX-0013606,CUST-00873,2026-05-01,461.16
TX-0013607,CUST-00873,2026-01-18,513.35
TX-0013608,CUST-00873,2026-07-11,501.07
TX-0013609,CUST-00874,2026-08-20,455.57
TX-0013610,CUST-00874,2026-05-16,544.88
TX-0013611,CUST-00874,2026-03-01,516.44
TX-0013612,CUST-00874,2026-02-03,514.43
TX-0013613,CUST-00874,2025-12-15,480.64
TX-0013614,CUST-00874,2026-07-25,420.22
TX-0013615,CUST-00874,2026-02-09,408.06
TX-0013616,CUST-00874,2026-07-18,443.9
TX-0013617,CUST-00874,2026-04-19,537.55
TX-0013618,CUST-00874,2026-07-04,402.28
TX-0013619,CUST-00874,2026-01-19,404.85
TX-0013620,CUST-00874,2026-05-21,420.44
TX-0013621,CUST-00874,2026-07-04,382.79
TX-0013622,CUST-00874,2026-05-19,579.26
TX-0013623,CUST-00875,2026-08-11,422.25
TX-0013624,CUST-00875,2026-01-13,479.14
TX-0013625,CUST-00875,2026-05-23,491.93
TX-0013626,CUST-00875,2026-01-06,460.13
TX-0013627,CUST-00875,2025-11-14,565.58
TX-0013628,CUST-00875,2025-10-21,522.61
TX-0013629,CUST-00875,2026-05-27,474.78
TX-0013630,CUST-00875,2025-10-27,441.08
TX-0013631,CUST-00875,2025-12-12,385.83
TX-0013632,CUST-00876,2026-08-21,444.65
TX-0013633,CUST-00876,2026-03-29,476.2
TX-0013634,CUST-00876,2026-05-06,452.96
TX-0013635,CUST-00876,2026-07-28,514.87
TX-0013636,CUST-00876,2026-02-18,428.82
TX-0013637,CUST-00876,2025-10-31,388.73
TX-0013638,CUST-00876,2025-12-06,478.46
TX-0013639,CUST-00876,2026-04-28,503.75
TX-0013640,CUST-00876,2026-03-20,503.79
TX-0013641,CUST-00876,2026-03-24,505.39
TX-0013642,CUST-00876,2026-08-02,486.65
TX-0013643,CUST-00876,2025-12-09,480.42
TX-0013644,CUST-00877,2026-08-21,427.17
TX-0013645,CUST-00877,2026-01-06,390.91
TX-0013646,CUST-00877,2026-02-12,540.63
TX-0013647,CUST-00877,2025-12-03,428.14
TX-0013648,CUST-00877,2026-06-13,517.51
TX-0013649,CUST-00877,2026-08-05,524.23
TX-0013650,CUST-00877,2025-11-19,472.96
TX-0013651,CUST-00877,2025-12-24,458.61
TX-0013652,CUST-00877,2026-01-23,450.22
TX-0013653,CUST-00877,2025-12-10,387.73
TX-0013654,CUST-00877,2026-02-14,417.43
TX-0013655,CUST-00877,2026-04-11,499.27
TX-0013656,CUST-00878,2026-08-10,495.03
TX-0013657,CUST-00878,2026-06-27,455.7
TX-0013658,CUST-00878,2026-01-28,561.39
TX-0013659,CUST-00878,2026-07-17,468.17
TX-0013660,CUST-00878,2026-02-18,472.56
TX-0013661,CUST-00878,2026-04-02,403.7
TX-0013662,CUST-00878,2025-12-12,557.04
TX-0013663,CUST-00879,2026-08-15,569.52
TX-0013664,CUST-00879,2026-04-22,473.61
TX-0013665,CUST-00879,2026-01-27,413.67
TX-0013666,CUST-00879,2025-12-24,575.36
TX-0013667,CUST-00879,2026-02-16,432.33
TX-0013668,CUST-00879,2025-12-14,541.07
TX-0013669,CUST-00879,2026-02-14,569.93
TX-0013670,CUST-00879,2026-02-04,534.0
TX-0013671,CUST-00879,2025-11-23,489.33
TX-0013672,CUST-00879,2026-05-23,483.46
TX-0013673,CUST-00879,2025-12-28,401.0
TX-0013674,CUST-00879,2025-11-23,390.81
TX-0013675,CUST-00879,2025-10-24,563.26
TX-0013676,CUST-00880,2026-08-09,392.47
TX-0013677,CUST-00880,2026-02-06,433.86
TX-0013678,CUST-00880,2025-11-11,397.9
TX-0013679,CUST-00880,2026-07-19,470.29
TX-0013680,CUST-00880,2026-04-19,555.97
TX-0013681,CUST-00880,2026-06-04,483.62
TX-0013682,CUST-00880,2026-05-04,484.86
TX-0013683,CUST-00880,2026-07-04,402.49
TX-0013684,CUST-00880,2025-12-29,503.67
TX-0013685,CUST-00880,2025-11-08,500.14
TX-0013686,CUST-00880,2026-03-23,438.85
TX-0013687,CUST-00880,2026-03-11,393.08
TX-0013688,CUST-00880,2025-10-29,463.31
TX-0013689,CUST-00880,2025-12-21,479.18
TX-0013690,CUST-00881,2026-08-15,539.23
TX-0013691,CUST-00881,2025-10-23,399.15
TX-0013692,CUST-00881,2026-04-23,501.64
TX-0013693,CUST-00881,2026-03-15,538.67
TX-0013694,CUST-00881,2026-07-09,579.46
TX-0013695,CUST-00881,2025-12-31,552.99
TX-0013696,CUST-00881,2026-03-25,480.53
TX-0013697,CUST-00881,2026-04-16,508.66
TX-0013698,CUST-00881,2025-12-04,529.88
TX-0013699,CUST-00881,2026-05-28,480.68
TX-0013700,CUST-00881,2026-03-30,402.76
TX-0013701,CUST-00882,2026-08-18,408.95
TX-0013702,CUST-00882,2025-11-25,542.27
TX-0013703,CUST-00882,2026-06-20,454.52
TX-0013704,CUST-00882,2026-01-26,562.07
TX-0013705,CUST-00882,2025-11-04,536.18
TX-0013706,CUST-00882,2025-12-11,432.23
TX-0013707,CUST-00882,2025-10-26,452.33
TX-0013708,CUST-00882,2026-01-07,535.45
TX-0013709,CUST-00882,2026-02-02,538.01
TX-0013710,CUST-00882,2026-01-05,426.32
TX-0013711,CUST-00882,2025-10-29,437.82
TX-0013712,CUST-00882,2025-11-08,490.77
TX-0013713,CUST-00882,2026-02-10,530.89
TX-0013714,CUST-00883,2026-08-11,553.76
TX-0013715,CUST-00883,2025-11-06,432.27
TX-0013716,CUST-00883,2026-03-14,556.94
TX-0013717,CUST-00883,2026-05-03,468.2
TX-0013718,CUST-00883,2025-11-24,550.25
TX-0013719,CUST-00883,2026-04-26,438.15
TX-0013720,CUST-00883,2026-06-14,513.73
TX-0013721,CUST-00883,2025-10-16,406.21
TX-0013722,CUST-00883,2026-03-06,520.21
TX-0013723,CUST-00884,2026-08-12,529.97
TX-0013724,CUST-00884,2026-04-02,490.97
TX-0013725,CUST-00884,2026-01-11,539.56
TX-0013726,CUST-00884,2025-12-29,577.02
TX-0013727,CUST-00884,2026-04-24,542.17
TX-0013728,CUST-00884,2026-07-09,535.92
TX-0013729,CUST-00884,2026-01-04,509.94
TX-0013730,CUST-00885,2026-08-21,530.16
TX-0013731,CUST-00885,2026-02-15,419.44
TX-0013732,CUST-00885,2026-03-07,466.98
TX-0013733,CUST-00885,2026-03-05,462.63
TX-0013734,CUST-00885,2026-03-22,555.2
TX-0013735,CUST-00885,2026-06-19,534.31
TX-0013736,CUST-00885,2026-01-30,535.62
TX-0013737,CUST-00885,2026-04-01,487.9
TX-0013738,CUST-00885,2025-12-14,410.71
TX-0013739,CUST-00885,2026-06-12,486.33
TX-0013740,CUST-00885,2026-05-03,424.94
TX-0013741,CUST-00886,2026-08-07,391.32
TX-0013742,CUST-00886,2026-01-29,451.58
TX-0013743,CUST-00886,2025-12-15,551.69
TX-0013744,CUST-00886,2026-05-05,523.94
TX-0013745,CUST-00886,2026-02-20,398.76
TX-0013746,CUST-00886,2025-10-31,469.87
TX-0013747,CUST-00886,2025-11-08,478.31
TX-0013748,CUST-00886,2026-02-11,452.69
TX-0013749,CUST-00886,2025-12-17,525.06
TX-0013750,CUST-00887,2026-08-22,417.76
TX-0013751,CUST-00887,2026-06-22,507.07
TX-0013752,CUST-00887,2026-04-19,558.12
TX-0013753,CUST-00887,2026-07-20,550.49
TX-0013754,CUST-00887,2026-08-02,543.9
TX-0013755,CUST-00887,2026-07-17,408.65
TX-0013756,CUST-00887,2026-03-18,450.01
TX-0013757,CUST-00887,2026-07-06,531.66
TX-0013758,CUST-00887,2025-11-11,480.81
TX-0013759,CUST-00887,2026-04-12,524.99
TX-0013760,CUST-00887,2026-04-29,438.58
TX-0013761,CUST-00887,2025-12-02,510.79
TX-0013762,CUST-00887,2025-11-14,449.3
TX-0013763,CUST-00888,2026-08-12,577.0
TX-0013764,CUST-00888,2026-05-16,467.12
TX-0013765,CUST-00888,2025-12-09,559.35
TX-0013766,CUST-00888,2025-10-23,487.16
TX-0013767,CUST-00888,2026-06-15,526.0
TX-0013768,CUST-00888,2026-02-15,398.31
TX-0013769,CUST-00888,2026-05-12,570.48
TX-0013770,CUST-00888,2026-03-20,558.81
TX-0013771,CUST-00888,2025-12-04,511.12
TX-0013772,CUST-00888,2026-06-29,463.41
TX-0013773,CUST-00888,2025-11-21,419.17
TX-0013774,CUST-00888,2026-06-10,523.02
TX-0013775,CUST-00888,2025-12-30,386.0
TX-0013776,CUST-00889,2026-08-04,477.95
TX-0013777,CUST-00889,2026-03-14,439.89
TX-0013778,CUST-00889,2026-01-09,397.12
TX-0013779,CUST-00889,2026-02-03,448.95
TX-0013780,CUST-00889,2026-01-20,504.81
TX-0013781,CUST-00889,2026-02-12,423.38
TX-0013782,CUST-00889,2026-03-18,472.33
TX-0013783,CUST-00889,2026-04-24,427.94
TX-0013784,CUST-00889,2026-05-12,533.94
TX-0013785,CUST-00889,2026-07-17,433.78
TX-0013786,CUST-00890,2026-08-08,475.23
TX-0013787,CUST-00890,2026-07-17,568.03
TX-0013788,CUST-00890,2025-11-26,530.32
TX-0013789,CUST-00890,2026-01-28,482.82
TX-0013790,CUST-00890,2026-03-24,387.31
TX-0013791,CUST-00890,2026-04-18,544.33
TX-0013792,CUST-00890,2026-03-24,444.19
TX-0013793,CUST-00890,2025-11-24,501.33
TX-0013794,CUST-00890,2025-12-22,484.61
TX-0013795,CUST-00890,2026-06-12,409.92
TX-0013796,CUST-00890,2025-11-04,402.57
TX-0013797,CUST-00891,2026-08-15,468.5
TX-0013798,CUST-00891,2026-04-17,569.32
TX-0013799,CUST-00891,2025-11-13,461.25
TX-0013800,CUST-00891,2026-05-14,540.01
TX-0013801,CUST-00891,2026-07-06,396.55
TX-0013802,CUST-00891,2026-01-12,451.19
TX-0013803,CUST-00891,2026-02-08,381.86
TX-0013804,CUST-00891,2026-07-19,483.04
TX-0013805,CUST-00891,2025-10-26,551.69
TX-0013806,CUST-00891,2026-03-03,426.49
TX-0013807,CUST-00891,2026-03-03,414.28
TX-0013808,CUST-00891,2026-03-28,432.65
TX-0013809,CUST-00891,2025-11-10,579.56
TX-0013810,CUST-00891,2026-07-03,428.51
TX-0013811,CUST-00892,2026-08-18,469.17
TX-0013812,CUST-00892,2026-04-16,397.85
TX-0013813,CUST-00892,2026-07-25,409.54
TX-0013814,CUST-00892,2026-04-04,427.08
TX-0013815,CUST-00892,2025-12-11,548.99
TX-0013816,CUST-00892,2026-01-01,487.27
TX-0013817,CUST-00892,2026-06-13,466.53
TX-0013818,CUST-00892,2025-12-10,413.2
TX-0013819,CUST-00892,2026-03-02,557.48
TX-0013820,CUST-00893,2026-08-22,407.76
TX-0013821,CUST-00893,2025-11-17,542.42
TX-0013822,CUST-00893,2026-02-21,383.61
TX-0013823,CUST-00893,2025-12-18,496.81
TX-0013824,CUST-00893,2026-04-15,383.81
TX-0013825,CUST-00893,2025-12-30,400.31
TX-0013826,CUST-00893,2026-05-08,487.98
TX-0013827,CUST-00893,2026-05-05,531.83
TX-0013828,CUST-00893,2026-07-09,550.64
TX-0013829,CUST-00893,2026-03-28,531.59
TX-0013830,CUST-00893,2025-12-12,563.32
TX-0013831,CUST-00893,2026-01-23,444.4
TX-0013832,CUST-00894,2026-08-12,426.0
TX-0013833,CUST-00894,2025-10-31,471.68
TX-0013834,CUST-00894,2026-05-19,541.45
TX-0013835,CUST-00894,2025-10-20,501.98
TX-0013836,CUST-00894,2026-01-29,402.05
TX-0013837,CUST-00894,2026-04-27,380.29
TX-0013838,CUST-00894,2025-12-16,488.46
TX-0013839,CUST-00894,2026-02-11,566.31
TX-0013840,CUST-00894,2026-02-25,422.94
TX-0013841,CUST-00894,2026-03-09,519.7
TX-0013842,CUST-00895,2026-08-09,518.73
TX-0013843,CUST-00895,2026-07-07,422.51
TX-0013844,CUST-00895,2026-07-16,430.9
TX-0013845,CUST-00895,2026-07-17,505.47
TX-0013846,CUST-00895,2026-05-20,526.35
TX-0013847,CUST-00895,2026-05-21,538.51
TX-0013848,CUST-00895,2026-06-29,532.41
TX-0013849,CUST-00895,2026-03-31,393.65
TX-0013850,CUST-00895,2026-03-18,436.04
TX-0013851,CUST-00895,2026-06-08,571.76
TX-0013852,CUST-00895,2026-02-21,543.55
TX-0013853,CUST-00895,2026-07-03,482.69
TX-0013854,CUST-00896,2026-08-17,386.42
TX-0013855,CUST-00896,2026-04-16,444.46
TX-0013856,CUST-00896,2026-06-27,424.55
TX-0013857,CUST-00896,2026-07-24,445.31
TX-0013858,CUST-00896,2026-04-08,473.69
TX-0013859,CUST-00896,2025-12-23,484.04
TX-0013860,CUST-00896,2026-04-19,479.67
TX-0013861,CUST-00896,2025-12-27,463.57
TX-0013862,CUST-00896,2025-11-01,393.53
TX-0013863,CUST-00897,2026-08-17,418.73
TX-0013864,CUST-00897,2025-12-04,455.09
TX-0013865,CUST-00897,2026-02-28,531.96
TX-0013866,CUST-00897,2025-12-05,575.55
TX-0013867,CUST-00897,2026-03-15,431.4
TX-0013868,CUST-00897,2025-12-21,538.32
TX-0013869,CUST-00897,2026-05-31,481.57
TX-0013870,CUST-00897,2026-06-18,549.34
TX-0013871,CUST-00897,2026-04-09,491.4
TX-0013872,CUST-00897,2026-01-16,403.91
TX-0013873,CUST-00897,2026-07-18,577.26
TX-0013874,CUST-00898,2026-08-04,447.11
TX-0013875,CUST-00898,2026-03-03,480.94
TX-0013876,CUST-00898,2026-04-05,399.47
TX-0013877,CUST-00898,2025-10-28,419.38
TX-0013878,CUST-00898,2026-03-02,467.76
TX-0013879,CUST-00898,2026-01-05,539.64
TX-0013880,CUST-00898,2026-04-23,568.06
TX-0013881,CUST-00898,2026-04-16,436.56
TX-0013882,CUST-00899,2026-08-16,548.1
TX-0013883,CUST-00899,2025-11-04,443.39
TX-0013884,CUST-00899,2026-06-01,459.06
TX-0013885,CUST-00899,2025-12-04,397.22
TX-0013886,CUST-00899,2026-05-05,438.94
TX-0013887,CUST-00899,2026-03-03,545.78
TX-0013888,CUST-00899,2026-06-05,492.92
TX-0013889,CUST-00899,2026-03-15,572.42
TX-0013890,CUST-00899,2026-03-04,403.28
TX-0013891,CUST-00899,2025-12-22,405.41
TX-0013892,CUST-00899,2026-03-05,526.57
TX-0013893,CUST-00899,2026-02-28,432.93
TX-0013894,CUST-00899,2026-03-21,488.67
TX-0013895,CUST-00900,2026-08-06,381.32
TX-0013896,CUST-00900,2026-03-10,391.32
TX-0013897,CUST-00900,2026-04-06,506.53
TX-0013898,CUST-00900,2026-01-10,460.35
TX-0013899,CUST-00900,2026-03-02,428.56
TX-0013900,CUST-00900,2025-12-30,440.83
TX-0013901,CUST-00900,2026-05-08,394.8
TX-0013902,CUST-00900,2026-03-28,487.83
TX-0013903,CUST-00901,2026-08-11,498.44
TX-0013904,CUST-00901,2026-03-15,421.66
TX-0013905,CUST-00901,2025-12-02,438.3
TX-0013906,CUST-00901,2026-04-18,571.86
TX-0013907,CUST-00901,2026-04-26,561.9
TX-0013908,CUST-00901,2026-01-07,555.79
TX-0013909,CUST-00901,2025-11-23,387.88
TX-0013910,CUST-00901,2026-03-07,549.97
TX-0013911,CUST-00901,2026-01-03,446.86
TX-0013912,CUST-00901,2025-12-17,478.02
TX-0013913,CUST-00901,2026-01-26,568.71
TX-0013914,CUST-00901,2026-03-16,536.02
TX-0013915,CUST-00901,2026-03-27,509.08
TX-0013916,CUST-00901,2026-07-10,417.17
TX-0013917,CUST-00902,2026-08-14,501.32
TX-0013918,CUST-00902,2025-12-17,536.65
TX-0013919,CUST-00902,2026-07-06,481.96
TX-0013920,CUST-00902,2026-04-13,528.51
TX-0013921,CUST-00902,2026-01-24,398.75
TX-0013922,CUST-00902,2025-10-25,569.67
TX-0013923,CUST-00902,2026-06-24,556.07
TX-0013924,CUST-00902,2025-11-20,482.21
TX-0013925,CUST-00902,2026-02-23,479.59
TX-0013926,CUST-00902,2025-12-09,436.65
TX-0013927,CUST-00902,2026-02-27,549.98
TX-0013928,CUST-00902,2026-06-03,555.82
TX-0013929,CUST-00902,2026-04-02,488.22
TX-0013930,CUST-00903,2026-08-06,501.69
TX-0013931,CUST-00903,2026-03-04,565.36
TX-0013932,CUST-00903,2026-04-03,463.64
TX-0013933,CUST-00903,2026-05-21,398.2
TX-0013934,CUST-00903,2025-10-30,498.0
TX-0013935,CUST-00903,2026-01-29,504.14
TX-0013936,CUST-00903,2026-01-15,387.43
TX-0013937,CUST-00903,2026-07-15,559.08
TX-0013938,CUST-00903,2026-04-06,519.1
TX-0013939,CUST-00903,2026-06-20,394.93
TX-0013940,CUST-00903,2025-11-13,412.37
TX-0013941,CUST-00903,2025-12-05,524.62
TX-0013942,CUST-00904,2026-08-19,508.16
TX-0013943,CUST-00904,2025-12-10,551.77
TX-0013944,CUST-00904,2026-05-01,444.45
TX-0013945,CUST-00904,2026-02-22,465.09
TX-0013946,CUST-00904,2025-10-26,490.98
TX-0013947,CUST-00904,2026-02-04,489.38
TX-0013948,CUST-00904,2025-12-17,415.61
TX-0013949,CUST-00904,2026-03-21,461.08
TX-0013950,CUST-00904,2026-02-03,577.6
TX-0013951,CUST-00904,2025-10-26,410.89
TX-0013952,CUST-00904,2026-03-29,561.12
TX-0013953,CUST-00904,2026-01-22,525.11
TX-0013954,CUST-00905,2026-08-11,417.44
TX-0013955,CUST-00905,2026-05-15,454.84
TX-0013956,CUST-00905,2026-05-30,431.02
TX-0013957,CUST-00905,2025-12-09,524.14
TX-0013958,CUST-00905,2026-04-05,547.04
TX-0013959,CUST-00905,2026-06-09,441.99
TX-0013960,CUST-00905,2026-03-23,533.71
TX-0013961,CUST-00905,2026-06-11,409.12
TX-0013962,CUST-00905,2026-03-02,456.61
TX-0013963,CUST-00905,2026-06-04,395.78
TX-0013964,CUST-00905,2026-03-10,442.55
TX-0013965,CUST-00905,2025-11-20,391.31
TX-0013966,CUST-00906,2026-08-11,492.6
TX-0013967,CUST-00906,2026-06-03,486.17
TX-0013968,CUST-00906,2026-03-05,383.45
TX-0013969,CUST-00906,2025-11-30,389.49
TX-0013970,CUST-00906,2026-03-04,573.66
TX-0013971,CUST-00906,2025-11-03,461.6
TX-0013972,CUST-00906,2026-03-15,576.41
TX-0013973,CUST-00906,2026-01-10,535.82
TX-0013974,CUST-00906,2025-12-20,480.95
TX-0013975,CUST-00906,2025-11-21,559.58
TX-0013976,CUST-00906,2026-02-12,511.34
TX-0013977,CUST-00907,2026-08-14,461.32
TX-0013978,CUST-00907,2026-05-06,570.65
TX-0013979,CUST-00907,2025-10-22,497.43
TX-0013980,CUST-00907,2026-07-26,424.41
TX-0013981,CUST-00907,2025-12-22,444.43
TX-0013982,CUST-00907,2025-12-10,495.42
TX-0013983,CUST-00907,2026-07-06,541.48
TX-0013984,CUST-00907,2025-11-21,571.82
TX-0013985,CUST-00907,2026-07-04,526.32
TX-0013986,CUST-00907,2026-07-03,552.17
TX-0013987,CUST-00907,2026-06-29,429.36
TX-0013988,CUST-00907,2026-05-14,458.37
TX-0013989,CUST-00907,2025-12-04,478.69
TX-0013990,CUST-00908,2026-08-19,431.27
TX-0013991,CUST-00908,2026-06-26,473.48
TX-0013992,CUST-00908,2026-07-24,506.2
TX-0013993,CUST-00908,2026-07-26,385.06
TX-0013994,CUST-00908,2025-12-25,526.77
TX-0013995,CUST-00908,2026-02-08,553.09
TX-0013996,CUST-00908,2026-06-21,500.52
TX-0013997,CUST-00908,2026-02-18,536.21
TX-0013998,CUST-00909,2026-08-13,399.79
TX-0013999,CUST-00909,2026-06-22,501.18
TX-0014000,CUST-00909,2025-11-06,479.52
TX-0014001,CUST-00909,2025-11-07,546.77
TX-0014002,CUST-00909,2026-05-20,524.75
TX-0014003,CUST-00909,2025-10-23,518.92
TX-0014004,CUST-00909,2025-12-21,398.47
TX-0014005,CUST-00909,2026-07-07,543.17
TX-0014006,CUST-00909,2026-03-07,452.14
TX-0014007,CUST-00909,2025-11-08,403.65
TX-0014008,CUST-00909,2025-11-25,419.76
TX-0014009,CUST-00909,2025-12-21,549.49
TX-0014010,CUST-00910,2026-08-05,399.83
TX-0014011,CUST-00910,2026-06-06,456.36
TX-0014012,CUST-00910,2026-01-18,563.76
TX-0014013,CUST-00910,2025-10-28,427.8
TX-0014014,CUST-00910,2026-01-31,408.7
TX-0014015,CUST-00910,2025-11-25,529.46
TX-0014016,CUST-00910,2026-06-15,580.0
TX-0014017,CUST-00910,2025-11-02,398.45
TX-0014018,CUST-00910,2026-01-07,535.41
TX-0014019,CUST-00910,2025-12-07,431.6
TX-0014020,CUST-00910,2026-05-10,499.23
TX-0014021,CUST-00910,2026-02-15,506.09
TX-0014022,CUST-00910,2025-12-28,496.06
TX-0014023,CUST-00911,2026-08-14,564.83
TX-0014024,CUST-00911,2025-12-01,413.32
TX-0014025,CUST-00911,2026-02-19,564.0
TX-0014026,CUST-00911,2026-07-02,562.59
TX-0014027,CUST-00911,2026-06-13,427.72
TX-0014028,CUST-00911,2025-11-02,500.37
TX-0014029,CUST-00911,2026-04-25,526.18
TX-0014030,CUST-00911,2026-07-10,484.48
TX-0014031,CUST-00912,2026-08-17,518.22
TX-0014032,CUST-00912,2026-04-07,537.03
TX-0014033,CUST-00912,2026-07-02,453.91
TX-0014034,CUST-00912,2026-07-04,450.66
TX-0014035,CUST-00912,2026-05-13,506.09
TX-0014036,CUST-00912,2025-12-29,555.93
TX-0014037,CUST-00912,2026-06-27,572.39
TX-0014038,CUST-00912,2026-03-05,556.04
TX-0014039,CUST-00912,2026-02-10,432.42
TX-0014040,CUST-00912,2026-02-24,487.88
TX-0014041,CUST-00912,2026-04-10,533.74
TX-0014042,CUST-00913,2026-08-08,557.17
TX-0014043,CUST-00913,2026-05-04,558.3
TX-0014044,CUST-00913,2025-12-18,569.65
TX-0014045,CUST-00913,2026-03-16,577.48
TX-0014046,CUST-00913,2025-12-18,536.98
TX-0014047,CUST-00913,2026-01-19,466.45
TX-0014048,CUST-00913,2026-05-11,548.49
TX-0014049,CUST-00913,2025-12-19,497.11
TX-0014050,CUST-00914,2026-08-22,429.89
TX-0014051,CUST-00914,2025-11-24,508.35
TX-0014052,CUST-00914,2026-05-08,471.57
TX-0014053,CUST-00914,2026-05-22,447.79
TX-0014054,CUST-00914,2026-05-04,455.37
TX-0014055,CUST-00914,2026-04-26,391.34
TX-0014056,CUST-00914,2026-07-27,524.98
TX-0014057,CUST-00914,2026-01-25,442.18
TX-0014058,CUST-00914,2026-08-01,396.3
TX-0014059,CUST-00914,2025-12-05,419.17
TX-0014060,CUST-00914,2026-07-25,569.23
TX-0014061,CUST-00914,2026-07-27,493.67
TX-0014062,CUST-00914,2026-04-17,486.54
TX-0014063,CUST-00914,2025-10-30,402.56
TX-0014064,CUST-00915,2026-08-09,406.13
TX-0014065,CUST-00915,2025-10-22,410.52
TX-0014066,CUST-00915,2026-05-11,505.73
TX-0014067,CUST-00915,2026-06-12,405.21
TX-0014068,CUST-00915,2025-11-27,514.1
TX-0014069,CUST-00915,2026-01-30,423.55
TX-0014070,CUST-00915,2026-02-25,544.64
TX-0014071,CUST-00915,2026-06-26,446.51
TX-0014072,CUST-00916,2026-08-19,502.78
TX-0014073,CUST-00916,2025-11-16,500.01
TX-0014074,CUST-00916,2026-01-21,509.29
TX-0014075,CUST-00916,2025-12-06,554.85
TX-0014076,CUST-00916,2026-02-23,460.26
TX-0014077,CUST-00916,2026-01-23,533.22
TX-0014078,CUST-00916,2026-05-23,531.92
TX-0014079,CUST-00916,2026-06-16,436.0
TX-0014080,CUST-00916,2026-03-21,527.84
TX-0014081,CUST-00916,2026-06-17,505.53
TX-0014082,CUST-00916,2026-07-11,469.31
TX-0014083,CUST-00916,2026-06-28,542.37
TX-0014084,CUST-00917,2026-08-04,397.19
TX-0014085,CUST-00917,2026-03-09,453.24
TX-0014086,CUST-00917,2026-01-22,477.98
TX-0014087,CUST-00917,2026-06-30,552.85
TX-0014088,CUST-00917,2026-04-07,487.76
TX-0014089,CUST-00917,2026-03-24,459.44
TX-0014090,CUST-00917,2026-01-29,385.66
TX-0014091,CUST-00917,2026-02-23,475.12
TX-0014092,CUST-00917,2026-04-11,449.18
TX-0014093,CUST-00917,2026-01-14,462.21
TX-0014094,CUST-00918,2026-08-13,557.01
TX-0014095,CUST-00918,2025-12-25,452.78
TX-0014096,CUST-00918,2026-04-07,553.18
TX-0014097,CUST-00918,2026-02-15,451.62
TX-0014098,CUST-00918,2026-03-26,540.16
TX-0014099,CUST-00918,2026-01-21,498.37
TX-0014100,CUST-00918,2025-11-05,474.13
TX-0014101,CUST-00918,2026-05-06,475.81
TX-0014102,CUST-00918,2026-07-17,419.46
TX-0014103,CUST-00918,2026-03-02,488.0
TX-0014104,CUST-00918,2026-06-06,470.72
TX-0014105,CUST-00919,2026-08-22,384.16
TX-0014106,CUST-00919,2026-06-21,475.02
TX-0014107,CUST-00919,2026-02-04,447.65
TX-0014108,CUST-00919,2026-06-07,535.31
TX-0014109,CUST-00919,2026-06-27,398.26
TX-0014110,CUST-00919,2026-03-05,566.97
TX-0014111,CUST-00919,2025-11-18,461.31
TX-0014112,CUST-00919,2025-11-06,463.99
TX-0014113,CUST-00919,2025-12-08,486.1
TX-0014114,CUST-00920,2026-08-13,402.97
TX-0014115,CUST-00920,2026-03-16,406.23
TX-0014116,CUST-00920,2025-12-19,500.38
TX-0014117,CUST-00920,2026-06-07,439.95
TX-0014118,CUST-00920,2026-06-13,404.69
TX-0014119,CUST-00920,2026-05-27,528.28
TX-0014120,CUST-00920,2025-11-19,486.22
TX-0014121,CUST-00921,2026-08-09,436.63
TX-0014122,CUST-00921,2025-11-19,497.13
TX-0014123,CUST-00921,2026-03-23,397.54
TX-0014124,CUST-00921,2026-01-25,477.47
TX-0014125,CUST-00921,2025-11-26,390.36
TX-0014126,CUST-00921,2026-03-09,475.42
TX-0014127,CUST-00921,2025-11-19,538.01
TX-0014128,CUST-00921,2025-10-19,478.69
TX-0014129,CUST-00921,2026-06-07,549.71
TX-0014130,CUST-00921,2026-07-15,410.63
TX-0014131,CUST-00921,2026-05-08,404.86
TX-0014132,CUST-00921,2026-04-16,471.8
TX-0014133,CUST-00921,2026-01-27,545.42
TX-0014134,CUST-00922,2026-08-15,574.14
TX-0014135,CUST-00922,2025-11-23,499.17
TX-0014136,CUST-00922,2026-02-09,415.06
TX-0014137,CUST-00922,2026-01-15,418.02
TX-0014138,CUST-00922,2026-02-17,524.18
TX-0014139,CUST-00922,2026-04-15,420.94
TX-0014140,CUST-00922,2026-03-16,451.24
TX-0014141,CUST-00922,2026-06-03,467.75
TX-0014142,CUST-00922,2026-05-29,408.14
TX-0014143,CUST-00922,2026-07-25,444.1
TX-0014144,CUST-00923,2026-08-06,400.33
TX-0014145,CUST-00923,2025-12-05,397.56
TX-0014146,CUST-00923,2026-01-09,478.59
TX-0014147,CUST-00923,2026-05-04,544.69
TX-0014148,CUST-00923,2026-05-02,477.24
TX-0014149,CUST-00923,2025-11-21,401.64
TX-0014150,CUST-00923,2025-10-28,574.02
TX-0014151,CUST-00923,2025-12-16,526.38
TX-0014152,CUST-00923,2026-03-06,568.04
TX-0014153,CUST-00923,2026-03-10,409.78
TX-0014154,CUST-00923,2026-05-30,479.38
TX-0014155,CUST-00923,2025-12-02,551.91
TX-0014156,CUST-00923,2026-03-20,477.71
TX-0014157,CUST-00923,2025-12-26,429.39
TX-0014158,CUST-00924,2026-08-19,497.25
TX-0014159,CUST-00924,2026-04-10,464.35
TX-0014160,CUST-00924,2026-06-20,532.27
TX-0014161,CUST-00924,2026-03-31,486.43
TX-0014162,CUST-00924,2026-03-09,417.86
TX-0014163,CUST-00924,2026-07-06,428.23
TX-0014164,CUST-00924,2026-01-19,550.38
TX-0014165,CUST-00924,2026-02-22,415.44
TX-0014166,CUST-00925,2026-08-07,542.98
TX-0014167,CUST-00925,2025-12-11,496.35
TX-0014168,CUST-00925,2025-11-13,450.37
TX-0014169,CUST-00925,2025-12-16,475.99
TX-0014170,CUST-00925,2026-05-22,424.37
TX-0014171,CUST-00925,2026-03-31,471.54
TX-0014172,CUST-00925,2026-03-14,481.07
TX-0014173,CUST-00925,2025-11-10,462.23
TX-0014174,CUST-00925,2026-01-17,436.96
TX-0014175,CUST-00925,2025-10-22,428.39
TX-0014176,CUST-00925,2026-05-04,382.22
TX-0014177,CUST-00925,2025-11-23,570.89
TX-0014178,CUST-00925,2025-10-17,516.43
TX-0014179,CUST-00925,2026-03-29,488.75
TX-0014180,CUST-00926,2026-08-21,557.07
TX-0014181,CUST-00926,2026-02-21,400.51
TX-0014182,CUST-00926,2025-12-02,503.47
TX-0014183,CUST-00926,2026-02-10,386.46
TX-0014184,CUST-00926,2026-07-07,389.11
TX-0014185,CUST-00926,2026-07-06,569.71
TX-0014186,CUST-00926,2026-04-07,523.12
TX-0014187,CUST-00926,2026-03-04,380.34
TX-0014188,CUST-00926,2025-12-23,476.41
TX-0014189,CUST-00926,2026-03-14,564.72
TX-0014190,CUST-00926,2026-03-11,537.76
TX-0014191,CUST-00926,2026-05-14,505.89
TX-0014192,CUST-00926,2026-03-11,569.65
TX-0014193,CUST-00927,2026-08-04,558.48
TX-0014194,CUST-00927,2026-06-17,387.22
TX-0014195,CUST-00927,2026-01-14,562.33
TX-0014196,CUST-00927,2025-11-27,559.86
TX-0014197,CUST-00927,2026-03-04,474.42
TX-0014198,CUST-00927,2026-06-02,542.1
TX-0014199,CUST-00927,2026-04-16,567.43
TX-0014200,CUST-00927,2026-05-24,430.14
TX-0014201,CUST-00927,2026-06-29,534.38
TX-0014202,CUST-00927,2026-01-20,460.94
TX-0014203,CUST-00928,2026-08-16,576.09
TX-0014204,CUST-00928,2026-05-02,494.34
TX-0014205,CUST-00928,2026-03-23,578.38
TX-0014206,CUST-00928,2026-04-26,462.79
TX-0014207,CUST-00928,2026-07-18,422.35
TX-0014208,CUST-00928,2026-04-01,392.4
TX-0014209,CUST-00928,2026-02-24,380.11
TX-0014210,CUST-00928,2026-03-25,529.2
TX-0014211,CUST-00928,2026-02-23,467.41
TX-0014212,CUST-00928,2026-03-07,469.12
TX-0014213,CUST-00928,2026-01-05,485.36
TX-0014214,CUST-00928,2025-12-23,540.76
TX-0014215,CUST-00929,2026-08-05,422.49
TX-0014216,CUST-00929,2025-10-14,471.57
TX-0014217,CUST-00929,2025-11-27,568.38
TX-0014218,CUST-00929,2026-03-16,488.6
TX-0014219,CUST-00929,2026-03-03,532.92
TX-0014220,CUST-00929,2026-05-16,578.34
TX-0014221,CUST-00929,2026-03-22,413.02
TX-0014222,CUST-00929,2026-01-10,546.86
TX-0014223,CUST-00929,2025-12-31,409.02
TX-0014224,CUST-00929,2026-07-19,444.7
TX-0014225,CUST-00929,2026-02-14,526.29
TX-0014226,CUST-00929,2026-04-04,536.13
TX-0014227,CUST-00929,2026-06-07,423.35
TX-0014228,CUST-00930,2026-08-10,403.22
TX-0014229,CUST-00930,2025-10-19,479.63
TX-0014230,CUST-00930,2026-02-21,447.87
TX-0014231,CUST-00930,2025-12-01,539.27
TX-0014232,CUST-00930,2026-07-11,535.49
TX-0014233,CUST-00930,2026-03-14,509.21
TX-0014234,CUST-00930,2026-03-04,554.47
TX-0014235,CUST-00930,2026-04-19,420.45
TX-0014236,CUST-00930,2025-12-10,417.55
TX-0014237,CUST-00930,2026-06-17,578.09
TX-0014238,CUST-00930,2026-07-17,490.64
TX-0014239,CUST-00930,2026-07-02,413.6
TX-0014240,CUST-00931,2026-08-15,418.77
TX-0014241,CUST-00931,2026-06-19,392.2
TX-0014242,CUST-00931,2026-01-28,381.6
TX-0014243,CUST-00931,2026-01-07,470.69
TX-0014244,CUST-00931,2026-07-21,389.12
TX-0014245,CUST-00931,2025-11-06,513.12
TX-0014246,CUST-00931,2025-12-17,432.85
TX-0014247,CUST-00931,2026-03-28,477.85
TX-0014248,CUST-00931,2026-02-28,493.99
TX-0014249,CUST-00931,2025-11-29,497.98
TX-0014250,CUST-00931,2025-10-29,575.75
TX-0014251,CUST-00931,2026-01-05,577.7
TX-0014252,CUST-00931,2026-03-26,490.15
TX-0014253,CUST-00931,2026-01-19,527.58
TX-0014254,CUST-00932,2026-08-18,384.89
TX-0014255,CUST-00932,2026-02-24,405.49
TX-0014256,CUST-00932,2026-05-31,434.3
TX-0014257,CUST-00932,2025-12-19,561.07
TX-0014258,CUST-00932,2026-01-10,408.66
TX-0014259,CUST-00932,2026-05-15,465.27
TX-0014260,CUST-00932,2026-05-26,545.97
TX-0014261,CUST-00932,2026-01-25,563.56
TX-0014262,CUST-00932,2026-06-18,463.31
TX-0014263,CUST-00932,2025-11-18,570.57
TX-0014264,CUST-00932,2026-01-28,553.62
TX-0014265,CUST-00932,2025-11-26,451.54
TX-0014266,CUST-00932,2026-06-05,518.26
TX-0014267,CUST-00933,2026-08-05,547.98
TX-0014268,CUST-00933,2025-12-13,530.97
TX-0014269,CUST-00933,2026-04-26,479.74
TX-0014270,CUST-00933,2026-06-19,539.84
TX-0014271,CUST-00933,2025-10-28,450.43
TX-0014272,CUST-00933,2026-03-16,538.0
TX-0014273,CUST-00933,2026-05-27,560.71
TX-0014274,CUST-00933,2026-02-25,517.25
TX-0014275,CUST-00934,2026-08-20,524.81
TX-0014276,CUST-00934,2026-01-07,528.46
TX-0014277,CUST-00934,2026-08-03,448.98
TX-0014278,CUST-00934,2026-01-07,545.31
TX-0014279,CUST-00934,2025-11-17,449.43
TX-0014280,CUST-00934,2026-06-07,557.58
TX-0014281,CUST-00934,2026-03-03,504.14
TX-0014282,CUST-00934,2026-03-27,555.95
TX-0014283,CUST-00934,2025-12-17,407.2
TX-0014284,CUST-00934,2025-12-17,478.16
TX-0014285,CUST-00934,2026-01-28,388.5
TX-0014286,CUST-00934,2025-11-01,535.61
TX-0014287,CUST-00934,2026-02-25,422.95
TX-0014288,CUST-00934,2025-11-15,567.07
TX-0014289,CUST-00935,2026-08-04,405.43
TX-0014290,CUST-00935,2026-02-22,417.28
TX-0014291,CUST-00935,2025-12-18,562.76
TX-0014292,CUST-00935,2026-04-06,423.0
TX-0014293,CUST-00935,2026-03-11,410.96
TX-0014294,CUST-00935,2026-05-17,475.6
TX-0014295,CUST-00935,2026-01-18,383.71
TX-0014296,CUST-00935,2026-07-12,508.59
TX-0014297,CUST-00935,2026-01-19,471.0
TX-0014298,CUST-00935,2026-06-14,559.08
TX-0014299,CUST-00935,2026-06-12,390.26
TX-0014300,CUST-00935,2026-03-31,479.17
TX-0014301,CUST-00935,2026-02-19,433.34
TX-0014302,CUST-00936,2026-08-22,430.75
TX-0014303,CUST-00936,2025-11-08,434.03
TX-0014304,CUST-00936,2025-12-19,564.56
TX-0014305,CUST-00936,2025-12-24,487.23
TX-0014306,CUST-00936,2026-08-02,451.09
TX-0014307,CUST-00936,2025-11-05,424.79
TX-0014308,CUST-00936,2026-03-15,516.51
TX-0014309,CUST-00936,2026-04-16,458.49
TX-0014310,CUST-00936,2026-03-07,531.97
TX-0014311,CUST-00936,2026-07-08,429.23
TX-0014312,CUST-00936,2026-06-13,541.13
TX-0014313,CUST-00936,2025-11-17,387.4
TX-0014314,CUST-00936,2026-06-26,382.47
TX-0014315,CUST-00936,2025-11-21,491.08
TX-0014316,CUST-00937,2026-08-11,462.85
TX-0014317,CUST-00937,2026-02-26,485.81
TX-0014318,CUST-00937,2026-01-01,418.79
TX-0014319,CUST-00937,2025-12-04,576.15
TX-0014320,CUST-00937,2026-06-14,488.12
TX-0014321,CUST-00937,2026-04-12,538.36
TX-0014322,CUST-00937,2025-12-11,418.61
TX-0014323,CUST-00937,2026-04-27,568.0
TX-0014324,CUST-00937,2026-06-06,417.26
TX-0014325,CUST-00937,2026-06-26,489.27
TX-0014326,CUST-00938,2026-08-20,499.43
TX-0014327,CUST-00938,2026-04-17,412.9
TX-0014328,CUST-00938,2026-01-12,428.46
TX-0014329,CUST-00938,2026-02-15,569.62
TX-0014330,CUST-00938,2026-06-02,383.46
TX-0014331,CUST-00938,2026-07-20,493.57
TX-0014332,CUST-00938,2026-06-09,505.71
TX-0014333,CUST-00938,2026-07-01,425.84
TX-0014334,CUST-00938,2026-04-05,415.9
TX-0014335,CUST-00938,2026-07-21,465.76
TX-0014336,CUST-00938,2026-06-28,447.59
TX-0014337,CUST-00939,2026-08-15,543.22
TX-0014338,CUST-00939,2026-03-25,525.87
TX-0014339,CUST-00939,2026-06-14,396.58
TX-0014340,CUST-00939,2026-04-30,385.15
TX-0014341,CUST-00939,2026-05-28,476.04
TX-0014342,CUST-00939,2026-03-06,459.98
TX-0014343,CUST-00939,2025-10-28,538.45
TX-0014344,CUST-00939,2026-05-20,395.64
TX-0014345,CUST-00940,2026-08-19,407.65
TX-0014346,CUST-00940,2026-07-28,485.88
TX-0014347,CUST-00940,2025-12-26,395.35
TX-0014348,CUST-00940,2026-07-18,403.63
TX-0014349,CUST-00940,2026-04-15,513.88
TX-0014350,CUST-00940,2026-07-30,573.93
TX-0014351,CUST-00940,2025-12-07,456.16
TX-0014352,CUST-00940,2026-05-01,474.96
TX-0014353,CUST-00940,2026-03-20,483.57
TX-0014354,CUST-00940,2026-04-07,477.27
TX-0014355,CUST-00940,2026-07-14,447.95
TX-0014356,CUST-00940,2026-05-05,385.46
TX-0014357,CUST-00940,2025-11-01,514.36
TX-0014358,CUST-00940,2026-02-10,513.76
TX-0014359,CUST-00941,2026-08-05,474.62
TX-0014360,CUST-00941,2026-02-19,556.35
TX-0014361,CUST-00941,2026-03-17,475.52
TX-0014362,CUST-00941,2026-02-23,506.59
TX-0014363,CUST-00941,2026-05-21,423.47
TX-0014364,CUST-00941,2026-04-29,481.97
TX-0014365,CUST-00941,2026-07-02,427.33
TX-0014366,CUST-00941,2026-03-21,538.68
TX-0014367,CUST-00941,2026-03-11,385.32
TX-0014368,CUST-00941,2026-06-12,392.15
TX-0014369,CUST-00941,2025-11-01,571.34
TX-0014370,CUST-00941,2025-12-22,508.22
TX-0014371,CUST-00941,2026-05-30,453.62
TX-0014372,CUST-00941,2026-06-01,441.09
TX-0014373,CUST-00942,2026-08-08,535.93
TX-0014374,CUST-00942,2026-02-21,452.1
TX-0014375,CUST-00942,2026-06-16,553.9
TX-0014376,CUST-00942,2026-03-24,463.47
TX-0014377,CUST-00942,2025-12-24,477.82
TX-0014378,CUST-00942,2026-02-06,558.82
TX-0014379,CUST-00942,2026-01-18,471.55
TX-0014380,CUST-00942,2025-11-01,458.73
TX-0014381,CUST-00942,2026-05-11,444.91
TX-0014382,CUST-00942,2026-05-01,384.23
TX-0014383,CUST-00942,2026-03-24,549.83
TX-0014384,CUST-00942,2026-07-02,446.87
TX-0014385,CUST-00943,2026-08-11,528.89
TX-0014386,CUST-00943,2026-05-04,566.52
TX-0014387,CUST-00943,2025-12-07,444.0
TX-0014388,CUST-00943,2026-07-01,471.15
TX-0014389,CUST-00943,2026-05-18,564.8
TX-0014390,CUST-00943,2026-05-10,403.75
TX-0014391,CUST-00943,2025-10-29,542.73
TX-0014392,CUST-00943,2026-01-31,522.32
TX-0014393,CUST-00943,2025-12-19,447.87
TX-0014394,CUST-00944,2026-08-10,456.28
TX-0014395,CUST-00944,2025-10-27,416.32
TX-0014396,CUST-00944,2025-12-26,475.01
TX-0014397,CUST-00944,2025-12-23,557.16
TX-0014398,CUST-00944,2025-11-18,411.17
TX-0014399,CUST-00944,2026-01-26,423.76
TX-0014400,CUST-00944,2026-03-31,403.76
TX-0014401,CUST-00944,2026-04-20,517.89
TX-0014402,CUST-00944,2025-12-28,524.27
TX-0014403,CUST-00945,2026-08-04,548.64
TX-0014404,CUST-00945,2026-01-19,501.17
TX-0014405,CUST-00945,2025-10-10,543.09
TX-0014406,CUST-00945,2026-04-21,524.45
TX-0014407,CUST-00945,2026-06-15,546.52
TX-0014408,CUST-00945,2026-05-27,441.11
TX-0014409,CUST-00945,2026-03-23,472.55
TX-0014410,CUST-00945,2026-06-01,446.26
TX-0014411,CUST-00945,2026-06-20,419.87
TX-0014412,CUST-00945,2026-06-24,540.69
TX-0014413,CUST-00946,2026-08-10,544.21
TX-0014414,CUST-00946,2025-10-31,460.44
TX-0014415,CUST-00946,2026-07-01,537.24
TX-0014416,CUST-00946,2026-02-12,437.26
TX-0014417,CUST-00946,2026-07-02,575.02
TX-0014418,CUST-00946,2025-11-04,402.44
TX-0014419,CUST-00946,2026-01-07,547.88
TX-0014420,CUST-00947,2026-08-21,504.83
TX-0014421,CUST-00947,2025-11-15,413.32
TX-0014422,CUST-00947,2025-11-09,543.45
TX-0014423,CUST-00947,2026-03-13,391.91
TX-0014424,CUST-00947,2025-11-24,539.69
TX-0014425,CUST-00947,2025-12-25,476.41
TX-0014426,CUST-00947,2026-07-09,526.22
TX-0014427,CUST-00947,2026-07-26,443.62
TX-0014428,CUST-00948,2026-08-22,426.12
TX-0014429,CUST-00948,2026-02-14,470.08
TX-0014430,CUST-00948,2025-11-15,545.35
TX-0014431,CUST-00948,2026-07-01,491.6
TX-0014432,CUST-00948,2026-02-24,557.4
TX-0014433,CUST-00948,2026-03-13,552.61
TX-0014434,CUST-00948,2026-07-13,473.12
TX-0014435,CUST-00948,2026-07-18,418.17
TX-0014436,CUST-00948,2026-07-15,438.48
TX-0014437,CUST-00948,2025-10-29,502.13
TX-0014438,CUST-00948,2025-12-24,562.5
TX-0014439,CUST-00948,2026-06-07,464.59
TX-0014440,CUST-00949,2026-08-14,418.97
TX-0014441,CUST-00949,2026-06-17,400.5
TX-0014442,CUST-00949,2026-03-22,575.18
TX-0014443,CUST-00949,2026-06-24,531.33
TX-0014444,CUST-00949,2025-12-02,443.55
TX-0014445,CUST-00949,2026-02-27,554.54
TX-0014446,CUST-00949,2026-07-20,567.23
TX-0014447,CUST-00950,2026-08-18,430.41
TX-0014448,CUST-00950,2025-11-17,540.96
TX-0014449,CUST-00950,2026-04-21,383.05
TX-0014450,CUST-00950,2026-03-04,525.16
TX-0014451,CUST-00950,2025-12-22,547.79
TX-0014452,CUST-00950,2025-12-07,439.77
TX-0014453,CUST-00950,2026-01-30,550.63
TX-0014454,CUST-00950,2026-05-03,426.75
TX-0014455,CUST-00950,2025-11-01,380.29
TX-0014456,CUST-00951,2026-08-18,514.99
TX-0014457,CUST-00951,2026-07-01,408.96
TX-0014458,CUST-00951,2026-07-29,497.08
TX-0014459,CUST-00951,2026-06-28,520.88
TX-0014460,CUST-00951,2026-06-10,437.11
TX-0014461,CUST-00951,2026-05-08,508.08
TX-0014462,CUST-00951,2026-05-26,567.79
TX-0014463,CUST-00951,2025-10-25,451.45
TX-0014464,CUST-00951,2025-10-24,569.27
TX-0014465,CUST-00951,2026-02-10,561.29
TX-0014466,CUST-00951,2025-12-18,385.57
TX-0014467,CUST-00951,2026-07-25,394.91
TX-0014468,CUST-00951,2026-06-28,540.88
TX-0014469,CUST-00952,2026-08-20,497.08
TX-0014470,CUST-00952,2026-06-16,571.49
TX-0014471,CUST-00952,2025-11-16,493.42
TX-0014472,CUST-00952,2026-01-09,417.55
TX-0014473,CUST-00952,2026-06-09,562.83
TX-0014474,CUST-00952,2026-07-21,436.56
TX-0014475,CUST-00952,2025-11-22,470.74
TX-0014476,CUST-00952,2026-06-02,512.75
TX-0014477,CUST-00952,2026-04-28,515.76
TX-0014478,CUST-00952,2026-06-06,381.72
TX-0014479,CUST-00952,2026-06-10,394.86
TX-0014480,CUST-00952,2026-08-05,561.08
TX-0014481,CUST-00952,2026-05-04,504.33
TX-0014482,CUST-00952,2026-06-27,398.5
TX-0014483,CUST-00953,2026-08-17,542.21
TX-0014484,CUST-00953,2026-07-03,565.48
TX-0014485,CUST-00953,2026-06-18,484.45
TX-0014486,CUST-00953,2026-07-02,404.3
TX-0014487,CUST-00953,2025-12-19,462.5
TX-0014488,CUST-00953,2025-12-17,519.17
TX-0014489,CUST-00953,2026-07-25,535.59
TX-0014490,CUST-00953,2026-01-13,425.9
TX-0014491,CUST-00953,2025-12-05,417.17
TX-0014492,CUST-00953,2025-12-26,538.02
TX-0014493,CUST-00953,2026-06-25,512.68
TX-0014494,CUST-00953,2026-06-16,535.85
TX-0014495,CUST-00953,2026-04-14,428.87
TX-0014496,CUST-00954,2026-08-12,439.32
TX-0014497,CUST-00954,2026-06-03,506.61
TX-0014498,CUST-00954,2026-07-16,388.29
TX-0014499,CUST-00954,2026-04-23,437.55
TX-0014500,CUST-00954,2026-05-11,415.41
TX-0014501,CUST-00954,2026-03-24,523.36
TX-0014502,CUST-00954,2026-07-22,564.85
TX-0014503,CUST-00954,2026-05-19,531.5
TX-0014504,CUST-00954,2026-04-05,551.79
TX-0014505,CUST-00955,2026-08-20,494.05
TX-0014506,CUST-00955,2026-08-01,442.6
TX-0014507,CUST-00955,2026-01-29,407.94
TX-0014508,CUST-00955,2026-02-12,484.98
TX-0014509,CUST-00955,2026-07-03,469.03
TX-0014510,CUST-00955,2026-02-03,503.25
TX-0014511,CUST-00955,2026-06-22,424.42
TX-0014512,CUST-00955,2025-11-11,542.65
TX-0014513,CUST-00955,2026-05-25,399.11
TX-0014514,CUST-00955,2025-12-20,446.14
TX-0014515,CUST-00955,2025-11-12,518.76
TX-0014516,CUST-00956,2026-08-14,548.08
TX-0014517,CUST-00956,2025-11-10,512.04
TX-0014518,CUST-00956,2025-12-11,511.43
TX-0014519,CUST-00956,2026-05-13,552.85
TX-0014520,CUST-00956,2026-02-03,432.97
TX-0014521,CUST-00956,2026-06-24,388.22
TX-0014522,CUST-00956,2026-06-30,482.49
TX-0014523,CUST-00956,2025-11-16,574.35
TX-0014524,CUST-00956,2025-12-26,535.09
TX-0014525,CUST-00956,2026-07-28,512.76
TX-0014526,CUST-00956,2025-11-15,527.09
TX-0014527,CUST-00957,2026-08-19,479.9
TX-0014528,CUST-00957,2025-12-09,460.87
TX-0014529,CUST-00957,2026-06-18,424.48
TX-0014530,CUST-00957,2026-05-11,437.03
TX-0014531,CUST-00957,2026-06-16,423.46
TX-0014532,CUST-00957,2025-11-03,563.28
TX-0014533,CUST-00957,2026-04-29,545.5
TX-0014534,CUST-00957,2026-06-07,392.88
TX-0014535,CUST-00957,2025-10-29,532.96
TX-0014536,CUST-00958,2026-08-07,485.18
TX-0014537,CUST-00958,2025-12-11,506.91
TX-0014538,CUST-00958,2026-04-12,466.41
TX-0014539,CUST-00958,2026-01-28,530.15
TX-0014540,CUST-00958,2026-07-09,387.31
TX-0014541,CUST-00958,2026-04-23,554.98
TX-0014542,CUST-00958,2026-06-22,524.21
TX-0014543,CUST-00958,2026-01-13,419.91
TX-0014544,CUST-00958,2026-04-10,438.71
TX-0014545,CUST-00958,2025-12-21,478.07
TX-0014546,CUST-00958,2025-11-30,555.11
TX-0014547,CUST-00958,2026-03-22,424.41
TX-0014548,CUST-00958,2026-04-18,547.38
TX-0014549,CUST-00958,2026-02-27,397.93
TX-0014550,CUST-00959,2026-08-20,538.03
TX-0014551,CUST-00959,2026-03-22,447.2
TX-0014552,CUST-00959,2026-07-05,393.89
TX-0014553,CUST-00959,2025-11-03,567.78
TX-0014554,CUST-00959,2026-06-01,510.38
TX-0014555,CUST-00959,2026-01-23,566.74
TX-0014556,CUST-00959,2026-01-30,508.77
TX-0014557,CUST-00959,2025-12-24,472.7
TX-0014558,CUST-00959,2025-12-19,425.6
TX-0014559,CUST-00960,2026-08-07,437.91
TX-0014560,CUST-00960,2026-01-09,504.66
TX-0014561,CUST-00960,2025-12-22,543.3
TX-0014562,CUST-00960,2026-05-07,533.63
TX-0014563,CUST-00960,2026-04-12,394.47
TX-0014564,CUST-00960,2026-01-26,579.79
TX-0014565,CUST-00960,2026-07-05,553.27
TX-0014566,CUST-00961,2026-08-06,472.24
TX-0014567,CUST-00961,2026-01-10,515.44
TX-0014568,CUST-00961,2026-03-10,444.24
TX-0014569,CUST-00961,2026-02-15,487.94
TX-0014570,CUST-00961,2026-04-14,488.75
TX-0014571,CUST-00961,2026-03-27,450.56
TX-0014572,CUST-00961,2025-12-31,446.07
TX-0014573,CUST-00962,2026-08-18,403.55
TX-0014574,CUST-00962,2026-04-01,560.31
TX-0014575,CUST-00962,2025-11-19,393.94
TX-0014576,CUST-00962,2025-12-08,428.25
TX-0014577,CUST-00962,2025-12-03,550.64
TX-0014578,CUST-00962,2026-01-10,564.2
TX-0014579,CUST-00962,2026-04-23,554.05
TX-0014580,CUST-00962,2026-01-16,410.34
TX-0014581,CUST-00962,2026-02-18,489.81
TX-0014582,CUST-00962,2026-04-29,557.16
TX-0014583,CUST-00962,2025-12-27,554.45
TX-0014584,CUST-00962,2026-05-06,514.34
TX-0014585,CUST-00962,2026-06-18,447.66
TX-0014586,CUST-00963,2026-08-10,482.19
TX-0014587,CUST-00963,2026-02-02,555.68
TX-0014588,CUST-00963,2025-12-06,429.21
TX-0014589,CUST-00963,2025-12-11,517.9
TX-0014590,CUST-00963,2026-05-18,436.25
TX-0014591,CUST-00963,2026-03-28,393.8
TX-0014592,CUST-00963,2026-04-09,499.52
TX-0014593,CUST-00963,2025-11-15,403.56
TX-0014594,CUST-00963,2026-07-06,406.4
TX-0014595,CUST-00963,2026-03-13,436.25
TX-0014596,CUST-00963,2025-10-25,435.39
TX-0014597,CUST-00963,2026-01-25,462.05
TX-0014598,CUST-00964,2026-08-21,465.78
TX-0014599,CUST-00964,2026-02-17,503.06
TX-0014600,CUST-00964,2026-04-15,431.2
TX-0014601,CUST-00964,2026-03-26,474.27
TX-0014602,CUST-00964,2026-01-13,570.56
TX-0014603,CUST-00964,2026-04-08,388.43
TX-0014604,CUST-00964,2026-03-08,507.19
TX-0014605,CUST-00964,2026-03-06,397.14
TX-0014606,CUST-00964,2025-12-13,435.19
TX-0014607,CUST-00964,2026-05-25,554.98
TX-0014608,CUST-00964,2026-03-02,410.42
TX-0014609,CUST-00964,2026-01-04,527.84
TX-0014610,CUST-00964,2026-06-23,524.08
TX-0014611,CUST-00965,2026-08-04,495.11
TX-0014612,CUST-00965,2026-06-04,434.22
TX-0014613,CUST-00965,2026-03-18,485.6
TX-0014614,CUST-00965,2025-10-21,513.16
TX-0014615,CUST-00965,2026-01-21,460.08
TX-0014616,CUST-00965,2025-10-09,531.63
TX-0014617,CUST-00965,2025-12-13,519.27
TX-0014618,CUST-00965,2026-04-25,434.43
TX-0014619,CUST-00965,2026-03-09,466.55
TX-0014620,CUST-00965,2026-03-30,543.36
TX-0014621,CUST-00965,2025-12-02,553.22
TX-0014622,CUST-00965,2025-12-18,426.24
TX-0014623,CUST-00965,2025-12-19,554.08
TX-0014624,CUST-00966,2026-08-04,387.99
TX-0014625,CUST-00966,2026-01-04,401.1
TX-0014626,CUST-00966,2026-01-29,464.33
TX-0014627,CUST-00966,2026-07-05,419.01
TX-0014628,CUST-00966,2026-02-20,537.1
TX-0014629,CUST-00966,2025-11-28,551.16
TX-0014630,CUST-00966,2025-12-18,557.1
TX-0014631,CUST-00966,2026-04-24,500.84
TX-0014632,CUST-00967,2026-08-07,550.5
TX-0014633,CUST-00967,2026-03-27,559.16
TX-0014634,CUST-00967,2026-02-22,517.28
TX-0014635,CUST-00967,2026-03-23,436.33
TX-0014636,CUST-00967,2025-11-19,445.04
TX-0014637,CUST-00967,2026-06-16,389.43
TX-0014638,CUST-00967,2026-07-13,462.88
TX-0014639,CUST-00968,2026-08-22,509.99
TX-0014640,CUST-00968,2025-11-30,548.73
TX-0014641,CUST-00968,2025-11-16,468.88
TX-0014642,CUST-00968,2026-06-05,438.06
TX-0014643,CUST-00968,2026-02-28,550.95
TX-0014644,CUST-00968,2026-07-04,519.65
TX-0014645,CUST-00968,2026-05-31,425.14
TX-0014646,CUST-00968,2026-04-29,380.61
TX-0014647,CUST-00968,2025-11-05,475.82
TX-0014648,CUST-00968,2026-07-02,551.93
TX-0014649,CUST-00968,2025-11-27,399.55
TX-0014650,CUST-00968,2026-05-28,382.96
TX-0014651,CUST-00968,2025-10-31,578.58
TX-0014652,CUST-00968,2026-02-06,508.72
TX-0014653,CUST-00969,2026-08-09,553.61
TX-0014654,CUST-00969,2026-06-29,408.84
TX-0014655,CUST-00969,2025-12-12,541.42
TX-0014656,CUST-00969,2025-12-10,387.23
TX-0014657,CUST-00969,2026-06-18,489.43
TX-0014658,CUST-00969,2026-06-24,398.04
TX-0014659,CUST-00969,2026-05-06,460.73
TX-0014660,CUST-00969,2025-10-22,411.44
TX-0014661,CUST-00969,2026-01-06,479.01
TX-0014662,CUST-00969,2026-02-26,507.96
TX-0014663,CUST-00969,2026-03-12,462.5
TX-0014664,CUST-00970,2026-08-10,559.9
TX-0014665,CUST-00970,2025-12-22,459.21
TX-0014666,CUST-00970,2026-01-24,546.79
TX-0014667,CUST-00970,2025-12-16,504.22
TX-0014668,CUST-00970,2026-05-23,404.39
TX-0014669,CUST-00970,2026-02-11,498.18
TX-0014670,CUST-00970,2025-12-31,533.75
TX-0014671,CUST-00970,2025-12-12,518.76
TX-0014672,CUST-00970,2026-07-26,534.77
TX-0014673,CUST-00970,2026-07-10,500.92
TX-0014674,CUST-00971,2026-08-04,466.04
TX-0014675,CUST-00971,2025-12-15,515.23
TX-0014676,CUST-00971,2025-12-29,503.19
TX-0014677,CUST-00971,2026-04-15,486.71
TX-0014678,CUST-00971,2026-05-05,420.88
TX-0014679,CUST-00971,2026-06-25,526.6
TX-0014680,CUST-00971,2026-02-08,456.83
TX-0014681,CUST-00971,2025-12-17,477.67
TX-0014682,CUST-00971,2025-11-14,541.96
TX-0014683,CUST-00971,2025-12-22,532.83
TX-0014684,CUST-00971,2026-05-23,465.87
TX-0014685,CUST-00971,2025-10-20,461.05
TX-0014686,CUST-00971,2026-01-06,538.63
TX-0014687,CUST-00971,2026-03-03,427.02
TX-0014688,CUST-00972,2026-08-20,473.82
TX-0014689,CUST-00972,2025-10-25,432.81
TX-0014690,CUST-00972,2026-04-18,411.99
TX-0014691,CUST-00972,2026-07-17,577.41
TX-0014692,CUST-00972,2026-02-03,414.71
TX-0014693,CUST-00972,2025-12-08,532.92
TX-0014694,CUST-00972,2026-02-15,524.51
TX-0014695,CUST-00972,2026-01-05,496.9
TX-0014696,CUST-00972,2026-07-19,420.65
TX-0014697,CUST-00972,2026-07-04,533.75
TX-0014698,CUST-00972,2026-01-03,530.78
TX-0014699,CUST-00972,2026-05-31,383.04
TX-0014700,CUST-00973,2026-08-07,518.73
TX-0014701,CUST-00973,2026-03-20,434.42
TX-0014702,CUST-00973,2026-03-03,533.91
TX-0014703,CUST-00973,2025-10-17,430.71
TX-0014704,CUST-00973,2026-03-15,536.84
TX-0014705,CUST-00973,2026-02-01,434.62
TX-0014706,CUST-00973,2025-10-12,438.87
TX-0014707,CUST-00973,2025-12-27,436.87
TX-0014708,CUST-00973,2025-11-21,389.56
TX-0014709,CUST-00974,2026-08-06,531.69
TX-0014710,CUST-00974,2026-02-05,500.64
TX-0014711,CUST-00974,2026-01-06,483.29
TX-0014712,CUST-00974,2025-12-15,386.43
TX-0014713,CUST-00974,2026-03-10,442.38
TX-0014714,CUST-00974,2026-01-25,568.79
TX-0014715,CUST-00974,2026-05-29,458.73
TX-0014716,CUST-00974,2025-10-18,531.06
TX-0014717,CUST-00974,2026-06-01,476.98
TX-0014718,CUST-00974,2026-03-22,405.89
TX-0014719,CUST-00974,2025-11-25,503.04
TX-0014720,CUST-00974,2026-07-08,465.81
TX-0014721,CUST-00975,2026-08-06,571.26
TX-0014722,CUST-00975,2026-05-10,452.65
TX-0014723,CUST-00975,2026-03-05,455.1
TX-0014724,CUST-00975,2026-02-10,407.44
TX-0014725,CUST-00975,2026-04-13,535.8
TX-0014726,CUST-00975,2026-04-16,504.24
TX-0014727,CUST-00975,2026-03-20,544.11
TX-0014728,CUST-00975,2026-05-29,380.83
TX-0014729,CUST-00976,2026-08-07,554.05
TX-0014730,CUST-00976,2026-07-07,569.51
TX-0014731,CUST-00976,2025-12-15,543.83
TX-0014732,CUST-00976,2026-07-18,485.24
TX-0014733,CUST-00976,2025-10-17,545.76
TX-0014734,CUST-00976,2026-02-18,451.99
TX-0014735,CUST-00976,2026-05-18,474.14
TX-0014736,CUST-00976,2026-07-01,479.26
TX-0014737,CUST-00976,2026-05-05,385.57
TX-0014738,CUST-00977,2026-08-10,418.27
TX-0014739,CUST-00977,2026-04-06,383.48
TX-0014740,CUST-00977,2026-03-15,564.42
TX-0014741,CUST-00977,2026-02-18,509.39
TX-0014742,CUST-00977,2026-05-16,535.87
TX-0014743,CUST-00977,2026-01-29,462.62
TX-0014744,CUST-00977,2026-02-13,505.52
TX-0014745,CUST-00977,2026-05-16,492.27
TX-0014746,CUST-00977,2026-01-15,421.12
TX-0014747,CUST-00977,2025-11-07,481.91
TX-0014748,CUST-00977,2026-07-09,426.77
TX-0014749,CUST-00977,2026-01-25,398.06
TX-0014750,CUST-00978,2026-08-08,553.19
TX-0014751,CUST-00978,2026-04-20,533.57
TX-0014752,CUST-00978,2026-01-05,474.12
TX-0014753,CUST-00978,2026-02-17,469.38
TX-0014754,CUST-00978,2026-07-21,500.01
TX-0014755,CUST-00978,2026-04-13,495.4
TX-0014756,CUST-00978,2026-07-23,407.41
TX-0014757,CUST-00978,2025-11-02,382.49
TX-0014758,CUST-00978,2026-05-13,380.77
TX-0014759,CUST-00978,2026-06-08,463.47
TX-0014760,CUST-00979,2026-08-13,419.88
TX-0014761,CUST-00979,2026-03-27,484.71
TX-0014762,CUST-00979,2026-05-16,542.82
TX-0014763,CUST-00979,2026-05-08,442.52
TX-0014764,CUST-00979,2025-10-27,488.57
TX-0014765,CUST-00979,2026-05-24,447.56
TX-0014766,CUST-00979,2026-06-19,470.49
TX-0014767,CUST-00979,2026-04-10,543.65
TX-0014768,CUST-00980,2026-08-18,460.58
TX-0014769,CUST-00980,2025-12-27,469.56
TX-0014770,CUST-00980,2025-11-04,480.62
TX-0014771,CUST-00980,2025-10-25,578.61
TX-0014772,CUST-00980,2025-12-29,432.85
TX-0014773,CUST-00980,2025-11-01,425.82
TX-0014774,CUST-00980,2026-06-19,541.23
TX-0014775,CUST-00980,2026-05-20,441.37
TX-0014776,CUST-00980,2026-01-23,488.03
TX-0014777,CUST-00980,2025-12-31,545.2
TX-0014778,CUST-00980,2026-01-02,392.75
TX-0014779,CUST-00980,2026-04-30,447.69
TX-0014780,CUST-00980,2026-03-08,540.73
TX-0014781,CUST-00981,2026-08-10,489.88
TX-0014782,CUST-00981,2025-10-17,541.68
TX-0014783,CUST-00981,2026-03-25,391.13
TX-0014784,CUST-00981,2026-01-12,554.11
TX-0014785,CUST-00981,2026-02-26,541.68
TX-0014786,CUST-00981,2025-12-08,458.42
TX-0014787,CUST-00981,2026-02-09,446.22
TX-0014788,CUST-00981,2026-02-01,461.91
TX-0014789,CUST-00981,2026-06-14,528.32
TX-0014790,CUST-00981,2026-02-05,436.06
TX-0014791,CUST-00981,2026-05-02,450.84
TX-0014792,CUST-00981,2026-05-11,466.43
TX-0014793,CUST-00982,2026-08-12,515.14
TX-0014794,CUST-00982,2026-01-15,464.74
TX-0014795,CUST-00982,2026-02-14,476.38
TX-0014796,CUST-00982,2026-06-19,484.3
TX-0014797,CUST-00982,2026-03-18,555.41
TX-0014798,CUST-00982,2026-03-19,567.6
TX-0014799,CUST-00982,2026-06-28,411.16
TX-0014800,CUST-00982,2025-12-30,521.6
TX-0014801,CUST-00982,2026-06-10,516.31
TX-0014802,CUST-00982,2026-01-21,384.46
TX-0014803,CUST-00982,2026-02-19,528.42
TX-0014804,CUST-00983,2026-08-13,390.17
TX-0014805,CUST-00983,2026-03-02,417.68
TX-0014806,CUST-00983,2026-04-04,562.2
TX-0014807,CUST-00983,2026-05-01,458.78
TX-0014808,CUST-00983,2026-06-21,417.84
TX-0014809,CUST-00983,2026-01-30,528.14
TX-0014810,CUST-00983,2026-03-07,564.25
TX-0014811,CUST-00983,2026-02-19,435.13
TX-0014812,CUST-00983,2026-03-11,394.19
TX-0014813,CUST-00983,2026-05-15,503.67
TX-0014814,CUST-00983,2026-05-24,574.82
TX-0014815,CUST-00983,2026-07-07,457.67
TX-0014816,CUST-00983,2026-02-11,513.45
TX-0014817,CUST-00984,2026-08-12,472.64
TX-0014818,CUST-00984,2026-01-24,433.41
TX-0014819,CUST-00984,2026-04-28,476.55
TX-0014820,CUST-00984,2026-04-11,521.86
TX-0014821,CUST-00984,2026-07-02,414.32
TX-0014822,CUST-00984,2026-03-09,571.81
TX-0014823,CUST-00984,2026-03-07,486.36
TX-0014824,CUST-00984,2026-05-22,567.17
TX-0014825,CUST-00984,2026-07-04,428.83
TX-0014826,CUST-00984,2025-12-26,401.91
TX-0014827,CUST-00984,2026-05-17,550.42
TX-0014828,CUST-00984,2026-06-07,458.84
TX-0014829,CUST-00984,2025-10-24,573.12
TX-0014830,CUST-00985,2026-08-11,380.13
TX-0014831,CUST-00985,2026-05-13,381.36
TX-0014832,CUST-00985,2026-01-02,434.92
TX-0014833,CUST-00985,2026-02-27,476.98
TX-0014834,CUST-00985,2026-04-30,564.38
TX-0014835,CUST-00985,2025-12-22,564.95
TX-0014836,CUST-00985,2026-04-09,482.36
TX-0014837,CUST-00986,2026-08-14,454.43
TX-0014838,CUST-00986,2026-02-19,422.16
TX-0014839,CUST-00986,2026-05-09,547.33
TX-0014840,CUST-00986,2026-01-18,445.13
TX-0014841,CUST-00986,2026-05-07,469.26
TX-0014842,CUST-00986,2026-05-27,492.57
TX-0014843,CUST-00986,2026-01-09,451.67
TX-0014844,CUST-00986,2025-11-23,485.67
TX-0014845,CUST-00986,2026-05-14,462.35
TX-0014846,CUST-00986,2025-12-29,561.02
TX-0014847,CUST-00986,2026-07-02,543.48
TX-0014848,CUST-00986,2026-03-11,451.29
TX-0014849,CUST-00986,2025-11-04,512.43
TX-0014850,CUST-00987,2026-08-07,471.45
TX-0014851,CUST-00987,2025-10-18,513.65
TX-0014852,CUST-00987,2025-11-18,438.62
TX-0014853,CUST-00987,2026-06-29,430.61
TX-0014854,CUST-00987,2025-11-09,382.9
TX-0014855,CUST-00987,2026-02-28,454.63
TX-0014856,CUST-00987,2026-06-07,515.65
TX-0014857,CUST-00987,2026-01-29,413.57
TX-0014858,CUST-00988,2026-08-10,417.48
TX-0014859,CUST-00988,2026-05-22,381.19
TX-0014860,CUST-00988,2025-10-23,385.4
TX-0014861,CUST-00988,2026-01-04,448.35
TX-0014862,CUST-00988,2026-01-26,454.07
TX-0014863,CUST-00988,2026-06-07,456.24
TX-0014864,CUST-00988,2026-01-02,500.43
TX-0014865,CUST-00988,2025-11-04,483.68
TX-0014866,CUST-00988,2025-11-16,401.62
TX-0014867,CUST-00988,2026-01-10,473.95
TX-0014868,CUST-00988,2026-05-19,387.36
TX-0014869,CUST-00988,2026-03-16,575.81
TX-0014870,CUST-00989,2026-08-09,460.49
TX-0014871,CUST-00989,2026-05-25,425.2
TX-0014872,CUST-00989,2025-12-07,516.97
TX-0014873,CUST-00989,2026-04-17,563.97
TX-0014874,CUST-00989,2025-10-24,421.51
TX-0014875,CUST-00989,2026-04-17,566.36
TX-0014876,CUST-00989,2026-06-10,556.94
TX-0014877,CUST-00990,2026-08-17,556.74
TX-0014878,CUST-00990,2026-03-18,514.13
TX-0014879,CUST-00990,2026-01-31,507.46
TX-0014880,CUST-00990,2026-01-26,564.2
TX-0014881,CUST-00990,2026-06-11,483.43
TX-0014882,CUST-00990,2026-06-12,474.54
TX-0014883,CUST-00990,2026-07-24,525.78
TX-0014884,CUST-00990,2026-03-15,442.65
TX-0014885,CUST-00990,2026-06-26,513.27
TX-0014886,CUST-00990,2026-03-27,572.56
TX-0014887,CUST-00991,2026-08-08,523.5
TX-0014888,CUST-00991,2026-07-04,491.01
TX-0014889,CUST-00991,2026-07-02,473.95
TX-0014890,CUST-00991,2026-06-01,385.83
TX-0014891,CUST-00991,2025-12-11,526.91
TX-0014892,CUST-00991,2025-11-16,390.1
TX-0014893,CUST-00991,2026-03-04,572.31
TX-0014894,CUST-00991,2026-01-10,436.93
TX-0014895,CUST-00991,2025-11-09,410.22
TX-0014896,CUST-00992,2026-08-21,486.1
TX-0014897,CUST-00992,2026-01-26,427.85
TX-0014898,CUST-00992,2025-11-29,514.78
TX-0014899,CUST-00992,2026-08-02,517.38
TX-0014900,CUST-00992,2026-01-27,515.79
TX-0014901,CUST-00992,2025-10-30,529.42
TX-0014902,CUST-00992,2026-01-28,546.86
TX-0014903,CUST-00993,2026-08-09,450.14
TX-0014904,CUST-00993,2026-06-18,473.37
TX-0014905,CUST-00993,2026-03-22,446.5
TX-0014906,CUST-00993,2026-05-05,463.09
TX-0014907,CUST-00993,2026-04-07,402.23
TX-0014908,CUST-00993,2026-06-03,546.11
TX-0014909,CUST-00993,2025-12-22,447.51
TX-0014910,CUST-00993,2026-05-30,569.03
TX-0014911,CUST-00993,2025-10-28,551.34
TX-0014912,CUST-00993,2026-01-20,385.87
TX-0014913,CUST-00993,2026-04-11,471.47
TX-0014914,CUST-00994,2026-08-16,506.96
TX-0014915,CUST-00994,2026-04-29,515.68
TX-0014916,CUST-00994,2025-12-26,569.69
TX-0014917,CUST-00994,2026-06-11,490.3
TX-0014918,CUST-00994,2025-11-17,542.96
TX-0014919,CUST-00994,2026-05-08,447.58
TX-0014920,CUST-00994,2025-12-13,403.47
TX-0014921,CUST-00994,2026-03-27,411.75
TX-0014922,CUST-00994,2025-10-23,465.74
TX-0014923,CUST-00994,2025-11-02,472.12
TX-0014924,CUST-00994,2025-11-03,452.37
TX-0014925,CUST-00994,2026-06-02,427.39
TX-0014926,CUST-00995,2026-08-21,419.94
TX-0014927,CUST-00995,2026-03-11,392.96
TX-0014928,CUST-00995,2026-05-26,542.61
TX-0014929,CUST-00995,2026-05-05,495.88
TX-0014930,CUST-00995,2026-04-21,400.93
TX-0014931,CUST-00995,2026-03-15,506.37
TX-0014932,CUST-00995,2026-03-16,469.97
TX-0014933,CUST-00995,2026-05-02,442.19
TX-0014934,CUST-00995,2026-06-05,401.88
TX-0014935,CUST-00995,2026-07-05,479.14
TX-0014936,CUST-00995,2026-03-10,407.77
TX-0014937,CUST-00995,2026-06-04,412.96
TX-0014938,CUST-00996,2026-08-13,469.94
TX-0014939,CUST-00996,2025-11-19,490.52
TX-0014940,CUST-00996,2026-02-13,459.28
TX-0014941,CUST-00996,2026-01-15,439.69
TX-0014942,CUST-00996,2026-04-12,486.96
TX-0014943,CUST-00996,2026-04-28,451.72
TX-0014944,CUST-00996,2026-06-21,562.74
TX-0014945,CUST-00996,2026-04-04,526.48
TX-0014946,CUST-00996,2026-07-11,561.14
TX-0014947,CUST-00996,2025-11-06,414.09
TX-0014948,CUST-00996,2026-07-02,414.64
TX-0014949,CUST-00996,2026-05-22,566.61
TX-0014950,CUST-00996,2026-05-27,537.4
TX-0014951,CUST-00997,2026-08-16,483.64
TX-0014952,CUST-00997,2026-03-12,453.12
TX-0014953,CUST-00997,2026-07-06,522.13
TX-0014954,CUST-00997,2025-12-05,458.96
TX-0014955,CUST-00997,2026-03-02,390.35
TX-0014956,CUST-00997,2025-12-09,535.19
TX-0014957,CUST-00997,2026-01-16,485.86
TX-0014958,CUST-00997,2026-01-06,479.26
TX-0014959,CUST-00997,2026-04-27,448.48
TX-0014960,CUST-00997,2025-11-18,393.69
TX-0014961,CUST-00997,2026-01-18,388.99
TX-0014962,CUST-00997,2026-03-17,380.28
TX-0014963,CUST-00998,2026-08-22,494.04
TX-0014964,CUST-00998,2026-06-11,516.23
TX-0014965,CUST-00998,2026-05-08,464.15
TX-0014966,CUST-00998,2026-04-13,495.36
TX-0014967,CUST-00998,2026-07-29,499.37
TX-0014968,CUST-00998,2025-12-10,543.82
TX-0014969,CUST-00998,2026-03-27,544.71
TX-0014970,CUST-00998,2025-12-10,555.97
TX-0014971,CUST-00998,2026-01-12,491.06
TX-0014972,CUST-00998,2026-02-19,525.45
TX-0014973,CUST-00998,2026-02-08,419.8
TX-0014974,CUST-00998,2026-04-27,562.53
TX-0014975,CUST-00999,2026-08-21,390.36
TX-0014976,CUST-00999,2026-03-30,461.11
TX-0014977,CUST-00999,2026-06-22,451.26
TX-0014978,CUST-00999,2026-02-27,489.0
TX-0014979,CUST-00999,2026-03-16,478.09
TX-0014980,CUST-00999,2026-01-12,383.67
TX-0014981,CUST-00999,2026-04-02,385.79
TX-0014982,CUST-00999,2025-12-11,460.97
TX-0014983,CUST-00999,2026-02-03,405.18
TX-0014984,CUST-00999,2026-07-01,563.35
TX-0014985,CUST-00999,2026-02-08,423.52
TX-0014986,CUST-01000,2026-08-06,399.38
TX-0014987,CUST-01000,2026-04-25,384.41
TX-0014988,CUST-01000,2025-11-03,515.04
TX-0014989,CUST-01000,2025-10-30,535.93
TX-0014990,CUST-01000,2026-01-26,561.35
TX-0014991,CUST-01000,2026-07-20,559.18
TX-0014992,CUST-01000,2026-07-06,417.89
TX-0014993,CUST-01000,2026-06-30,459.16
TX-0014994,CUST-01000,2026-04-16,485.11
TX-0014995,CUST-01000,2026-02-24,433.31
TX-0014996,CUST-01001,2026-08-07,538.3
TX-0014997,CUST-01001,2026-07-21,458.67
TX-0014998,CUST-01001,2026-01-02,381.03
TX-0014999,CUST-01001,2025-11-24,469.35
TX-0015000,CUST-01001,2025-10-28,524.95
TX-0015001,CUST-01001,2025-11-15,386.86
TX-0015002,CUST-01001,2026-07-21,432.43
TX-0015003,CUST-01001,2026-06-20,399.6
TX-0015004,CUST-01001,2026-02-01,569.13
TX-0015005,CUST-01001,2025-12-06,452.95
TX-0015006,CUST-01001,2026-04-10,517.46
TX-0015007,CUST-01001,2025-11-03,424.16
TX-0015008,CUST-01002,2026-08-21,544.82
TX-0015009,CUST-01002,2025-11-28,524.54
TX-0015010,CUST-01002,2026-06-22,477.93
TX-0015011,CUST-01002,2026-01-27,412.09
TX-0015012,CUST-01002,2026-02-16,509.51
TX-0015013,CUST-01002,2026-02-13,435.34
TX-0015014,CUST-01002,2025-12-27,474.72
TX-0015015,CUST-01003,2026-08-17,507.96
TX-0015016,CUST-01003,2026-02-13,470.15
TX-0015017,CUST-01003,2026-05-11,420.86
TX-0015018,CUST-01003,2025-10-25,529.19
TX-0015019,CUST-01003,2026-02-01,436.19
TX-0015020,CUST-01003,2026-07-03,573.42
TX-0015021,CUST-01003,2025-12-15,405.36
TX-0015022,CUST-01003,2026-06-18,412.51
TX-0015023,CUST-01003,2026-02-28,400.48
TX-0015024,CUST-01003,2026-07-18,572.87
TX-0015025,CUST-01003,2026-02-02,393.23
TX-0015026,CUST-01003,2026-01-17,468.7
TX-0015027,CUST-01004,2026-08-18,429.41
TX-0015028,CUST-01004,2026-03-17,546.36
TX-0015029,CUST-01004,2026-06-17,524.22
TX-0015030,CUST-01004,2025-11-18,419.59
TX-0015031,CUST-01004,2026-03-25,457.08
TX-0015032,CUST-01004,2025-12-17,454.77
TX-0015033,CUST-01004,2025-11-03,455.82
TX-0015034,CUST-01004,2025-10-26,534.17
TX-0015035,CUST-01004,2026-03-25,552.16
TX-0015036,CUST-01004,2026-04-10,497.18
TX-0015037,CUST-01005,2026-08-11,470.06
TX-0015038,CUST-01005,2026-01-20,405.54
TX-0015039,CUST-01005,2025-11-29,458.11
TX-0015040,CUST-01005,2026-03-28,496.36
TX-0015041,CUST-01005,2025-11-25,534.7
TX-0015042,CUST-01005,2026-03-11,419.65
TX-0015043,CUST-01005,2026-02-01,479.15
TX-0015044,CUST-01005,2026-04-16,432.03
TX-0015045,CUST-01005,2026-07-16,505.96
TX-0015046,CUST-01005,2026-05-01,535.97
TX-0015047,CUST-01006,2026-08-05,459.84
TX-0015048,CUST-01006,2026-04-11,412.6
TX-0015049,CUST-01006,2026-05-13,576.92
TX-0015050,CUST-01006,2025-11-21,571.52
TX-0015051,CUST-01006,2026-03-31,479.07
TX-0015052,CUST-01006,2026-05-23,494.64
TX-0015053,CUST-01006,2025-12-13,454.42
TX-0015054,CUST-01006,2026-04-13,396.47
TX-0015055,CUST-01006,2025-11-23,394.63
TX-0015056,CUST-01006,2026-04-05,565.24
TX-0015057,CUST-01007,2026-08-08,532.11
TX-0015058,CUST-01007,2026-02-20,426.86
TX-0015059,CUST-01007,2025-12-27,461.26
TX-0015060,CUST-01007,2026-03-02,391.88
TX-0015061,CUST-01007,2026-04-03,406.25
TX-0015062,CUST-01007,2025-10-29,550.74
TX-0015063,CUST-01007,2025-11-27,437.49
TX-0015064,CUST-01007,2025-10-28,502.38
TX-0015065,CUST-01007,2026-04-12,410.85
TX-0015066,CUST-01007,2026-03-06,509.88
TX-0015067,CUST-01007,2025-12-20,534.94
TX-0015068,CUST-01007,2026-02-12,409.84
TX-0015069,CUST-01008,2026-08-13,398.03
TX-0015070,CUST-01008,2026-07-23,396.21
TX-0015071,CUST-01008,2026-02-05,391.44
TX-0015072,CUST-01008,2026-04-25,451.54
TX-0015073,CUST-01008,2025-11-23,519.57
TX-0015074,CUST-01008,2026-04-26,408.08
TX-0015075,CUST-01008,2026-02-26,569.38
TX-0015076,CUST-01008,2025-11-22,404.85
TX-0015077,CUST-01008,2025-11-04,452.56
TX-0015078,CUST-01008,2026-06-12,571.82
TX-0015079,CUST-01008,2025-12-19,451.2
TX-0015080,CUST-01009,2026-08-21,522.34
TX-0015081,CUST-01009,2026-01-11,428.21
TX-0015082,CUST-01009,2025-11-09,444.29
TX-0015083,CUST-01009,2026-04-10,433.54
TX-0015084,CUST-01009,2026-03-15,437.78
TX-0015085,CUST-01009,2025-12-21,530.37
TX-0015086,CUST-01009,2026-04-13,518.53
TX-0015087,CUST-01009,2026-01-23,484.38
TX-0015088,CUST-01010,2026-08-17,524.11
TX-0015089,CUST-01010,2026-05-11,403.27
TX-0015090,CUST-01010,2026-06-23,405.25
TX-0015091,CUST-01010,2026-02-16,526.54
TX-0015092,CUST-01010,2026-02-15,470.03
TX-0015093,CUST-01010,2026-01-15,475.25
TX-0015094,CUST-01010,2025-12-10,404.34
TX-0015095,CUST-01010,2026-06-21,456.65
TX-0015096,CUST-01010,2025-12-29,511.57
TX-0015097,CUST-01011,2026-08-09,424.87
TX-0015098,CUST-01011,2025-11-18,569.29
TX-0015099,CUST-01011,2026-03-31,555.57
TX-0015100,CUST-01011,2026-05-01,535.57
TX-0015101,CUST-01011,2025-11-22,383.38
TX-0015102,CUST-01011,2026-01-19,475.48
TX-0015103,CUST-01011,2026-05-13,434.8
TX-0015104,CUST-01011,2026-03-15,433.97
TX-0015105,CUST-01011,2026-04-06,462.14
TX-0015106,CUST-01011,2026-05-26,506.81
TX-0015107,CUST-01012,2026-08-17,452.12
TX-0015108,CUST-01012,2026-05-17,517.3
TX-0015109,CUST-01012,2025-12-30,380.03
TX-0015110,CUST-01012,2026-01-02,447.79
TX-0015111,CUST-01012,2026-04-28,495.25
TX-0015112,CUST-01012,2025-12-28,482.17
TX-0015113,CUST-01012,2026-06-12,509.43
TX-0015114,CUST-01012,2025-11-13,385.97
TX-0015115,CUST-01012,2026-04-24,449.91
TX-0015116,CUST-01012,2025-11-11,547.49
TX-0015117,CUST-01012,2026-06-26,503.37
TX-0015118,CUST-01012,2026-05-29,446.11
TX-0015119,CUST-01013,2026-08-14,519.65
TX-0015120,CUST-01013,2026-05-07,437.13
TX-0015121,CUST-01013,2026-06-23,536.15
TX-0015122,CUST-01013,2026-04-15,495.24
TX-0015123,CUST-01013,2025-10-29,461.3
TX-0015124,CUST-01013,2026-06-25,449.81
TX-0015125,CUST-01013,2026-05-09,476.38
TX-0015126,CUST-01013,2026-03-21,444.55
TX-0015127,CUST-01013,2026-07-10,442.43
TX-0015128,CUST-01013,2026-01-22,423.78
TX-0015129,CUST-01013,2025-12-10,427.12
TX-0015130,CUST-01013,2026-01-08,471.77
TX-0015131,CUST-01013,2026-01-20,409.85
TX-0015132,CUST-01014,2026-08-11,549.44
TX-0015133,CUST-01014,2026-04-03,496.82
TX-0015134,CUST-01014,2026-03-12,547.78
TX-0015135,CUST-01014,2025-11-04,569.45
TX-0015136,CUST-01014,2025-12-06,461.68
TX-0015137,CUST-01014,2025-11-23,502.34
TX-0015138,CUST-01014,2026-02-27,440.66
TX-0015139,CUST-01014,2026-04-13,467.06
TX-0015140,CUST-01014,2025-12-03,440.1
TX-0015141,CUST-01014,2026-05-05,557.91
TX-0015142,CUST-01014,2025-10-18,441.35
TX-0015143,CUST-01015,2026-08-11,571.43
TX-0015144,CUST-01015,2026-03-27,414.21
TX-0015145,CUST-01015,2025-12-20,387.82
TX-0015146,CUST-01015,2025-12-24,427.11
TX-0015147,CUST-01015,2026-05-14,439.45
TX-0015148,CUST-01015,2026-01-01,563.86
TX-0015149,CUST-01015,2026-06-08,414.73
TX-0015150,CUST-01016,2026-08-10,570.46
TX-0015151,CUST-01016,2025-12-18,457.86
TX-0015152,CUST-01016,2025-12-18,386.21
TX-0015153,CUST-01016,2026-04-18,544.81
TX-0015154,CUST-01016,2026-01-01,559.32
TX-0015155,CUST-01016,2026-06-01,507.49
TX-0015156,CUST-01016,2025-10-31,457.97
TX-0015157,CUST-01016,2026-03-30,526.51
TX-0015158,CUST-01016,2026-01-01,433.72
TX-0015159,CUST-01016,2026-07-19,564.12
TX-0015160,CUST-01016,2025-12-16,553.27
TX-0015161,CUST-01016,2026-01-03,452.52
TX-0015162,CUST-01017,2026-08-07,572.88
TX-0015163,CUST-01017,2026-04-25,384.79
TX-0015164,CUST-01017,2026-02-16,503.84
TX-0015165,CUST-01017,2026-06-22,523.75
TX-0015166,CUST-01017,2026-04-17,452.74
TX-0015167,CUST-01017,2025-11-17,554.54
TX-0015168,CUST-01017,2026-03-30,453.62
TX-0015169,CUST-01017,2025-12-05,516.23
TX-0015170,CUST-01017,2026-02-09,465.31
TX-0015171,CUST-01017,2026-04-17,422.06
TX-0015172,CUST-01018,2026-08-06,483.47
TX-0015173,CUST-01018,2025-11-08,488.01
TX-0015174,CUST-01018,2026-03-18,570.12
TX-0015175,CUST-01018,2025-12-28,382.74
TX-0015176,CUST-01018,2025-11-22,540.16
TX-0015177,CUST-01018,2025-11-24,531.75
TX-0015178,CUST-01018,2026-02-23,418.07
TX-0015179,CUST-01019,2026-08-17,528.92
TX-0015180,CUST-01019,2026-07-30,546.56
TX-0015181,CUST-01019,2026-05-27,490.87
TX-0015182,CUST-01019,2026-03-03,463.19
TX-0015183,CUST-01019,2026-02-01,530.52
TX-0015184,CUST-01019,2026-06-10,414.74
TX-0015185,CUST-01019,2026-06-14,388.72
TX-0015186,CUST-01019,2026-02-03,411.44
TX-0015187,CUST-01019,2026-05-26,394.5
TX-0015188,CUST-01019,2026-03-30,451.14
TX-0015189,CUST-01019,2026-01-22,538.61
TX-0015190,CUST-01019,2026-04-28,449.16
TX-0015191,CUST-01019,2026-07-10,531.87
TX-0015192,CUST-01020,2026-08-17,430.29
TX-0015193,CUST-01020,2026-05-10,474.14
TX-0015194,CUST-01020,2025-10-30,454.53
TX-0015195,CUST-01020,2026-06-12,571.89
TX-0015196,CUST-01020,2026-05-22,401.11
TX-0015197,CUST-01020,2025-11-29,411.44
TX-0015198,CUST-01020,2025-12-25,487.52
TX-0015199,CUST-01020,2026-02-28,496.38
TX-0015200,CUST-01020,2025-10-31,480.97
TX-0015201,CUST-01020,2026-05-22,403.4
TX-0015202,CUST-01021,2026-08-09,496.31
TX-0015203,CUST-01021,2026-05-27,550.88
TX-0015204,CUST-01021,2025-10-16,475.42
TX-0015205,CUST-01021,2026-04-27,495.11
TX-0015206,CUST-01021,2026-06-16,405.39
TX-0015207,CUST-01021,2026-04-29,480.83
TX-0015208,CUST-01021,2026-07-14,430.83
TX-0015209,CUST-01022,2026-08-22,460.25
TX-0015210,CUST-01022,2026-02-22,458.12
TX-0015211,CUST-01022,2026-06-20,579.36
TX-0015212,CUST-01022,2026-07-07,410.84
TX-0015213,CUST-01022,2026-03-01,555.25
TX-0015214,CUST-01022,2026-07-01,563.52
TX-0015215,CUST-01022,2026-02-15,514.39
TX-0015216,CUST-01022,2026-03-10,435.68
TX-0015217,CUST-01023,2026-08-17,545.19
TX-0015218,CUST-01023,2026-03-19,391.5
TX-0015219,CUST-01023,2025-12-26,545.56
TX-0015220,CUST-01023,2026-03-02,521.19
TX-0015221,CUST-01023,2026-07-18,528.53
TX-0015222,CUST-01023,2026-04-28,524.63
TX-0015223,CUST-01023,2026-07-30,558.46
TX-0015224,CUST-01023,2026-04-06,406.44
TX-0015225,CUST-01023,2025-11-02,394.15
TX-0015226,CUST-01024,2026-08-08,518.05
TX-0015227,CUST-01024,2026-07-09,407.45
TX-0015228,CUST-01024,2026-06-02,382.23
TX-0015229,CUST-01024,2026-04-03,545.3
TX-0015230,CUST-01024,2026-07-14,506.51
TX-0015231,CUST-01024,2026-03-11,496.46
TX-0015232,CUST-01024,2026-03-01,455.03
TX-0015233,CUST-01024,2025-11-28,439.91
TX-0015234,CUST-01025,2026-08-04,564.55
TX-0015235,CUST-01025,2025-12-09,526.78
TX-0015236,CUST-01025,2026-02-18,545.8
TX-0015237,CUST-01025,2025-10-19,470.73
TX-0015238,CUST-01025,2026-07-05,561.38
TX-0015239,CUST-01025,2026-07-08,401.57
TX-0015240,CUST-01025,2026-05-03,478.07
TX-0015241,CUST-01025,2026-03-13,467.64
TX-0015242,CUST-01025,2026-04-26,487.44
TX-0015243,CUST-01025,2026-02-17,554.11
TX-0015244,CUST-01026,2026-08-09,443.25
TX-0015245,CUST-01026,2026-03-16,520.38
TX-0015246,CUST-01026,2026-01-22,545.97
TX-0015247,CUST-01026,2026-01-09,441.86
TX-0015248,CUST-01026,2026-07-24,568.81
TX-0015249,CUST-01026,2026-02-07,388.85
TX-0015250,CUST-01026,2026-01-13,444.37
TX-0015251,CUST-01026,2025-10-28,464.71
TX-0015252,CUST-01026,2025-11-29,463.92
TX-0015253,CUST-01027,2026-08-10,530.89
TX-0015254,CUST-01027,2026-03-19,384.04
TX-0015255,CUST-01027,2026-05-09,487.61
TX-0015256,CUST-01027,2026-06-24,467.55
TX-0015257,CUST-01027,2026-01-31,456.27
TX-0015258,CUST-01027,2026-01-19,458.12
TX-0015259,CUST-01027,2026-04-18,557.45
TX-0015260,CUST-01027,2026-01-13,383.46
TX-0015261,CUST-01028,2026-08-05,452.98
TX-0015262,CUST-01028,2026-04-10,525.18
TX-0015263,CUST-01028,2026-06-02,457.66
TX-0015264,CUST-01028,2026-01-27,560.73
TX-0015265,CUST-01028,2025-12-11,549.24
TX-0015266,CUST-01028,2026-02-25,523.33
TX-0015267,CUST-01028,2025-11-24,458.49
TX-0015268,CUST-01028,2025-12-12,414.04
TX-0015269,CUST-01028,2025-10-24,389.13
TX-0015270,CUST-01028,2026-02-17,423.07
TX-0015271,CUST-01028,2026-06-05,525.75
TX-0015272,CUST-01028,2026-06-23,381.7
TX-0015273,CUST-01029,2026-08-05,480.16
TX-0015274,CUST-01029,2026-07-20,570.4
TX-0015275,CUST-01029,2026-05-12,404.65
TX-0015276,CUST-01029,2026-07-06,384.62
TX-0015277,CUST-01029,2026-03-17,400.16
TX-0015278,CUST-01029,2026-01-14,535.13
TX-0015279,CUST-01029,2026-07-01,564.15
TX-0015280,CUST-01029,2026-02-11,488.17
TX-0015281,CUST-01029,2026-01-04,406.18
TX-0015282,CUST-01029,2026-05-06,397.9
TX-0015283,CUST-01029,2026-04-12,484.09
TX-0015284,CUST-01029,2025-10-23,495.1
TX-0015285,CUST-01030,2026-08-16,576.28
TX-0015286,CUST-01030,2026-05-16,434.53
TX-0015287,CUST-01030,2025-12-25,407.58
TX-0015288,CUST-01030,2026-04-21,440.77
TX-0015289,CUST-01030,2025-12-20,464.35
TX-0015290,CUST-01030,2026-02-05,500.63
TX-0015291,CUST-01030,2026-07-16,519.66
TX-0015292,CUST-01030,2026-06-18,389.19
TX-0015293,CUST-01030,2026-04-22,538.16
TX-0015294,CUST-01030,2026-06-01,443.13
TX-0015295,CUST-01030,2025-11-03,471.14
TX-0015296,CUST-01030,2026-01-09,412.72
TX-0015297,CUST-01031,2026-08-05,444.31
TX-0015298,CUST-01031,2025-11-06,576.53
TX-0015299,CUST-01031,2026-05-01,525.13
TX-0015300,CUST-01031,2025-12-02,455.33
TX-0015301,CUST-01031,2025-11-25,472.48
TX-0015302,CUST-01031,2026-04-26,554.11
TX-0015303,CUST-01031,2025-12-19,497.21
TX-0015304,CUST-01031,2026-01-16,430.0
TX-0015305,CUST-01031,2026-05-08,578.28
TX-0015306,CUST-01031,2026-06-03,565.08
TX-0015307,CUST-01031,2026-06-12,420.81
TX-0015308,CUST-01031,2026-06-27,401.36
TX-0015309,CUST-01031,2026-05-25,438.05
TX-0015310,CUST-01031,2026-06-02,547.53
TX-0015311,CUST-01032,2026-08-21,574.39
TX-0015312,CUST-01032,2025-11-28,436.35
TX-0015313,CUST-01032,2026-02-28,471.25
TX-0015314,CUST-01032,2026-03-09,421.14
TX-0015315,CUST-01032,2025-11-08,526.32
TX-0015316,CUST-01032,2026-02-22,402.44
TX-0015317,CUST-01032,2026-02-13,559.2
TX-0015318,CUST-01033,2026-08-17,576.37
TX-0015319,CUST-01033,2026-06-19,400.58
TX-0015320,CUST-01033,2026-04-10,391.94
TX-0015321,CUST-01033,2026-05-27,443.85
TX-0015322,CUST-01033,2026-01-04,466.76
TX-0015323,CUST-01033,2026-01-19,453.14
TX-0015324,CUST-01033,2026-07-27,491.87
TX-0015325,CUST-01033,2026-08-01,456.98
TX-0015326,CUST-01033,2026-05-25,568.99
TX-0015327,CUST-01033,2025-12-25,528.16
TX-0015328,CUST-01033,2026-03-21,440.9
TX-0015329,CUST-01034,2026-08-13,556.03
TX-0015330,CUST-01034,2025-12-01,522.11
TX-0015331,CUST-01034,2026-02-26,471.31
TX-0015332,CUST-01034,2026-07-09,403.87
TX-0015333,CUST-01034,2025-12-29,380.06
TX-0015334,CUST-01034,2026-04-18,384.68
TX-0015335,CUST-01034,2026-01-06,467.0
TX-0015336,CUST-01035,2026-08-11,491.06
TX-0015337,CUST-01035,2026-02-08,425.23
TX-0015338,CUST-01035,2026-02-10,483.84
TX-0015339,CUST-01035,2025-10-21,468.92
TX-0015340,CUST-01035,2026-05-01,554.9
TX-0015341,CUST-01035,2026-04-10,504.61
TX-0015342,CUST-01035,2026-05-13,476.37
TX-0015343,CUST-01035,2026-01-12,559.48
TX-0015344,CUST-01035,2026-05-22,468.18
TX-0015345,CUST-01036,2026-08-08,537.91
TX-0015346,CUST-01036,2025-11-15,384.91
TX-0015347,CUST-01036,2025-11-13,380.04
TX-0015348,CUST-01036,2025-11-15,525.86
TX-0015349,CUST-01036,2026-07-14,571.63
TX-0015350,CUST-01036,2026-05-02,537.59
TX-0015351,CUST-01036,2026-03-15,540.3
TX-0015352,CUST-01036,2025-11-22,518.41
TX-0015353,CUST-01036,2026-01-04,407.66
TX-0015354,CUST-01036,2026-01-11,500.9
TX-0015355,CUST-01036,2026-03-04,446.73
TX-0015356,CUST-01037,2026-08-19,408.39
TX-0015357,CUST-01037,2025-11-25,464.44
TX-0015358,CUST-01037,2026-05-11,504.56
TX-0015359,CUST-01037,2025-11-01,514.2
TX-0015360,CUST-01037,2026-07-15,440.98
TX-0015361,CUST-01037,2026-07-18,443.54
TX-0015362,CUST-01037,2026-06-04,438.56
TX-0015363,CUST-01037,2025-12-14,455.32
TX-0015364,CUST-01037,2026-03-09,399.69
TX-0015365,CUST-01037,2025-11-30,383.61
TX-0015366,CUST-01037,2026-04-06,380.6
TX-0015367,CUST-01038,2026-08-13,415.42
TX-0015368,CUST-01038,2026-07-10,577.06
TX-0015369,CUST-01038,2026-07-18,548.87
TX-0015370,CUST-01038,2025-12-24,514.16
TX-0015371,CUST-01038,2025-12-31,389.56
TX-0015372,CUST-01038,2025-12-03,474.24
TX-0015373,CUST-01038,2026-06-23,399.66
TX-0015374,CUST-01038,2026-05-05,480.39
TX-0015375,CUST-01038,2026-01-31,382.74
TX-0015376,CUST-01038,2026-05-19,447.18
TX-0015377,CUST-01038,2026-06-22,472.76
TX-0015378,CUST-01038,2026-07-29,493.09
TX-0015379,CUST-01039,2026-08-08,499.45
TX-0015380,CUST-01039,2026-06-30,427.83
TX-0015381,CUST-01039,2026-04-01,504.73
TX-0015382,CUST-01039,2026-04-18,511.31
TX-0015383,CUST-01039,2026-07-16,487.01
TX-0015384,CUST-01039,2025-12-09,543.33
TX-0015385,CUST-01039,2026-05-27,486.4
TX-0015386,CUST-01039,2026-06-01,469.52
TX-0015387,CUST-01040,2026-08-06,568.77
TX-0015388,CUST-01040,2026-03-19,510.49
TX-0015389,CUST-01040,2026-02-13,492.28
TX-0015390,CUST-01040,2026-04-30,499.31
TX-0015391,CUST-01040,2026-06-02,406.25
TX-0015392,CUST-01040,2026-03-26,436.89
TX-0015393,CUST-01040,2025-10-27,514.06
TX-0015394,CUST-01040,2025-12-17,565.73
TX-0015395,CUST-01040,2026-06-04,424.42
TX-0015396,CUST-01041,2026-08-06,552.49
TX-0015397,CUST-01041,2025-11-23,528.1
TX-0015398,CUST-01041,2025-12-22,433.54
TX-0015399,CUST-01041,2025-11-14,499.91
TX-0015400,CUST-01041,2026-05-11,528.12
TX-0015401,CUST-01041,2026-05-25,411.48
TX-0015402,CUST-01041,2026-04-05,435.37
TX-0015403,CUST-01041,2026-02-27,463.33
TX-0015404,CUST-01041,2026-05-03,557.52
TX-0015405,CUST-01041,2026-07-19,396.01
TX-0015406,CUST-01041,2025-11-25,445.08
TX-0015407,CUST-01041,2026-06-05,461.35
TX-0015408,CUST-01041,2026-01-19,523.52
TX-0015409,CUST-01041,2025-10-12,420.41
TX-0015410,CUST-01042,2026-08-21,533.75
TX-0015411,CUST-01042,2026-03-26,434.41
TX-0015412,CUST-01042,2026-01-18,496.7
TX-0015413,CUST-01042,2025-11-13,550.98
TX-0015414,CUST-01042,2026-07-28,575.95
TX-0015415,CUST-01042,2025-11-01,572.85
TX-0015416,CUST-01042,2026-07-31,479.9
TX-0015417,CUST-01042,2026-05-22,460.29
TX-0015418,CUST-01042,2026-05-26,575.57
TX-0015419,CUST-01043,2026-08-07,432.71
TX-0015420,CUST-01043,2026-01-04,381.64
TX-0015421,CUST-01043,2026-02-08,552.16
TX-0015422,CUST-01043,2026-03-09,504.38
TX-0015423,CUST-01043,2026-01-19,393.26
TX-0015424,CUST-01043,2026-01-23,522.96
TX-0015425,CUST-01043,2026-03-29,474.74
TX-0015426,CUST-01043,2026-04-07,497.0
TX-0015427,CUST-01044,2026-08-04,516.79
TX-0015428,CUST-01044,2025-12-19,466.38
TX-0015429,CUST-01044,2026-01-12,386.89
TX-0015430,CUST-01044,2026-02-17,512.18
TX-0015431,CUST-01044,2026-02-21,520.84
TX-0015432,CUST-01044,2026-01-28,440.07
TX-0015433,CUST-01044,2025-12-16,424.21
TX-0015434,CUST-01044,2026-06-25,520.57
TX-0015435,CUST-01044,2026-07-12,574.16
TX-0015436,CUST-01044,2026-02-21,514.64
TX-0015437,CUST-01044,2025-12-31,518.52
TX-0015438,CUST-01044,2026-06-04,418.36
TX-0015439,CUST-01045,2026-08-18,566.57
TX-0015440,CUST-01045,2026-01-18,383.12
TX-0015441,CUST-01045,2026-03-02,455.44
TX-0015442,CUST-01045,2026-01-14,511.87
TX-0015443,CUST-01045,2026-06-02,572.23
TX-0015444,CUST-01045,2026-03-04,446.24
TX-0015445,CUST-01045,2025-11-13,497.84
TX-0015446,CUST-01045,2026-03-30,462.89
TX-0015447,CUST-01046,2026-08-09,407.72
TX-0015448,CUST-01046,2026-02-18,520.9
TX-0015449,CUST-01046,2026-02-11,495.9
TX-0015450,CUST-01046,2026-02-14,527.63
TX-0015451,CUST-01046,2026-02-25,510.7
TX-0015452,CUST-01046,2026-04-12,443.7
TX-0015453,CUST-01046,2026-05-29,430.16
TX-0015454,CUST-01046,2026-02-12,439.98
TX-0015455,CUST-01046,2026-03-07,404.08
TX-0015456,CUST-01046,2025-12-14,421.83
TX-0015457,CUST-01046,2026-02-16,412.98
TX-0015458,CUST-01047,2026-08-06,533.23
TX-0015459,CUST-01047,2026-01-03,450.07
TX-0015460,CUST-01047,2026-05-24,503.49
TX-0015461,CUST-01047,2025-10-30,436.54
TX-0015462,CUST-01047,2026-03-29,393.79
TX-0015463,CUST-01047,2026-06-04,559.49
TX-0015464,CUST-01047,2026-01-07,436.31
TX-0015465,CUST-01047,2026-03-04,486.91
TX-0015466,CUST-01047,2026-06-06,572.0
TX-0015467,CUST-01047,2026-04-28,484.28
TX-0015468,CUST-01047,2026-04-03,571.62
TX-0015469,CUST-01047,2026-05-26,499.58
TX-0015470,CUST-01047,2025-10-12,392.72
TX-0015471,CUST-01048,2026-08-18,446.03
TX-0015472,CUST-01048,2026-07-15,421.29
TX-0015473,CUST-01048,2026-07-15,539.68
TX-0015474,CUST-01048,2026-03-24,461.0
TX-0015475,CUST-01048,2025-12-20,518.46
TX-0015476,CUST-01048,2025-11-07,440.31
TX-0015477,CUST-01048,2026-07-04,393.35
TX-0015478,CUST-01048,2026-07-03,551.44
TX-0015479,CUST-01048,2026-04-27,549.17
TX-0015480,CUST-01048,2026-03-21,409.53
TX-0015481,CUST-01048,2026-05-23,485.3
TX-0015482,CUST-01048,2026-01-25,446.45
TX-0015483,CUST-01048,2026-03-30,396.5
TX-0015484,CUST-01048,2026-05-04,518.11
TX-0015485,CUST-01049,2026-08-04,418.02
TX-0015486,CUST-01049,2026-02-07,562.91
TX-0015487,CUST-01049,2026-03-12,512.64
TX-0015488,CUST-01049,2025-10-09,552.74
TX-0015489,CUST-01049,2026-02-12,392.29
TX-0015490,CUST-01049,2026-07-17,433.16
TX-0015491,CUST-01049,2025-12-04,490.58
TX-0015492,CUST-01049,2025-11-30,445.81
TX-0015493,CUST-01049,2026-02-04,433.71
TX-0015494,CUST-01049,2026-01-25,428.2
TX-0015495,CUST-01049,2025-11-26,460.01
TX-0015496,CUST-01049,2026-07-13,434.8
TX-0015497,CUST-01049,2026-03-26,564.13
TX-0015498,CUST-01049,2026-05-03,416.16
TX-0015499,CUST-01050,2026-08-19,392.09
TX-0015500,CUST-01050,2026-04-26,394.98
TX-0015501,CUST-01050,2026-06-21,382.2
TX-0015502,CUST-01050,2026-06-24,508.08
TX-0015503,CUST-01050,2026-05-21,419.29
TX-0015504,CUST-01050,2026-04-19,521.12
TX-0015505,CUST-01050,2026-04-27,386.36
TX-0015506,CUST-01050,2026-06-06,579.18
TX-0015507,CUST-01050,2026-03-20,499.39
TX-0015508,CUST-01050,2026-01-28,483.21
TX-0015509,CUST-01050,2026-05-20,573.18
TX-0015510,CUST-01050,2026-06-24,393.47
TX-0015511,CUST-01050,2026-06-21,543.23
TX-0015512,CUST-01050,2026-08-03,492.31
TX-0015513,CUST-01051,2026-08-12,449.65
TX-0015514,CUST-01051,2025-12-08,510.18
TX-0015515,CUST-01051,2026-02-23,491.97
TX-0015516,CUST-01051,2026-02-14,411.47
TX-0015517,CUST-01051,2026-05-06,522.01
TX-0015518,CUST-01051,2026-04-18,384.66
TX-0015519,CUST-01051,2026-02-09,483.41
TX-0015520,CUST-01052,2026-08-18,446.96
TX-0015521,CUST-01052,2026-01-13,539.79
TX-0015522,CUST-01052,2026-04-17,395.97
TX-0015523,CUST-01052,2026-07-19,572.41
TX-0015524,CUST-01052,2026-06-27,539.49
TX-0015525,CUST-01052,2026-04-30,382.79
TX-0015526,CUST-01052,2026-04-22,483.04
TX-0015527,CUST-01052,2026-07-04,385.96
TX-0015528,CUST-01052,2026-01-06,432.12
TX-0015529,CUST-01053,2026-08-05,538.47
TX-0015530,CUST-01053,2026-02-02,498.22
TX-0015531,CUST-01053,2026-03-14,447.22
TX-0015532,CUST-01053,2026-03-16,389.02
TX-0015533,CUST-01053,2025-11-03,498.39
TX-0015534,CUST-01053,2026-05-30,506.31
TX-0015535,CUST-01053,2026-03-18,454.54
TX-0015536,CUST-01053,2026-06-28,389.33
TX-0015537,CUST-01053,2026-06-03,465.11
TX-0015538,CUST-01053,2026-04-11,428.34
TX-0015539,CUST-01053,2026-07-09,489.2
TX-0015540,CUST-01054,2026-08-22,464.27
TX-0015541,CUST-01054,2026-07-22,536.85
TX-0015542,CUST-01054,2026-02-18,380.28
TX-0015543,CUST-01054,2026-05-20,532.38
TX-0015544,CUST-01054,2026-03-23,483.36
TX-0015545,CUST-01054,2026-04-27,557.91
TX-0015546,CUST-01054,2026-07-07,499.88
TX-0015547,CUST-01054,2025-11-16,436.43
TX-0015548,CUST-01054,2026-07-28,467.48
TX-0015549,CUST-01054,2025-11-15,436.72
TX-0015550,CUST-01055,2026-08-22,442.22
TX-0015551,CUST-01055,2026-03-20,466.82
TX-0015552,CUST-01055,2026-04-15,382.35
TX-0015553,CUST-01055,2026-04-15,474.08
TX-0015554,CUST-01055,2026-04-09,473.2
TX-0015555,CUST-01055,2026-01-15,578.26
TX-0015556,CUST-01055,2026-02-22,385.57
TX-0015557,CUST-01055,2026-04-17,551.34
TX-0015558,CUST-01055,2026-02-07,505.14
TX-0015559,CUST-01055,2025-10-31,522.68
TX-0015560,CUST-01055,2026-01-19,524.85
TX-0015561,CUST-01055,2026-07-17,435.05
TX-0015562,CUST-01055,2026-03-14,496.76
TX-0015563,CUST-01056,2026-08-13,578.73
TX-0015564,CUST-01056,2025-12-24,421.36
TX-0015565,CUST-01056,2026-04-13,465.68
TX-0015566,CUST-01056,2025-11-24,547.63
TX-0015567,CUST-01056,2025-12-29,543.44
TX-0015568,CUST-01056,2026-02-03,578.64
TX-0015569,CUST-01056,2026-05-17,451.58
TX-0015570,CUST-01056,2026-06-26,406.51
TX-0015571,CUST-01056,2026-02-01,467.14
TX-0015572,CUST-01056,2025-12-12,470.57
TX-0015573,CUST-01056,2025-11-02,502.28
TX-0015574,CUST-01056,2026-04-18,522.97
TX-0015575,CUST-01057,2026-08-11,484.02
TX-0015576,CUST-01057,2026-04-30,417.03
TX-0015577,CUST-01057,2026-03-16,466.1
TX-0015578,CUST-01057,2026-04-07,500.91
TX-0015579,CUST-01057,2026-03-04,575.15
TX-0015580,CUST-01057,2026-01-25,560.06
TX-0015581,CUST-01057,2026-05-05,404.24
TX-0015582,CUST-01057,2026-01-26,392.95
TX-0015583,CUST-01058,2026-08-19,557.74
TX-0015584,CUST-01058,2026-06-02,564.97
TX-0015585,CUST-01058,2025-12-31,426.09
TX-0015586,CUST-01058,2025-12-31,547.15
TX-0015587,CUST-01058,2026-02-18,455.5
TX-0015588,CUST-01058,2025-11-29,577.73
TX-0015589,CUST-01058,2026-05-30,573.56
TX-0015590,CUST-01058,2026-01-05,454.33
TX-0015591,CUST-01059,2026-08-14,578.57
TX-0015592,CUST-01059,2026-01-21,435.23
TX-0015593,CUST-01059,2026-03-28,432.82
TX-0015594,CUST-01059,2025-11-20,479.22
TX-0015595,CUST-01059,2026-06-29,541.81
TX-0015596,CUST-01059,2026-05-08,481.02
TX-0015597,CUST-01059,2026-04-02,452.63
TX-0015598,CUST-01059,2026-03-19,495.96
TX-0015599,CUST-01060,2026-08-08,548.3
TX-0015600,CUST-01060,2025-11-09,469.1
TX-0015601,CUST-01060,2026-07-04,546.8
TX-0015602,CUST-01060,2026-02-24,507.64
TX-0015603,CUST-01060,2026-07-12,514.91
TX-0015604,CUST-01060,2026-04-02,477.21
TX-0015605,CUST-01060,2026-02-22,518.52
TX-0015606,CUST-01061,2026-08-17,450.82
TX-0015607,CUST-01061,2026-01-02,497.1
TX-0015608,CUST-01061,2025-12-24,547.52
TX-0015609,CUST-01061,2026-07-27,428.07
TX-0015610,CUST-01061,2026-03-26,492.23
TX-0015611,CUST-01061,2026-07-03,421.12
TX-0015612,CUST-01061,2026-01-20,529.82
TX-0015613,CUST-01061,2026-07-26,502.01
TX-0015614,CUST-01061,2026-04-29,386.83
TX-0015615,CUST-01061,2026-06-30,458.07
TX-0015616,CUST-01061,2025-12-28,572.95
TX-0015617,CUST-01061,2026-02-28,442.44
TX-0015618,CUST-01061,2026-04-14,462.27
TX-0015619,CUST-01062,2026-08-12,433.58
TX-0015620,CUST-01062,2026-02-02,419.46
TX-0015621,CUST-01062,2026-03-01,479.06
TX-0015622,CUST-01062,2026-01-26,543.32
TX-0015623,CUST-01062,2025-12-28,498.56
TX-0015624,CUST-01062,2026-01-12,476.8
TX-0015625,CUST-01062,2026-06-01,493.34
TX-0015626,CUST-01062,2026-01-28,427.27
TX-0015627,CUST-01062,2026-02-18,566.81
TX-0015628,CUST-01062,2026-04-21,500.94
TX-0015629,CUST-01062,2026-07-19,492.19
TX-0015630,CUST-01063,2026-08-06,556.85
TX-0015631,CUST-01063,2026-06-20,407.4
TX-0015632,CUST-01063,2026-04-08,408.91
TX-0015633,CUST-01063,2025-11-19,431.42
TX-0015634,CUST-01063,2026-02-02,502.36
TX-0015635,CUST-01063,2026-03-12,566.85
TX-0015636,CUST-01063,2025-10-22,536.42
TX-0015637,CUST-01063,2026-04-18,542.69
TX-0015638,CUST-01063,2026-06-06,425.16
TX-0015639,CUST-01063,2026-01-28,530.32
TX-0015640,CUST-01063,2026-07-14,520.63
TX-0015641,CUST-01064,2026-08-10,491.24
TX-0015642,CUST-01064,2025-12-02,565.67
TX-0015643,CUST-01064,2026-03-04,408.96
TX-0015644,CUST-01064,2026-04-16,536.6
TX-0015645,CUST-01064,2026-02-16,441.61
TX-0015646,CUST-01064,2026-03-22,534.58
TX-0015647,CUST-01064,2025-11-10,487.71
TX-0015648,CUST-01064,2026-06-03,414.97
TX-0015649,CUST-01064,2025-11-08,440.25
TX-0015650,CUST-01064,2026-05-01,407.33
TX-0015651,CUST-01065,2026-08-14,436.53
TX-0015652,CUST-01065,2026-04-07,540.45
TX-0015653,CUST-01065,2025-10-26,446.39
TX-0015654,CUST-01065,2025-12-08,574.05
TX-0015655,CUST-01065,2026-06-06,509.49
TX-0015656,CUST-01065,2025-11-04,578.24
TX-0015657,CUST-01065,2025-12-12,425.94
TX-0015658,CUST-01065,2026-06-26,431.47
TX-0015659,CUST-01065,2026-05-17,568.6
TX-0015660,CUST-01065,2026-02-09,429.08
TX-0015661,CUST-01065,2026-03-07,449.98
TX-0015662,CUST-01065,2025-11-19,452.25
TX-0015663,CUST-01065,2026-04-05,449.01
TX-0015664,CUST-01066,2026-08-14,465.09
TX-0015665,CUST-01066,2026-07-30,468.2
TX-0015666,CUST-01066,2026-03-08,451.24
TX-0015667,CUST-01066,2026-05-16,530.91
TX-0015668,CUST-01066,2026-03-09,481.84
TX-0015669,CUST-01066,2026-06-12,421.97
TX-0015670,CUST-01066,2026-07-22,541.86
TX-0015671,CUST-01066,2025-11-17,551.1
TX-0015672,CUST-01066,2026-05-23,452.01
TX-0015673,CUST-01066,2026-04-24,451.6
TX-0015674,CUST-01066,2026-01-16,417.45
TX-0015675,CUST-01067,2026-08-15,392.37
TX-0015676,CUST-01067,2026-06-06,574.75
TX-0015677,CUST-01067,2026-07-12,443.5
TX-0015678,CUST-01067,2026-04-28,430.14
TX-0015679,CUST-01067,2026-05-19,578.93
TX-0015680,CUST-01067,2026-02-07,471.67
TX-0015681,CUST-01067,2026-06-27,576.46
TX-0015682,CUST-01067,2026-04-23,428.53
TX-0015683,CUST-01067,2026-07-11,384.84
TX-0015684,CUST-01067,2026-05-14,472.65
TX-0015685,CUST-01067,2025-11-12,383.39
TX-0015686,CUST-01067,2026-03-02,525.04
TX-0015687,CUST-01067,2026-05-18,423.81
TX-0015688,CUST-01067,2026-01-31,520.76
TX-0015689,CUST-01068,2026-08-08,420.45
TX-0015690,CUST-01068,2026-02-15,381.26
TX-0015691,CUST-01068,2026-01-28,527.46
TX-0015692,CUST-01068,2026-02-04,464.51
TX-0015693,CUST-01068,2025-12-05,422.72
TX-0015694,CUST-01068,2025-12-19,394.18
TX-0015695,CUST-01068,2026-01-29,508.54
TX-0015696,CUST-01069,2026-08-09,476.66
TX-0015697,CUST-01069,2026-05-23,484.04
TX-0015698,CUST-01069,2025-11-19,498.26
TX-0015699,CUST-01069,2025-11-11,489.28
TX-0015700,CUST-01069,2025-12-28,393.46
TX-0015701,CUST-01069,2026-04-18,505.67
TX-0015702,CUST-01069,2026-07-13,446.63
TX-0015703,CUST-01069,2025-12-19,417.98
TX-0015704,CUST-01069,2025-12-15,408.6
TX-0015705,CUST-01069,2026-05-21,555.22
TX-0015706,CUST-01069,2026-02-04,516.19
TX-0015707,CUST-01069,2026-02-27,440.07
TX-0015708,CUST-01070,2026-08-04,557.76
TX-0015709,CUST-01070,2025-12-29,459.88
TX-0015710,CUST-01070,2025-12-18,562.71
TX-0015711,CUST-01070,2026-03-07,442.67
TX-0015712,CUST-01070,2026-04-18,489.16
TX-0015713,CUST-01070,2026-05-20,461.67
TX-0015714,CUST-01070,2025-12-15,487.39
TX-0015715,CUST-01070,2026-05-10,422.37
TX-0015716,CUST-01070,2026-04-10,514.25
TX-0015717,CUST-01070,2026-07-17,390.69
TX-0015718,CUST-01070,2026-04-14,383.22
TX-0015719,CUST-01070,2026-05-02,544.17
TX-0015720,CUST-01070,2026-06-17,395.44
TX-0015721,CUST-01070,2026-01-10,537.32
TX-0015722,CUST-01071,2026-08-21,455.97
TX-0015723,CUST-01071,2026-01-23,544.34
TX-0015724,CUST-01071,2026-06-24,416.57
TX-0015725,CUST-01071,2026-07-13,425.68
TX-0015726,CUST-01071,2026-06-19,566.43
TX-0015727,CUST-01071,2025-12-13,437.16
TX-0015728,CUST-01071,2026-07-15,421.22
TX-0015729,CUST-01071,2026-06-23,424.24
TX-0015730,CUST-01071,2025-11-28,421.01
TX-0015731,CUST-01071,2025-11-26,384.0
TX-0015732,CUST-01071,2026-03-02,556.02
TX-0015733,CUST-01071,2026-07-26,545.37
TX-0015734,CUST-01071,2026-06-24,465.15
TX-0015735,CUST-01071,2026-07-15,539.8
TX-0015736,CUST-01072,2026-08-07,555.61
TX-0015737,CUST-01072,2026-02-10,530.45
TX-0015738,CUST-01072,2025-10-17,546.37
TX-0015739,CUST-01072,2026-02-10,428.19
TX-0015740,CUST-01072,2026-03-29,519.33
TX-0015741,CUST-01072,2026-05-16,443.21
TX-0015742,CUST-01072,2026-02-18,427.53
TX-0015743,CUST-01072,2026-03-27,512.59
TX-0015744,CUST-01072,2026-04-17,391.04
TX-0015745,CUST-01073,2026-08-09,548.78
TX-0015746,CUST-01073,2026-02-14,440.74
TX-0015747,CUST-01073,2026-06-19,527.05
TX-0015748,CUST-01073,2025-11-08,424.13
TX-0015749,CUST-01073,2026-02-03,535.82
TX-0015750,CUST-01073,2026-06-25,434.48
TX-0015751,CUST-01073,2026-05-05,392.32
TX-0015752,CUST-01073,2026-07-21,443.97
TX-0015753,CUST-01073,2026-02-05,411.16
TX-0015754,CUST-01073,2025-11-19,570.62
TX-0015755,CUST-01073,2026-01-01,420.78
TX-0015756,CUST-01073,2026-03-19,486.12
TX-0015757,CUST-01073,2026-04-05,456.47
TX-0015758,CUST-01073,2026-04-04,492.0
TX-0015759,CUST-01074,2026-08-20,409.94
TX-0015760,CUST-01074,2026-06-05,414.8
TX-0015761,CUST-01074,2026-04-30,511.04
TX-0015762,CUST-01074,2025-10-26,510.22
TX-0015763,CUST-01074,2025-12-18,576.94
TX-0015764,CUST-01074,2026-02-22,436.66
TX-0015765,CUST-01074,2026-04-18,554.46
TX-0015766,CUST-01074,2026-07-17,400.49
TX-0015767,CUST-01074,2026-02-25,569.52
TX-0015768,CUST-01074,2026-02-01,565.79
TX-0015769,CUST-01075,2026-08-04,533.65
TX-0015770,CUST-01075,2026-02-24,426.96
TX-0015771,CUST-01075,2026-04-14,559.8
TX-0015772,CUST-01075,2026-01-14,462.25
TX-0015773,CUST-01075,2026-01-10,557.46
TX-0015774,CUST-01075,2025-11-15,554.17
TX-0015775,CUST-01075,2026-07-18,411.64
TX-0015776,CUST-01075,2026-05-26,563.72
TX-0015777,CUST-01076,2026-08-12,393.05
TX-0015778,CUST-01076,2026-03-14,385.01
TX-0015779,CUST-01076,2026-02-27,570.68
TX-0015780,CUST-01076,2026-03-15,537.28
TX-0015781,CUST-01076,2025-12-26,424.0
TX-0015782,CUST-01076,2026-05-22,492.05
TX-0015783,CUST-01076,2026-01-09,555.21
TX-0015784,CUST-01076,2026-05-07,445.76
TX-0015785,CUST-01076,2026-04-05,490.13
TX-0015786,CUST-01076,2026-07-17,455.75
TX-0015787,CUST-01076,2025-12-02,491.26
TX-0015788,CUST-01076,2026-07-27,507.6
TX-0015789,CUST-01076,2026-01-07,390.19
TX-0015790,CUST-01077,2026-08-09,547.76
TX-0015791,CUST-01077,2025-12-09,514.68
TX-0015792,CUST-01077,2026-06-14,492.31
TX-0015793,CUST-01077,2026-04-29,464.92
TX-0015794,CUST-01077,2025-10-21,397.41
TX-0015795,CUST-01077,2026-01-05,384.94
TX-0015796,CUST-01077,2026-02-12,462.69
TX-0015797,CUST-01077,2026-03-03,510.02
TX-0015798,CUST-01077,2026-04-24,448.64
TX-0015799,CUST-01077,2026-03-21,497.48
TX-0015800,CUST-01077,2026-05-29,564.63
TX-0015801,CUST-01078,2026-08-10,549.45
TX-0015802,CUST-01078,2026-05-15,391.01
TX-0015803,CUST-01078,2026-04-14,434.46
TX-0015804,CUST-01078,2026-06-26,469.41
TX-0015805,CUST-01078,2026-06-01,507.39
TX-0015806,CUST-01078,2026-02-25,542.25
TX-0015807,CUST-01078,2026-07-17,493.5
TX-0015808,CUST-01079,2026-08-18,527.1
TX-0015809,CUST-01079,2026-03-04,480.59
TX-0015810,CUST-01079,2026-05-23,468.39
TX-0015811,CUST-01079,2026-03-06,489.61
TX-0015812,CUST-01079,2026-06-14,442.11
TX-0015813,CUST-01079,2025-12-03,421.54
TX-0015814,CUST-01079,2026-04-27,386.57
TX-0015815,CUST-01079,2026-01-04,548.46
TX-0015816,CUST-01079,2026-04-04,508.55
TX-0015817,CUST-01079,2026-03-23,575.04
TX-0015818,CUST-01079,2026-04-07,454.15
TX-0015819,CUST-01080,2026-08-15,466.09
TX-0015820,CUST-01080,2026-02-13,491.06
TX-0015821,CUST-01080,2026-07-14,573.31
TX-0015822,CUST-01080,2026-05-25,409.71
TX-0015823,CUST-01080,2026-06-07,464.71
TX-0015824,CUST-01080,2026-03-10,522.64
TX-0015825,CUST-01080,2026-03-28,571.03
TX-0015826,CUST-01080,2026-01-16,577.44
TX-0015827,CUST-01080,2026-04-25,429.27
TX-0015828,CUST-01080,2026-06-02,441.31
TX-0015829,CUST-01080,2026-05-10,537.42
TX-0015830,CUST-01080,2026-06-08,419.24
TX-0015831,CUST-01081,2026-08-14,443.51
TX-0015832,CUST-01081,2026-07-18,509.3
TX-0015833,CUST-01081,2025-11-19,407.73
TX-0015834,CUST-01081,2026-03-04,489.35
TX-0015835,CUST-01081,2026-07-05,424.3
TX-0015836,CUST-01081,2025-10-19,441.82
TX-0015837,CUST-01081,2026-02-15,490.98
TX-0015838,CUST-01081,2026-03-16,508.61
TX-0015839,CUST-01081,2025-12-09,417.45
TX-0015840,CUST-01081,2026-05-25,528.68
TX-0015841,CUST-01082,2026-08-10,448.94
TX-0015842,CUST-01082,2026-07-04,385.54
TX-0015843,CUST-01082,2026-05-08,398.04
TX-0015844,CUST-01082,2026-05-07,428.62
TX-0015845,CUST-01082,2026-07-02,560.03
TX-0015846,CUST-01082,2025-11-14,495.57
TX-0015847,CUST-01082,2025-10-31,527.01
TX-0015848,CUST-01082,2025-10-15,462.04
TX-0015849,CUST-01083,2026-08-12,510.23
TX-0015850,CUST-01083,2026-01-01,564.11
TX-0015851,CUST-01083,2025-12-13,392.88
TX-0015852,CUST-01083,2026-06-16,522.59
TX-0015853,CUST-01083,2026-05-18,430.98
TX-0015854,CUST-01083,2026-05-29,489.45
TX-0015855,CUST-01083,2026-01-11,411.85
TX-0015856,CUST-01083,2026-05-23,442.9
TX-0015857,CUST-01083,2026-01-05,410.4
TX-0015858,CUST-01083,2026-03-07,549.94
TX-0015859,CUST-01083,2026-03-21,497.2
TX-0015860,CUST-01084,2026-08-10,570.9
TX-0015861,CUST-01084,2026-04-03,561.51
TX-0015862,CUST-01084,2026-06-02,512.62
TX-0015863,CUST-01084,2026-07-08,538.62
TX-0015864,CUST-01084,2026-06-22,495.49
TX-0015865,CUST-01084,2025-11-03,550.09
TX-0015866,CUST-01084,2026-03-04,564.76
TX-0015867,CUST-01085,2026-08-04,563.84
TX-0015868,CUST-01085,2025-12-19,575.44
TX-0015869,CUST-01085,2026-06-06,466.19
TX-0015870,CUST-01085,2025-12-23,504.15
TX-0015871,CUST-01085,2025-11-08,411.91
TX-0015872,CUST-01085,2025-12-16,446.81
TX-0015873,CUST-01085,2025-12-05,462.0
TX-0015874,CUST-01086,2026-08-21,492.0
TX-0015875,CUST-01086,2026-07-13,574.63
TX-0015876,CUST-01086,2026-06-27,569.69
TX-0015877,CUST-01086,2025-11-08,492.83
TX-0015878,CUST-01086,2025-11-22,403.59
TX-0015879,CUST-01086,2026-06-27,508.3
TX-0015880,CUST-01086,2025-12-10,537.38
TX-0015881,CUST-01086,2026-03-30,381.99
TX-0015882,CUST-01086,2026-03-31,403.07
TX-0015883,CUST-01086,2025-11-13,410.57
TX-0015884,CUST-01086,2026-01-17,571.32
TX-0015885,CUST-01087,2026-08-16,400.48
TX-0015886,CUST-01087,2026-05-29,428.8
TX-0015887,CUST-01087,2026-04-16,405.07
TX-0015888,CUST-01087,2025-12-06,549.59
TX-0015889,CUST-01087,2026-06-07,405.91
TX-0015890,CUST-01087,2025-12-28,525.14
TX-0015891,CUST-01087,2026-06-26,462.06
TX-0015892,CUST-01087,2026-02-11,483.1
TX-0015893,CUST-01087,2026-07-10,491.16
TX-0015894,CUST-01087,2026-05-23,476.03
TX-0015895,CUST-01087,2026-01-23,423.83
TX-0015896,CUST-01087,2025-11-20,451.33
TX-0015897,CUST-01088,2026-08-10,403.16
TX-0015898,CUST-01088,2026-07-16,436.71
TX-0015899,CUST-01088,2026-06-10,401.27
TX-0015900,CUST-01088,2026-07-15,577.48
TX-0015901,CUST-01088,2026-05-02,471.15
TX-0015902,CUST-01088,2026-02-24,430.98
TX-0015903,CUST-01088,2026-01-24,381.54
TX-0015904,CUST-01088,2025-12-25,524.75
TX-0015905,CUST-01088,2025-12-09,574.51
TX-0015906,CUST-01089,2026-08-22,522.43
TX-0015907,CUST-01089,2026-06-29,446.01
TX-0015908,CUST-01089,2026-04-23,392.75
TX-0015909,CUST-01089,2026-05-14,397.54
TX-0015910,CUST-01089,2026-05-31,547.52
TX-0015911,CUST-01089,2025-12-01,507.38
TX-0015912,CUST-01089,2025-11-09,457.12
TX-0015913,CUST-01090,2026-08-08,538.4
TX-0015914,CUST-01090,2026-01-25,482.18
TX-0015915,CUST-01090,2026-02-13,571.67
TX-0015916,CUST-01090,2026-05-03,500.84
TX-0015917,CUST-01090,2025-11-14,541.61
TX-0015918,CUST-01090,2025-11-12,569.35
TX-0015919,CUST-01090,2026-03-09,459.0
TX-0015920,CUST-01090,2026-01-06,438.04
TX-0015921,CUST-01090,2026-01-25,509.88
TX-0015922,CUST-01090,2026-06-02,464.29
TX-0015923,CUST-01090,2026-05-06,564.05
TX-0015924,CUST-01091,2026-08-07,409.37
TX-0015925,CUST-01091,2026-03-04,459.71
TX-0015926,CUST-01091,2025-12-26,407.74
TX-0015927,CUST-01091,2026-07-04,561.3
TX-0015928,CUST-01091,2026-04-20,478.29
TX-0015929,CUST-01091,2026-06-28,523.33
TX-0015930,CUST-01091,2026-03-21,394.84
TX-0015931,CUST-01091,2026-04-02,426.06
TX-0015932,CUST-01091,2026-05-31,412.93
TX-0015933,CUST-01091,2026-02-21,523.94
TX-0015934,CUST-01091,2026-05-16,477.44
TX-0015935,CUST-01091,2025-12-02,563.48
TX-0015936,CUST-01092,2026-08-05,571.3
TX-0015937,CUST-01092,2026-07-16,565.81
TX-0015938,CUST-01092,2025-11-26,438.53
TX-0015939,CUST-01092,2025-10-11,414.87
TX-0015940,CUST-01092,2025-12-26,549.11
TX-0015941,CUST-01092,2025-12-02,544.62
TX-0015942,CUST-01092,2026-01-19,545.97
TX-0015943,CUST-01092,2026-06-03,521.43
TX-0015944,CUST-01092,2026-01-13,389.32
TX-0015945,CUST-01092,2025-10-20,472.09
TX-0015946,CUST-01092,2026-07-12,398.47
TX-0015947,CUST-01092,2025-11-29,488.2
TX-0015948,CUST-01092,2026-07-08,562.64
TX-0015949,CUST-01093,2026-08-21,519.99
TX-0015950,CUST-01093,2026-04-01,409.56
TX-0015951,CUST-01093,2025-12-08,475.61
TX-0015952,CUST-01093,2026-03-20,491.76
TX-0015953,CUST-01093,2026-02-03,487.98
TX-0015954,CUST-01093,2025-11-02,492.64
TX-0015955,CUST-01093,2026-01-06,541.29
TX-0015956,CUST-01093,2026-03-07,441.23
TX-0015957,CUST-01093,2025-11-17,450.78
TX-0015958,CUST-01093,2026-08-03,434.47
TX-0015959,CUST-01094,2026-08-17,443.39
TX-0015960,CUST-01094,2026-04-22,548.75
TX-0015961,CUST-01094,2026-02-28,492.23
TX-0015962,CUST-01094,2025-10-31,396.79
TX-0015963,CUST-01094,2026-01-25,502.8
TX-0015964,CUST-01094,2026-07-06,471.77
TX-0015965,CUST-01094,2026-04-27,456.55
TX-0015966,CUST-01095,2026-08-10,427.62
TX-0015967,CUST-01095,2025-12-26,418.74
TX-0015968,CUST-01095,2026-01-06,463.9
TX-0015969,CUST-01095,2026-05-19,515.32
TX-0015970,CUST-01095,2026-02-17,483.54
TX-0015971,CUST-01095,2025-12-03,576.25
TX-0015972,CUST-01095,2026-01-31,455.62
TX-0015973,CUST-01096,2026-08-05,409.82
TX-0015974,CUST-01096,2025-12-12,547.19
TX-0015975,CUST-01096,2026-03-27,476.3
TX-0015976,CUST-01096,2025-12-31,520.52
TX-0015977,CUST-01096,2026-05-29,557.19
TX-0015978,CUST-01096,2025-12-17,544.92
TX-0015979,CUST-01096,2026-02-24,444.18
TX-0015980,CUST-01096,2025-10-17,512.32
TX-0015981,CUST-01096,2026-03-23,534.74
TX-0015982,CUST-01096,2025-11-19,404.76
TX-0015983,CUST-01096,2026-06-27,447.28
TX-0015984,CUST-01096,2025-11-25,564.4
TX-0015985,CUST-01096,2026-02-07,531.22
TX-0015986,CUST-01096,2026-03-06,430.22
TX-0015987,CUST-01097,2026-08-09,459.46
TX-0015988,CUST-01097,2026-03-26,557.13
TX-0015989,CUST-01097,2026-02-14,458.41
TX-0015990,CUST-01097,2025-11-11,479.7
TX-0015991,CUST-01097,2025-11-01,502.65
TX-0015992,CUST-01097,2026-03-23,425.8
TX-0015993,CUST-01097,2026-03-05,473.13
TX-0015994,CUST-01097,2026-06-23,442.08
TX-0015995,CUST-01097,2025-12-28,433.66
TX-0015996,CUST-01097,2026-06-23,478.51
TX-0015997,CUST-01097,2026-03-22,473.37
TX-0015998,CUST-01098,2026-08-13,516.66
TX-0015999,CUST-01098,2026-03-28,408.6
TX-0016000,CUST-01098,2026-05-08,534.57
TX-0016001,CUST-01098,2026-02-17,561.55
TX-0016002,CUST-01098,2026-07-17,394.67
TX-0016003,CUST-01098,2025-10-20,566.77
TX-0016004,CUST-01098,2026-06-17,575.86
TX-0016005,CUST-01098,2026-07-08,545.64
TX-0016006,CUST-01098,2026-06-25,400.51
TX-0016007,CUST-01098,2025-11-12,575.46
TX-0016008,CUST-01098,2026-05-18,487.73
TX-0016009,CUST-01099,2026-08-18,500.13
TX-0016010,CUST-01099,2026-07-29,548.01
TX-0016011,CUST-01099,2026-01-28,389.32
TX-0016012,CUST-01099,2026-01-11,499.04
TX-0016013,CUST-01099,2026-01-27,420.18
TX-0016014,CUST-01099,2026-02-03,532.42
TX-0016015,CUST-01099,2026-02-06,381.91
TX-0016016,CUST-01099,2026-04-23,570.11
TX-0016017,CUST-01100,2026-08-14,397.24
TX-0016018,CUST-01100,2026-05-25,454.89
TX-0016019,CUST-01100,2026-03-21,441.55
TX-0016020,CUST-01100,2026-05-07,538.64
TX-0016021,CUST-01100,2026-02-14,509.18
TX-0016022,CUST-01100,2026-06-23,521.61
TX-0016023,CUST-01100,2026-04-28,524.7
TX-0016024,CUST-01100,2026-03-06,579.15
TX-0016025,CUST-01100,2026-01-17,436.7
TX-0016026,CUST-01100,2026-07-14,385.76
TX-0016027,CUST-01100,2026-06-06,444.11
TX-0016028,CUST-01100,2026-03-11,395.65
TX-0016029,CUST-01100,2026-01-23,493.16
TX-0016030,CUST-01100,2025-11-16,539.37
TX-0016031,CUST-01101,2026-08-10,512.35
TX-0016032,CUST-01101,2025-10-24,526.06
TX-0016033,CUST-01101,2026-03-08,460.36
TX-0016034,CUST-01101,2025-11-16,441.33
TX-0016035,CUST-01101,2026-06-28,492.43
TX-0016036,CUST-01101,2025-11-18,474.5
TX-0016037,CUST-01101,2026-06-23,433.65
TX-0016038,CUST-01101,2025-11-06,537.44
TX-0016039,CUST-01101,2026-05-15,465.14
TX-0016040,CUST-01101,2025-11-24,412.26
TX-0016041,CUST-01101,2026-06-08,531.27
TX-0016042,CUST-01101,2026-01-13,393.33
TX-0016043,CUST-01102,2026-08-17,475.18
TX-0016044,CUST-01102,2025-10-27,501.24
TX-0016045,CUST-01102,2026-07-05,508.16
TX-0016046,CUST-01102,2026-06-08,453.87
TX-0016047,CUST-01102,2026-02-14,460.14
TX-0016048,CUST-01102,2026-05-29,426.8
TX-0016049,CUST-01102,2025-12-15,501.57
TX-0016050,CUST-01102,2026-07-03,405.83
TX-0016051,CUST-01102,2026-06-18,494.66
TX-0016052,CUST-01102,2026-03-27,502.39
TX-0016053,CUST-01102,2026-07-08,385.39
TX-0016054,CUST-01102,2026-01-14,549.98
TX-0016055,CUST-01102,2025-12-15,484.83
TX-0016056,CUST-01102,2025-12-06,459.93
TX-0016057,CUST-01103,2026-08-13,455.51
TX-0016058,CUST-01103,2026-02-12,469.27
TX-0016059,CUST-01103,2025-11-25,446.94
TX-0016060,CUST-01103,2026-04-10,443.02
TX-0016061,CUST-01103,2025-11-18,430.19
TX-0016062,CUST-01103,2025-12-23,508.49
TX-0016063,CUST-01103,2026-04-27,570.29
TX-0016064,CUST-01104,2026-08-19,524.79
TX-0016065,CUST-01104,2026-06-29,490.01
TX-0016066,CUST-01104,2025-10-30,578.81
TX-0016067,CUST-01104,2026-04-18,538.74
TX-0016068,CUST-01104,2026-07-06,473.8
TX-0016069,CUST-01104,2026-05-17,550.9
TX-0016070,CUST-01104,2026-02-04,555.79
TX-0016071,CUST-01104,2026-05-20,539.87
TX-0016072,CUST-01105,2026-08-17,444.51
TX-0016073,CUST-01105,2026-06-08,519.19
TX-0016074,CUST-01105,2026-02-02,476.21
TX-0016075,CUST-01105,2026-07-21,528.5
TX-0016076,CUST-01105,2025-11-22,388.94
TX-0016077,CUST-01105,2026-04-08,472.46
TX-0016078,CUST-01105,2026-06-17,480.61
TX-0016079,CUST-01105,2026-06-24,529.56
TX-0016080,CUST-01105,2025-12-19,549.87
TX-0016081,CUST-01105,2026-01-16,570.21
TX-0016082,CUST-01105,2026-01-07,431.5
TX-0016083,CUST-01105,2026-06-18,393.46
TX-0016084,CUST-01105,2026-04-19,524.3
TX-0016085,CUST-01105,2026-06-17,567.64
TX-0016086,CUST-01106,2026-08-18,540.83
TX-0016087,CUST-01106,2025-11-11,466.94
TX-0016088,CUST-01106,2026-01-06,468.73
TX-0016089,CUST-01106,2026-07-06,487.75
TX-0016090,CUST-01106,2025-12-26,427.63
TX-0016091,CUST-01106,2026-02-17,556.9
TX-0016092,CUST-01106,2026-01-11,529.31
TX-0016093,CUST-01106,2025-11-08,427.63
TX-0016094,CUST-01106,2026-07-09,394.57
TX-0016095,CUST-01106,2025-11-28,509.4
TX-0016096,CUST-01106,2026-06-22,579.84
TX-0016097,CUST-01107,2026-08-21,385.84
TX-0016098,CUST-01107,2026-04-09,525.01
TX-0016099,CUST-01107,2026-05-24,448.18
TX-0016100,CUST-01107,2026-07-12,428.06
TX-0016101,CUST-01107,2025-12-13,558.75
TX-0016102,CUST-01107,2025-12-30,388.08
TX-0016103,CUST-01107,2026-05-22,469.74
TX-0016104,CUST-01107,2026-06-04,484.36
TX-0016105,CUST-01107,2026-07-13,546.01
TX-0016106,CUST-01107,2026-07-26,566.8
TX-0016107,CUST-01107,2026-04-14,551.45
TX-0016108,CUST-01107,2026-06-08,515.27
TX-0016109,CUST-01107,2026-02-19,543.81
TX-0016110,CUST-01107,2025-11-28,474.61
TX-0016111,CUST-01108,2026-08-12,522.44
TX-0016112,CUST-01108,2026-05-11,411.81
TX-0016113,CUST-01108,2026-07-25,428.63
TX-0016114,CUST-01108,2026-03-14,457.06
TX-0016115,CUST-01108,2025-12-10,427.92
TX-0016116,CUST-01108,2026-06-04,552.18
TX-0016117,CUST-01108,2026-05-30,498.17
TX-0016118,CUST-01108,2026-04-12,549.16
TX-0016119,CUST-01108,2025-10-30,545.03
TX-0016120,CUST-01109,2026-08-20,441.12
TX-0016121,CUST-01109,2026-02-25,488.17
TX-0016122,CUST-01109,2026-01-27,523.6
TX-0016123,CUST-01109,2026-08-03,482.71
TX-0016124,CUST-01109,2025-11-26,438.35
TX-0016125,CUST-01109,2026-03-06,401.97
TX-0016126,CUST-01109,2026-06-06,543.51
TX-0016127,CUST-01109,2026-03-04,422.21
TX-0016128,CUST-01109,2025-10-26,533.94
TX-0016129,CUST-01109,2026-07-26,498.56
TX-0016130,CUST-01109,2025-10-27,480.35
TX-0016131,CUST-01109,2026-07-25,429.94
TX-0016132,CUST-01109,2026-07-01,395.43
TX-0016133,CUST-01109,2026-01-09,521.15
TX-0016134,CUST-01110,2026-08-16,401.84
TX-0016135,CUST-01110,2026-06-10,556.06
TX-0016136,CUST-01110,2026-06-05,440.73
TX-0016137,CUST-01110,2026-06-26,516.86
TX-0016138,CUST-01110,2026-07-15,569.53
TX-0016139,CUST-01110,2026-03-04,384.6
TX-0016140,CUST-01110,2025-12-02,452.18
TX-0016141,CUST-01111,2026-08-13,455.5
TX-0016142,CUST-01111,2026-07-07,574.57
TX-0016143,CUST-01111,2026-03-01,391.86
TX-0016144,CUST-01111,2026-06-28,568.31
TX-0016145,CUST-01111,2026-06-19,390.94
TX-0016146,CUST-01111,2026-05-10,389.09
TX-0016147,CUST-01111,2025-12-06,410.6
TX-0016148,CUST-01111,2026-06-05,415.8
TX-0016149,CUST-01112,2026-08-05,437.08
TX-0016150,CUST-01112,2026-01-28,497.29
TX-0016151,CUST-01112,2026-01-19,428.62
TX-0016152,CUST-01112,2026-03-03,446.92
TX-0016153,CUST-01112,2026-03-17,504.53
TX-0016154,CUST-01112,2025-12-17,449.7
TX-0016155,CUST-01112,2026-07-06,408.78
TX-0016156,CUST-01112,2026-04-11,531.63
TX-0016157,CUST-01112,2025-11-11,537.42
TX-0016158,CUST-01113,2026-08-08,544.96
TX-0016159,CUST-01113,2025-10-20,573.71
TX-0016160,CUST-01113,2026-04-15,505.36
TX-0016161,CUST-01113,2026-05-20,501.64
TX-0016162,CUST-01113,2025-11-04,419.57
TX-0016163,CUST-01113,2026-06-30,440.26
TX-0016164,CUST-01113,2026-04-06,452.56
TX-0016165,CUST-01113,2026-01-03,452.62
TX-0016166,CUST-01113,2025-12-30,380.63
TX-0016167,CUST-01113,2025-11-05,497.88
TX-0016168,CUST-01114,2026-08-18,430.46
TX-0016169,CUST-01114,2025-11-19,404.83
TX-0016170,CUST-01114,2025-11-18,426.04
TX-0016171,CUST-01114,2026-02-10,568.13
TX-0016172,CUST-01114,2026-05-20,539.85
TX-0016173,CUST-01114,2026-03-20,382.09
TX-0016174,CUST-01114,2026-03-19,453.84
TX-0016175,CUST-01114,2025-11-14,446.92
TX-0016176,CUST-01115,2026-08-04,431.16
TX-0016177,CUST-01115,2025-12-27,530.49
TX-0016178,CUST-01115,2025-10-17,405.91
TX-0016179,CUST-01115,2025-10-30,465.28
TX-0016180,CUST-01115,2026-06-20,418.13
TX-0016181,CUST-01115,2026-05-04,411.03
TX-0016182,CUST-01115,2025-11-12,566.11
TX-0016183,CUST-01116,2026-08-17,542.58
TX-0016184,CUST-01116,2026-06-23,422.65
TX-0016185,CUST-01116,2026-04-26,398.83
TX-0016186,CUST-01116,2026-01-24,381.48
TX-0016187,CUST-01116,2025-11-27,546.48
TX-0016188,CUST-01116,2026-02-23,429.36
TX-0016189,CUST-01116,2026-01-17,474.72
TX-0016190,CUST-01116,2026-05-20,486.57
TX-0016191,CUST-01116,2025-12-15,494.33
TX-0016192,CUST-01116,2025-12-26,473.22
TX-0016193,CUST-01116,2026-06-25,537.33
TX-0016194,CUST-01117,2026-08-21,417.1
TX-0016195,CUST-01117,2025-11-17,547.32
TX-0016196,CUST-01117,2025-11-15,478.93
TX-0016197,CUST-01117,2026-07-08,451.96
TX-0016198,CUST-01117,2025-11-07,563.67
TX-0016199,CUST-01117,2025-12-12,524.46
TX-0016200,CUST-01117,2026-06-12,455.97
TX-0016201,CUST-01117,2026-02-20,426.42
TX-0016202,CUST-01117,2026-02-08,509.57
TX-0016203,CUST-01117,2026-05-24,545.8
TX-0016204,CUST-01117,2026-03-08,520.9
TX-0016205,CUST-01118,2026-08-15,445.03
TX-0016206,CUST-01118,2026-01-25,411.13
TX-0016207,CUST-01118,2025-12-11,427.04
TX-0016208,CUST-01118,2026-05-15,425.32
TX-0016209,CUST-01118,2025-12-17,515.67
TX-0016210,CUST-01118,2026-01-02,471.43
TX-0016211,CUST-01118,2026-01-03,577.56
TX-0016212,CUST-01118,2025-11-20,397.41
TX-0016213,CUST-01118,2026-05-03,472.09
TX-0016214,CUST-01119,2026-08-05,455.68
TX-0016215,CUST-01119,2026-05-20,569.39
TX-0016216,CUST-01119,2026-04-23,535.21
TX-0016217,CUST-01119,2025-11-26,555.9
TX-0016218,CUST-01119,2026-04-23,414.24
TX-0016219,CUST-01119,2026-01-03,540.56
TX-0016220,CUST-01119,2025-12-12,425.3
TX-0016221,CUST-01119,2026-07-09,415.67
TX-0016222,CUST-01119,2026-06-08,528.28
TX-0016223,CUST-01119,2026-01-05,558.35
TX-0016224,CUST-01120,2026-08-04,504.35
TX-0016225,CUST-01120,2025-10-14,385.36
TX-0016226,CUST-01120,2025-10-27,490.9
TX-0016227,CUST-01120,2026-02-24,529.68
TX-0016228,CUST-01120,2026-05-01,396.39
TX-0016229,CUST-01120,2026-02-10,392.56
TX-0016230,CUST-01120,2025-11-30,410.39
TX-0016231,CUST-01120,2026-06-27,544.8
TX-0016232,CUST-01120,2026-05-06,488.25
TX-0016233,CUST-01121,2026-08-13,390.02
TX-0016234,CUST-01121,2026-04-14,488.46
TX-0016235,CUST-01121,2026-04-16,467.02
TX-0016236,CUST-01121,2026-06-07,500.31
TX-0016237,CUST-01121,2026-05-01,492.76
TX-0016238,CUST-01121,2025-12-18,511.55
TX-0016239,CUST-01121,2026-07-04,450.02
TX-0016240,CUST-01121,2026-06-05,397.99
TX-0016241,CUST-01121,2026-07-28,390.25
TX-0016242,CUST-01122,2026-08-07,396.86
TX-0016243,CUST-01122,2026-04-03,553.7
TX-0016244,CUST-01122,2025-12-19,381.76
TX-0016245,CUST-01122,2026-06-22,494.65
TX-0016246,CUST-01122,2026-07-21,401.84
TX-0016247,CUST-01122,2026-07-19,577.65
TX-0016248,CUST-01122,2026-03-15,385.44
TX-0016249,CUST-01122,2026-01-30,550.06
TX-0016250,CUST-01122,2025-11-04,489.68
TX-0016251,CUST-01122,2025-12-18,521.19
TX-0016252,CUST-01122,2025-12-13,526.93
TX-0016253,CUST-01123,2026-08-08,546.54
TX-0016254,CUST-01123,2025-12-17,485.47
TX-0016255,CUST-01123,2026-05-12,380.81
TX-0016256,CUST-01123,2025-10-26,451.72
TX-0016257,CUST-01123,2026-07-01,392.66
TX-0016258,CUST-01123,2026-03-25,473.84
TX-0016259,CUST-01123,2025-10-29,401.1
TX-0016260,CUST-01123,2026-02-01,434.75
TX-0016261,CUST-01123,2025-11-30,460.37
TX-0016262,CUST-01123,2026-07-02,531.76
TX-0016263,CUST-01124,2026-08-12,412.23
TX-0016264,CUST-01124,2026-02-06,450.46
TX-0016265,CUST-01124,2025-12-02,504.35
TX-0016266,CUST-01124,2026-07-21,417.67
TX-0016267,CUST-01124,2025-11-24,457.3
TX-0016268,CUST-01124,2026-01-17,481.92
TX-0016269,CUST-01124,2026-02-15,523.75
TX-0016270,CUST-01124,2026-01-02,386.21
TX-0016271,CUST-01124,2026-04-28,560.34
TX-0016272,CUST-01124,2025-12-06,434.21
TX-0016273,CUST-01124,2026-06-23,476.9
TX-0016274,CUST-01124,2026-05-02,561.33
TX-0016275,CUST-01125,2026-08-04,459.21
TX-0016276,CUST-01125,2026-03-15,562.38
TX-0016277,CUST-01125,2026-01-30,407.57
TX-0016278,CUST-01125,2026-05-30,505.2
TX-0016279,CUST-01125,2025-12-06,447.57
TX-0016280,CUST-01125,2025-12-07,485.4
TX-0016281,CUST-01125,2026-01-23,482.08
TX-0016282,CUST-01125,2026-07-14,579.82
TX-0016283,CUST-01125,2026-02-26,508.67
TX-0016284,CUST-01125,2026-03-09,538.72
TX-0016285,CUST-01126,2026-08-20,574.6
TX-0016286,CUST-01126,2026-07-24,526.45
TX-0016287,CUST-01126,2025-11-27,458.66
TX-0016288,CUST-01126,2026-07-31,413.28
TX-0016289,CUST-01126,2025-12-11,381.95
TX-0016290,CUST-01126,2026-04-15,490.97
TX-0016291,CUST-01126,2026-05-09,412.12
TX-0016292,CUST-01126,2026-02-04,570.85
TX-0016293,CUST-01126,2026-04-09,578.09
TX-0016294,CUST-01127,2026-08-07,489.48
TX-0016295,CUST-01127,2026-03-19,480.66
TX-0016296,CUST-01127,2025-12-10,411.13
TX-0016297,CUST-01127,2025-11-22,515.16
TX-0016298,CUST-01127,2026-05-01,507.59
TX-0016299,CUST-01127,2026-05-22,410.63
TX-0016300,CUST-01127,2025-12-14,554.61
TX-0016301,CUST-01127,2026-06-02,394.74
TX-0016302,CUST-01127,2026-04-28,505.12
TX-0016303,CUST-01128,2026-08-09,421.37
TX-0016304,CUST-01128,2026-06-21,537.75
TX-0016305,CUST-01128,2026-02-05,565.92
TX-0016306,CUST-01128,2026-03-12,538.4
TX-0016307,CUST-01128,2025-11-14,443.88
TX-0016308,CUST-01128,2026-01-06,491.44
TX-0016309,CUST-01128,2026-02-01,548.64
TX-0016310,CUST-01128,2025-12-16,436.83
TX-0016311,CUST-01129,2026-08-19,541.53
TX-0016312,CUST-01129,2026-08-04,386.56
TX-0016313,CUST-01129,2026-01-23,475.18
TX-0016314,CUST-01129,2026-03-07,395.06
TX-0016315,CUST-01129,2026-01-20,476.57
TX-0016316,CUST-01129,2026-04-03,552.02
TX-0016317,CUST-01129,2026-06-06,380.46
TX-0016318,CUST-01129,2026-02-02,406.1
TX-0016319,CUST-01130,2026-08-17,452.53
TX-0016320,CUST-01130,2026-01-29,403.65
TX-0016321,CUST-01130,2026-01-11,576.31
TX-0016322,CUST-01130,2026-07-03,451.02
TX-0016323,CUST-01130,2026-04-06,555.32
TX-0016324,CUST-01130,2026-01-29,443.96
TX-0016325,CUST-01130,2025-12-10,574.07
TX-0016326,CUST-01130,2026-03-13,381.62
TX-0016327,CUST-01130,2025-12-16,381.23
TX-0016328,CUST-01131,2026-08-05,542.41
TX-0016329,CUST-01131,2026-05-02,388.71
TX-0016330,CUST-01131,2026-01-19,409.38
TX-0016331,CUST-01131,2025-11-19,578.82
TX-0016332,CUST-01131,2026-05-20,390.38
TX-0016333,CUST-01131,2026-06-04,524.58
TX-0016334,CUST-01131,2026-04-13,485.9
TX-0016335,CUST-01131,2026-03-28,418.89
TX-0016336,CUST-01132,2026-08-08,414.45
TX-0016337,CUST-01132,2026-01-25,433.05
TX-0016338,CUST-01132,2026-04-23,407.72
TX-0016339,CUST-01132,2026-02-17,487.25
TX-0016340,CUST-01132,2026-04-18,501.57
TX-0016341,CUST-01132,2026-01-17,453.57
TX-0016342,CUST-01132,2026-06-21,554.52
TX-0016343,CUST-01132,2026-01-11,481.93
TX-0016344,CUST-01132,2026-04-24,383.27
TX-0016345,CUST-01132,2026-05-17,499.57
TX-0016346,CUST-01132,2025-12-13,510.01
TX-0016347,CUST-01132,2026-05-26,537.54
TX-0016348,CUST-01132,2026-06-10,574.34
TX-0016349,CUST-01132,2026-03-30,422.27
TX-0016350,CUST-01133,2026-08-17,381.04
TX-0016351,CUST-01133,2026-03-09,468.49
TX-0016352,CUST-01133,2026-01-07,419.15
TX-0016353,CUST-01133,2026-01-01,531.55
TX-0016354,CUST-01133,2026-06-04,503.15
TX-0016355,CUST-01133,2026-04-04,442.05
TX-0016356,CUST-01133,2026-03-04,545.49
TX-0016357,CUST-01133,2026-03-11,479.29
TX-0016358,CUST-01133,2026-03-01,402.69
TX-0016359,CUST-01133,2026-06-01,452.1
TX-0016360,CUST-01133,2026-03-28,519.77
TX-0016361,CUST-01133,2025-12-05,578.57
TX-0016362,CUST-01133,2025-12-27,465.49
TX-0016363,CUST-01134,2026-08-14,444.25
TX-0016364,CUST-01134,2025-12-24,488.1
TX-0016365,CUST-01134,2026-06-13,515.4
TX-0016366,CUST-01134,2026-05-24,435.92
TX-0016367,CUST-01134,2025-12-01,451.24
TX-0016368,CUST-01134,2026-02-16,434.08
TX-0016369,CUST-01134,2026-05-27,421.63
TX-0016370,CUST-01134,2026-06-18,541.86
TX-0016371,CUST-01134,2025-11-21,557.19
TX-0016372,CUST-01134,2025-11-15,544.33
TX-0016373,CUST-01134,2026-07-24,407.46
TX-0016374,CUST-01134,2026-07-03,479.83
TX-0016375,CUST-01134,2026-04-17,484.29
TX-0016376,CUST-01134,2026-01-03,424.58
TX-0016377,CUST-01135,2026-08-18,441.99
TX-0016378,CUST-01135,2026-02-04,495.56
TX-0016379,CUST-01135,2025-11-30,484.69
TX-0016380,CUST-01135,2026-02-14,530.71
TX-0016381,CUST-01135,2026-01-02,538.0
TX-0016382,CUST-01135,2026-02-06,542.21
TX-0016383,CUST-01135,2026-04-14,452.71
TX-0016384,CUST-01135,2026-04-21,540.7
TX-0016385,CUST-01135,2026-02-19,501.54
TX-0016386,CUST-01135,2026-04-12,462.38
TX-0016387,CUST-01135,2026-06-07,471.39
TX-0016388,CUST-01135,2025-12-02,573.93
TX-0016389,CUST-01135,2026-05-13,434.4
TX-0016390,CUST-01135,2026-02-10,406.16
TX-0016391,CUST-01136,2026-08-13,517.42
TX-0016392,CUST-01136,2026-05-08,407.02
TX-0016393,CUST-01136,2025-12-31,429.46
TX-0016394,CUST-01136,2026-07-12,388.29
TX-0016395,CUST-01136,2026-03-01,542.83
TX-0016396,CUST-01136,2025-11-13,532.78
TX-0016397,CUST-01136,2026-01-31,553.03
TX-0016398,CUST-01136,2026-07-05,559.63
TX-0016399,CUST-01136,2025-12-25,473.21
TX-0016400,CUST-01137,2026-08-08,449.97
TX-0016401,CUST-01137,2026-01-30,432.96
TX-0016402,CUST-01137,2026-02-26,403.63
TX-0016403,CUST-01137,2026-03-29,478.82
TX-0016404,CUST-01137,2026-05-05,576.62
TX-0016405,CUST-01137,2026-07-14,498.03
TX-0016406,CUST-01137,2026-02-07,485.0
TX-0016407,CUST-01138,2026-08-22,464.59
TX-0016408,CUST-01138,2026-05-06,478.85
TX-0016409,CUST-01138,2026-05-29,426.69
TX-0016410,CUST-01138,2026-07-29,438.77
TX-0016411,CUST-01138,2026-03-30,547.27
TX-0016412,CUST-01138,2025-12-20,416.15
TX-0016413,CUST-01138,2026-01-23,509.26
TX-0016414,CUST-01138,2025-11-17,414.42
TX-0016415,CUST-01138,2026-04-02,405.74
TX-0016416,CUST-01138,2026-08-01,414.48
TX-0016417,CUST-01138,2026-05-21,542.79
TX-0016418,CUST-01138,2025-12-19,488.09
TX-0016419,CUST-01138,2026-01-29,446.71
TX-0016420,CUST-01139,2026-08-07,407.97
TX-0016421,CUST-01139,2026-05-29,397.84
TX-0016422,CUST-01139,2025-12-03,550.27
TX-0016423,CUST-01139,2026-01-01,504.92
TX-0016424,CUST-01139,2026-01-10,525.49
TX-0016425,CUST-01139,2026-06-13,456.96
TX-0016426,CUST-01139,2026-04-23,542.82
TX-0016427,CUST-01139,2025-11-04,482.62
TX-0016428,CUST-01139,2026-05-04,404.41
TX-0016429,CUST-01139,2025-10-18,459.01
TX-0016430,CUST-01139,2025-12-04,443.8
TX-0016431,CUST-01139,2026-06-19,382.53
TX-0016432,CUST-01139,2026-06-28,500.73
TX-0016433,CUST-01140,2026-08-11,412.4
TX-0016434,CUST-01140,2026-05-22,485.6
TX-0016435,CUST-01140,2026-01-28,467.08
TX-0016436,CUST-01140,2026-05-02,423.65
TX-0016437,CUST-01140,2026-05-18,551.86
TX-0016438,CUST-01140,2025-10-20,451.12
TX-0016439,CUST-01140,2026-01-13,519.63
TX-0016440,CUST-01140,2025-11-23,385.39
TX-0016441,CUST-01140,2026-05-29,561.61
TX-0016442,CUST-01140,2026-03-07,491.35
TX-0016443,CUST-01140,2026-07-27,487.97
TX-0016444,CUST-01141,2026-08-18,526.47
TX-0016445,CUST-01141,2025-12-24,399.16
TX-0016446,CUST-01141,2026-01-05,492.56
TX-0016447,CUST-01141,2025-11-04,554.23
TX-0016448,CUST-01141,2026-04-15,505.18
TX-0016449,CUST-01141,2026-06-08,449.44
TX-0016450,CUST-01141,2025-11-02,410.07
TX-0016451,CUST-01141,2025-12-12,535.73
TX-0016452,CUST-01141,2026-07-06,562.07
TX-0016453,CUST-01141,2026-07-16,572.94
TX-0016454,CUST-01141,2026-04-11,573.29
TX-0016455,CUST-01141,2026-01-23,556.35
TX-0016456,CUST-01142,2026-08-10,442.68
TX-0016457,CUST-01142,2026-03-03,410.87
TX-0016458,CUST-01142,2026-07-17,388.4
TX-0016459,CUST-01142,2026-07-18,518.31
TX-0016460,CUST-01142,2026-04-22,390.81
TX-0016461,CUST-01142,2026-07-04,402.44
TX-0016462,CUST-01142,2026-01-18,567.74
TX-0016463,CUST-01142,2025-11-19,461.6
TX-0016464,CUST-01142,2025-12-17,574.72
TX-0016465,CUST-01142,2025-10-23,521.66
TX-0016466,CUST-01143,2026-08-09,575.54
TX-0016467,CUST-01143,2026-01-31,439.96
TX-0016468,CUST-01143,2026-03-08,536.6
TX-0016469,CUST-01143,2026-03-29,411.08
TX-0016470,CUST-01143,2025-11-04,527.87
TX-0016471,CUST-01143,2025-12-01,552.72
TX-0016472,CUST-01143,2026-04-19,564.38
TX-0016473,CUST-01143,2025-12-25,485.52
TX-0016474,CUST-01143,2026-03-23,567.74
TX-0016475,CUST-01143,2026-05-27,395.46
TX-0016476,CUST-01143,2026-01-27,466.33
TX-0016477,CUST-01144,2026-08-11,543.08
TX-0016478,CUST-01144,2026-01-15,385.35
TX-0016479,CUST-01144,2025-12-21,540.41
TX-0016480,CUST-01144,2026-02-06,570.59
TX-0016481,CUST-01144,2025-12-25,449.58
TX-0016482,CUST-01144,2026-02-02,533.31
TX-0016483,CUST-01144,2025-12-06,483.28
TX-0016484,CUST-01145,2026-08-20,402.28
TX-0016485,CUST-01145,2026-07-22,478.98
TX-0016486,CUST-01145,2026-04-25,507.92
TX-0016487,CUST-01145,2026-02-24,522.58
TX-0016488,CUST-01145,2026-07-14,387.8
TX-0016489,CUST-01145,2026-06-28,532.23
TX-0016490,CUST-01145,2026-02-22,536.24
TX-0016491,CUST-01145,2026-01-17,529.09
TX-0016492,CUST-01146,2026-08-19,568.84
TX-0016493,CUST-01146,2026-06-20,508.9
TX-0016494,CUST-01146,2026-05-05,382.82
TX-0016495,CUST-01146,2025-12-18,506.32
TX-0016496,CUST-01146,2026-04-04,409.41
TX-0016497,CUST-01146,2026-02-21,423.05
TX-0016498,CUST-01146,2025-11-11,393.24
TX-0016499,CUST-01146,2026-01-31,537.49
TX-0016500,CUST-01146,2025-11-20,517.67
TX-0016501,CUST-01146,2026-01-10,392.27
TX-0016502,CUST-01146,2025-12-06,510.66
TX-0016503,CUST-01146,2026-07-02,435.41
TX-0016504,CUST-01146,2026-02-06,407.31
TX-0016505,CUST-01146,2026-04-06,521.53
TX-0016506,CUST-01147,2026-08-05,570.42
TX-0016507,CUST-01147,2026-02-23,467.62
TX-0016508,CUST-01147,2025-12-07,551.51
TX-0016509,CUST-01147,2025-12-13,397.69
TX-0016510,CUST-01147,2026-01-25,562.53
TX-0016511,CUST-01147,2025-11-04,450.28
TX-0016512,CUST-01147,2026-01-12,538.69
TX-0016513,CUST-01147,2026-05-18,386.08
TX-0016514,CUST-01147,2025-12-10,421.59
TX-0016515,CUST-01147,2026-03-06,391.55
TX-0016516,CUST-01148,2026-08-11,570.09
TX-0016517,CUST-01148,2025-12-31,478.77
TX-0016518,CUST-01148,2025-12-05,421.32
TX-0016519,CUST-01148,2026-03-01,397.7
TX-0016520,CUST-01148,2025-12-17,449.77
TX-0016521,CUST-01148,2025-12-27,471.96
TX-0016522,CUST-01148,2025-10-18,443.31
TX-0016523,CUST-01148,2025-11-25,474.63
TX-0016524,CUST-01149,2026-08-10,523.29
TX-0016525,CUST-01149,2026-07-01,470.35
TX-0016526,CUST-01149,2025-10-22,415.0
TX-0016527,CUST-01149,2026-03-26,472.13
TX-0016528,CUST-01149,2026-04-16,508.15
TX-0016529,CUST-01149,2025-11-01,533.01
TX-0016530,CUST-01149,2026-05-21,456.49
TX-0016531,CUST-01149,2025-10-23,538.17
TX-0016532,CUST-01149,2025-10-30,385.59
TX-0016533,CUST-01150,2026-08-20,396.7
TX-0016534,CUST-01150,2026-06-04,477.09
TX-0016535,CUST-01150,2026-06-18,448.14
TX-0016536,CUST-01150,2025-11-01,474.55
TX-0016537,CUST-01150,2026-05-31,422.43
TX-0016538,CUST-01150,2025-11-02,482.78
TX-0016539,CUST-01150,2026-04-27,394.61
TX-0016540,CUST-01150,2026-07-13,515.06
TX-0016541,CUST-01151,2026-08-12,504.85
TX-0016542,CUST-01151,2026-06-09,549.93
TX-0016543,CUST-01151,2026-01-15,552.36
TX-0016544,CUST-01151,2026-02-25,528.54
TX-0016545,CUST-01151,2026-01-17,406.94
TX-0016546,CUST-01151,2026-06-18,476.57
TX-0016547,CUST-01151,2026-03-27,488.14
TX-0016548,CUST-01151,2026-03-24,458.23
TX-0016549,CUST-01151,2026-02-02,458.49
TX-0016550,CUST-01151,2025-11-01,491.52
TX-0016551,CUST-01152,2026-08-15,454.68
TX-0016552,CUST-01152,2025-11-16,526.19
TX-0016553,CUST-01152,2026-04-23,502.75
TX-0016554,CUST-01152,2026-04-13,541.53
TX-0016555,CUST-01152,2025-12-08,565.51
TX-0016556,CUST-01152,2025-12-27,569.72
TX-0016557,CUST-01152,2026-04-23,467.26
TX-0016558,CUST-01153,2026-08-05,532.48
TX-0016559,CUST-01153,2025-11-14,547.04
TX-0016560,CUST-01153,2025-10-12,526.03
TX-0016561,CUST-01153,2026-02-25,490.48
TX-0016562,CUST-01153,2026-07-12,463.54
TX-0016563,CUST-01153,2026-01-13,444.96
TX-0016564,CUST-01153,2026-04-17,527.93
TX-0016565,CUST-01153,2026-02-28,450.64
TX-0016566,CUST-01153,2026-03-22,409.45
TX-0016567,CUST-01154,2026-08-18,453.97
TX-0016568,CUST-01154,2026-02-02,386.63
TX-0016569,CUST-01154,2025-12-31,445.95
TX-0016570,CUST-01154,2026-04-21,426.86
TX-0016571,CUST-01154,2026-05-11,437.26
TX-0016572,CUST-01154,2026-01-15,529.25
TX-0016573,CUST-01154,2026-05-28,571.78
TX-0016574,CUST-01154,2026-07-01,442.35
TX-0016575,CUST-01154,2026-02-07,395.41
TX-0016576,CUST-01154,2026-02-10,383.28
TX-0016577,CUST-01154,2026-04-01,421.07
TX-0016578,CUST-01154,2026-02-17,451.75
TX-0016579,CUST-01155,2026-08-13,508.05
TX-0016580,CUST-01155,2025-10-27,547.79
TX-0016581,CUST-01155,2026-04-09,435.78
TX-0016582,CUST-01155,2026-02-07,487.76
TX-0016583,CUST-01155,2026-07-10,388.38
TX-0016584,CUST-01155,2026-04-22,470.45
TX-0016585,CUST-01155,2026-05-28,381.44
TX-0016586,CUST-01155,2025-12-22,515.87
TX-0016587,CUST-01155,2025-12-09,409.58
TX-0016588,CUST-01155,2026-06-24,492.78
TX-0016589,CUST-01155,2025-10-22,433.75
TX-0016590,CUST-01156,2026-08-06,412.42
TX-0016591,CUST-01156,2026-05-29,566.42
TX-0016592,CUST-01156,2026-07-22,438.95
TX-0016593,CUST-01156,2025-10-21,575.29
TX-0016594,CUST-01156,2026-01-12,422.37
TX-0016595,CUST-01156,2026-05-21,538.27
TX-0016596,CUST-01156,2025-11-09,477.45
TX-0016597,CUST-01156,2026-03-12,411.2
TX-0016598,CUST-01156,2026-05-10,568.62
TX-0016599,CUST-01156,2026-06-22,412.22
TX-0016600,CUST-01156,2026-04-25,409.11
TX-0016601,CUST-01156,2026-04-18,401.12
TX-0016602,CUST-01157,2026-08-13,389.23
TX-0016603,CUST-01157,2026-04-07,409.04
TX-0016604,CUST-01157,2026-03-07,387.53
TX-0016605,CUST-01157,2026-07-22,415.69
TX-0016606,CUST-01157,2026-03-31,528.73
TX-0016607,CUST-01157,2026-07-25,440.9
TX-0016608,CUST-01157,2026-04-20,492.96
TX-0016609,CUST-01157,2025-12-30,515.58
TX-0016610,CUST-01158,2026-08-21,435.13
TX-0016611,CUST-01158,2025-11-01,380.03
TX-0016612,CUST-01158,2026-07-27,399.5
TX-0016613,CUST-01158,2026-06-20,575.05
TX-0016614,CUST-01158,2026-02-25,539.87
TX-0016615,CUST-01158,2026-01-30,577.02
TX-0016616,CUST-01158,2025-12-09,461.52
TX-0016617,CUST-01158,2026-08-05,555.18
TX-0016618,CUST-01158,2026-04-05,402.79
TX-0016619,CUST-01158,2026-07-14,489.63
TX-0016620,CUST-01158,2025-11-19,536.91
TX-0016621,CUST-01158,2025-11-04,460.39
TX-0016622,CUST-01158,2025-12-06,472.84
TX-0016623,CUST-01158,2025-10-31,516.91
TX-0016624,CUST-01159,2026-08-16,442.69
TX-0016625,CUST-01159,2026-06-07,555.03
TX-0016626,CUST-01159,2026-02-03,577.95
TX-0016627,CUST-01159,2026-05-18,413.07
TX-0016628,CUST-01159,2026-06-25,394.22
TX-0016629,CUST-01159,2025-12-30,485.6
TX-0016630,CUST-01159,2026-04-26,491.22
TX-0016631,CUST-01160,2026-08-22,562.92
TX-0016632,CUST-01160,2026-07-15,495.35
TX-0016633,CUST-01160,2025-12-30,423.84
TX-0016634,CUST-01160,2026-06-09,428.18
TX-0016635,CUST-01160,2026-05-20,392.75
TX-0016636,CUST-01160,2026-07-24,524.0
TX-0016637,CUST-01160,2026-06-30,432.75
TX-0016638,CUST-01160,2026-04-20,487.47
TX-0016639,CUST-01160,2026-01-29,444.01
TX-0016640,CUST-01160,2026-03-24,553.0
TX-0016641,CUST-01160,2026-01-19,428.82
TX-0016642,CUST-01161,2026-08-07,417.39
TX-0016643,CUST-01161,2026-05-09,394.53
TX-0016644,CUST-01161,2026-03-18,516.84
TX-0016645,CUST-01161,2026-03-28,534.09
TX-0016646,CUST-01161,2026-05-06,406.53
TX-0016647,CUST-01161,2026-02-02,382.6
TX-0016648,CUST-01161,2025-10-21,426.77
TX-0016649,CUST-01161,2026-01-31,391.21
TX-0016650,CUST-01161,2026-04-02,455.45
TX-0016651,CUST-01161,2026-02-13,525.52
TX-0016652,CUST-01161,2026-02-26,521.13
TX-0016653,CUST-01161,2026-06-11,395.03
TX-0016654,CUST-01161,2026-01-13,455.27
TX-0016655,CUST-01161,2026-05-16,441.14
TX-0016656,CUST-01162,2026-08-18,459.44
TX-0016657,CUST-01162,2026-07-09,483.72
TX-0016658,CUST-01162,2026-08-01,439.6
TX-0016659,CUST-01162,2026-04-12,432.87
TX-0016660,CUST-01162,2026-05-28,537.72
TX-0016661,CUST-01162,2026-06-11,430.26
TX-0016662,CUST-01162,2026-06-21,550.37
TX-0016663,CUST-01162,2026-06-10,456.59
TX-0016664,CUST-01162,2026-06-12,530.24
TX-0016665,CUST-01163,2026-08-12,569.06
TX-0016666,CUST-01163,2026-01-19,555.56
TX-0016667,CUST-01163,2026-01-12,412.2
TX-0016668,CUST-01163,2026-02-11,476.64
TX-0016669,CUST-01163,2026-06-25,489.88
TX-0016670,CUST-01163,2026-02-12,563.36
TX-0016671,CUST-01163,2026-07-27,555.2
TX-0016672,CUST-01163,2026-03-17,487.86
TX-0016673,CUST-01163,2026-06-15,551.17
TX-0016674,CUST-01163,2025-12-19,487.38
TX-0016675,CUST-01163,2026-03-23,479.94
TX-0016676,CUST-01163,2025-11-17,409.47
TX-0016677,CUST-01164,2026-08-20,556.08
TX-0016678,CUST-01164,2026-01-29,518.89
TX-0016679,CUST-01164,2026-05-31,548.16
TX-0016680,CUST-01164,2025-12-08,386.41
TX-0016681,CUST-01164,2025-11-24,534.19
TX-0016682,CUST-01164,2025-12-28,450.0
TX-0016683,CUST-01164,2026-07-27,461.97
TX-0016684,CUST-01164,2026-01-05,577.31
TX-0016685,CUST-01164,2026-06-07,577.57
TX-0016686,CUST-01164,2026-03-23,537.91
TX-0016687,CUST-01164,2026-07-16,473.21
TX-0016688,CUST-01164,2025-12-02,509.95
TX-0016689,CUST-01164,2026-05-24,567.33
TX-0016690,CUST-01165,2026-08-04,575.86
TX-0016691,CUST-01165,2026-04-17,518.5
TX-0016692,CUST-01165,2026-06-13,427.62
TX-0016693,CUST-01165,2026-07-20,516.77
TX-0016694,CUST-01165,2026-04-01,424.48
TX-0016695,CUST-01165,2026-05-16,490.43
TX-0016696,CUST-01165,2026-06-21,386.19
TX-0016697,CUST-01165,2026-03-24,539.87
TX-0016698,CUST-01165,2026-01-25,385.45
TX-0016699,CUST-01165,2026-01-24,411.68
TX-0016700,CUST-01165,2026-01-29,552.57
TX-0016701,CUST-01165,2026-03-31,542.42
TX-0016702,CUST-01166,2026-08-20,555.57
TX-0016703,CUST-01166,2026-04-13,483.37
TX-0016704,CUST-01166,2026-03-20,387.49
TX-0016705,CUST-01166,2026-02-15,486.76
TX-0016706,CUST-01166,2026-03-10,501.28
TX-0016707,CUST-01166,2026-07-28,406.2
TX-0016708,CUST-01166,2026-03-05,470.81
TX-0016709,CUST-01166,2026-06-18,499.2
TX-0016710,CUST-01166,2026-01-29,452.28
TX-0016711,CUST-01166,2026-02-11,480.81
TX-0016712,CUST-01166,2026-04-15,533.1
TX-0016713,CUST-01166,2026-06-25,539.28
TX-0016714,CUST-01167,2026-08-17,515.66
TX-0016715,CUST-01167,2026-05-21,534.8
TX-0016716,CUST-01167,2026-02-25,382.17
TX-0016717,CUST-01167,2026-04-03,441.55
TX-0016718,CUST-01167,2025-11-22,533.3
TX-0016719,CUST-01167,2026-06-23,535.65
TX-0016720,CUST-01167,2025-10-27,512.28
TX-0016721,CUST-01167,2025-12-05,578.05
TX-0016722,CUST-01167,2026-05-11,475.31
TX-0016723,CUST-01167,2026-01-15,521.99
TX-0016724,CUST-01167,2026-05-02,548.91
TX-0016725,CUST-01168,2026-08-13,575.87
TX-0016726,CUST-01168,2026-06-29,391.37
TX-0016727,CUST-01168,2026-07-06,572.47
TX-0016728,CUST-01168,2026-05-18,478.5
TX-0016729,CUST-01168,2026-04-18,570.13
TX-0016730,CUST-01168,2026-01-18,497.11
TX-0016731,CUST-01168,2025-12-09,445.18
TX-0016732,CUST-01168,2026-05-07,386.56
TX-0016733,CUST-01169,2026-08-16,466.02
TX-0016734,CUST-01169,2025-11-17,424.86
TX-0016735,CUST-01169,2026-04-14,568.19
TX-0016736,CUST-01169,2026-04-13,549.68
TX-0016737,CUST-01169,2026-04-01,575.99
TX-0016738,CUST-01169,2026-02-12,472.42
TX-0016739,CUST-01169,2026-04-24,457.58
TX-0016740,CUST-01169,2026-06-23,554.92
TX-0016741,CUST-01169,2026-05-17,424.42
TX-0016742,CUST-01169,2026-04-30,572.11
TX-0016743,CUST-01169,2026-01-04,532.76
TX-0016744,CUST-01170,2026-08-11,516.58
TX-0016745,CUST-01170,2026-03-05,398.25
TX-0016746,CUST-01170,2025-12-25,429.78
TX-0016747,CUST-01170,2026-01-04,406.48
TX-0016748,CUST-01170,2025-10-20,385.57
TX-0016749,CUST-01170,2026-03-19,386.33
TX-0016750,CUST-01170,2026-04-30,548.84
TX-0016751,CUST-01170,2026-03-21,575.59
TX-0016752,CUST-01170,2026-06-24,459.09
TX-0016753,CUST-01170,2025-11-02,526.86
TX-0016754,CUST-01170,2026-01-25,426.68
TX-0016755,CUST-01170,2026-04-30,445.84
TX-0016756,CUST-01171,2026-08-11,531.65
TX-0016757,CUST-01171,2026-07-17,435.08
TX-0016758,CUST-01171,2025-11-09,545.67
TX-0016759,CUST-01171,2026-01-14,509.08
TX-0016760,CUST-01171,2026-06-16,533.47
TX-0016761,CUST-01171,2026-07-06,431.99
TX-0016762,CUST-01171,2025-11-08,484.35
TX-0016763,CUST-01171,2025-12-18,549.81
TX-0016764,CUST-01171,2026-07-11,456.42
TX-0016765,CUST-01171,2025-12-13,424.05
TX-0016766,CUST-01171,2026-04-05,396.49
TX-0016767,CUST-01171,2026-05-18,560.63
TX-0016768,CUST-01171,2025-12-07,488.81
TX-0016769,CUST-01172,2026-08-13,382.02
TX-0016770,CUST-01172,2025-12-30,403.66
TX-0016771,CUST-01172,2026-07-11,399.92
TX-0016772,CUST-01172,2026-06-25,470.69
TX-0016773,CUST-01172,2026-06-25,436.14
TX-0016774,CUST-01172,2025-12-18,547.81
TX-0016775,CUST-01172,2026-02-25,564.99
TX-0016776,CUST-01172,2026-06-04,480.57
TX-0016777,CUST-01172,2026-03-10,389.74
TX-0016778,CUST-01173,2026-08-18,464.48
TX-0016779,CUST-01173,2026-02-09,518.14
TX-0016780,CUST-01173,2026-02-07,547.85
TX-0016781,CUST-01173,2026-07-18,567.72
TX-0016782,CUST-01173,2025-11-25,388.48
TX-0016783,CUST-01173,2025-10-28,507.53
TX-0016784,CUST-01173,2025-12-11,388.66
TX-0016785,CUST-01173,2026-04-13,431.64
TX-0016786,CUST-01173,2025-12-12,539.71
TX-0016787,CUST-01173,2026-05-31,545.24
TX-0016788,CUST-01173,2026-07-30,442.47
TX-0016789,CUST-01173,2025-10-26,434.08
TX-0016790,CUST-01173,2025-11-09,516.99
TX-0016791,CUST-01173,2025-12-18,423.29
TX-0016792,CUST-01174,2026-08-19,490.25
TX-0016793,CUST-01174,2026-01-08,515.42
TX-0016794,CUST-01174,2025-12-15,434.55
TX-0016795,CUST-01174,2025-12-15,554.46
TX-0016796,CUST-01174,2025-11-17,535.84
TX-0016797,CUST-01174,2026-01-05,381.52
TX-0016798,CUST-01174,2026-07-11,579.55
TX-0016799,CUST-01175,2026-08-22,505.36
TX-0016800,CUST-01175,2025-12-29,560.27
TX-0016801,CUST-01175,2026-07-27,531.48
TX-0016802,CUST-01175,2025-12-11,510.94
TX-0016803,CUST-01175,2025-12-09,535.58
TX-0016804,CUST-01175,2026-06-02,476.99
TX-0016805,CUST-01175,2026-07-18,561.88
TX-0016806,CUST-01175,2026-03-17,532.7
TX-0016807,CUST-01175,2026-04-28,576.79
TX-0016808,CUST-01175,2025-12-09,442.22
TX-0016809,CUST-01175,2026-04-24,574.94
TX-0016810,CUST-01175,2026-07-12,513.62
TX-0016811,CUST-01176,2026-08-06,487.29
TX-0016812,CUST-01176,2025-11-11,433.39
TX-0016813,CUST-01176,2025-11-09,549.49
TX-0016814,CUST-01176,2026-03-01,492.87
TX-0016815,CUST-01176,2025-11-11,488.27
TX-0016816,CUST-01176,2026-07-20,389.17
TX-0016817,CUST-01176,2026-04-24,503.28
TX-0016818,CUST-01177,2026-08-07,418.08
TX-0016819,CUST-01177,2026-03-15,461.33
TX-0016820,CUST-01177,2025-11-20,533.66
TX-0016821,CUST-01177,2026-06-23,492.04
TX-0016822,CUST-01177,2026-04-23,520.44
TX-0016823,CUST-01177,2026-03-27,500.25
TX-0016824,CUST-01177,2026-04-18,556.7
TX-0016825,CUST-01177,2026-05-24,407.02
TX-0016826,CUST-01177,2026-05-09,392.17
TX-0016827,CUST-01177,2025-12-29,560.11
TX-0016828,CUST-01177,2026-07-15,518.08
TX-0016829,CUST-01177,2025-10-18,521.62
TX-0016830,CUST-01177,2026-03-21,437.7
TX-0016831,CUST-01177,2026-05-12,513.33
TX-0016832,CUST-01178,2026-08-09,484.76
TX-0016833,CUST-01178,2026-01-05,485.38
TX-0016834,CUST-01178,2026-03-29,449.98
TX-0016835,CUST-01178,2026-01-09,506.81
TX-0016836,CUST-01178,2025-12-24,542.68
TX-0016837,CUST-01178,2026-03-04,441.57
TX-0016838,CUST-01178,2025-11-23,440.55
TX-0016839,CUST-01178,2026-05-28,440.98
TX-0016840,CUST-01178,2025-12-08,573.88
TX-0016841,CUST-01178,2026-07-02,566.45
TX-0016842,CUST-01178,2026-06-24,437.7
TX-0016843,CUST-01178,2025-12-23,531.98
TX-0016844,CUST-01179,2026-08-07,383.22
TX-0016845,CUST-01179,2026-03-02,480.37
TX-0016846,CUST-01179,2026-01-23,386.23
TX-0016847,CUST-01179,2026-05-04,511.37
TX-0016848,CUST-01179,2025-10-12,406.92
TX-0016849,CUST-01179,2026-01-01,504.28
TX-0016850,CUST-01179,2026-03-24,465.94
TX-0016851,CUST-01179,2026-04-08,562.93
TX-0016852,CUST-01179,2025-10-28,490.63
TX-0016853,CUST-01179,2025-11-12,462.49
TX-0016854,CUST-01179,2025-11-27,498.93
TX-0016855,CUST-01179,2025-10-24,404.82
TX-0016856,CUST-01180,2026-08-17,563.34
TX-0016857,CUST-01180,2026-04-23,464.4
TX-0016858,CUST-01180,2026-05-17,579.47
TX-0016859,CUST-01180,2026-01-28,400.44
TX-0016860,CUST-01180,2026-02-09,537.61
TX-0016861,CUST-01180,2026-02-01,537.35
TX-0016862,CUST-01180,2026-03-30,388.79
TX-0016863,CUST-01180,2026-06-06,548.21
TX-0016864,CUST-01180,2025-12-17,427.48
TX-0016865,CUST-01181,2026-08-20,482.52
TX-0016866,CUST-01181,2026-06-24,402.83
TX-0016867,CUST-01181,2025-12-15,564.42
TX-0016868,CUST-01181,2026-06-22,441.64
TX-0016869,CUST-01181,2025-11-15,540.17
TX-0016870,CUST-01181,2026-03-29,525.57
TX-0016871,CUST-01181,2025-11-02,444.93
TX-0016872,CUST-01181,2026-03-05,563.13
TX-0016873,CUST-01181,2026-07-08,475.6
TX-0016874,CUST-01182,2026-08-08,404.56
TX-0016875,CUST-01182,2026-03-31,527.47
TX-0016876,CUST-01182,2026-03-11,471.11
TX-0016877,CUST-01182,2025-12-07,496.29
TX-0016878,CUST-01182,2026-06-16,420.01
TX-0016879,CUST-01182,2026-07-03,416.14
TX-0016880,CUST-01182,2025-10-26,534.64
TX-0016881,CUST-01182,2026-03-25,485.84
TX-0016882,CUST-01182,2026-01-18,510.0
TX-0016883,CUST-01182,2026-06-20,432.47
TX-0016884,CUST-01182,2026-06-30,490.99
TX-0016885,CUST-01183,2026-08-21,554.69
TX-0016886,CUST-01183,2026-07-08,427.21
TX-0016887,CUST-01183,2026-02-24,464.02
TX-0016888,CUST-01183,2025-11-23,528.58
TX-0016889,CUST-01183,2025-11-09,462.31
TX-0016890,CUST-01183,2026-03-24,388.87
TX-0016891,CUST-01183,2026-01-30,405.84
TX-0016892,CUST-01183,2025-11-15,400.9
TX-0016893,CUST-01183,2026-01-30,400.56
TX-0016894,CUST-01184,2026-08-15,467.82
TX-0016895,CUST-01184,2025-11-25,470.47
TX-0016896,CUST-01184,2025-11-13,435.23
TX-0016897,CUST-01184,2026-03-29,460.19
TX-0016898,CUST-01184,2026-01-11,545.4
TX-0016899,CUST-01184,2026-05-29,449.82
TX-0016900,CUST-01184,2026-02-02,504.84
TX-0016901,CUST-01184,2026-01-17,440.64
TX-0016902,CUST-01185,2026-08-20,433.61
TX-0016903,CUST-01185,2026-01-23,443.66
TX-0016904,CUST-01185,2026-07-03,494.47
TX-0016905,CUST-01185,2026-06-21,428.3
TX-0016906,CUST-01185,2026-01-05,469.22
TX-0016907,CUST-01185,2025-11-28,534.45
TX-0016908,CUST-01185,2026-02-12,443.52
TX-0016909,CUST-01185,2026-05-11,577.47
TX-0016910,CUST-01185,2026-02-17,510.68
TX-0016911,CUST-01186,2026-08-09,400.99
TX-0016912,CUST-01186,2026-07-10,438.89
TX-0016913,CUST-01186,2026-05-28,548.4
TX-0016914,CUST-01186,2025-11-08,418.21
TX-0016915,CUST-01186,2025-11-10,522.84
TX-0016916,CUST-01186,2025-11-18,555.78
TX-0016917,CUST-01186,2026-07-24,471.76
TX-0016918,CUST-01186,2026-05-13,571.26
TX-0016919,CUST-01186,2026-05-09,435.32
TX-0016920,CUST-01186,2026-05-14,421.14
TX-0016921,CUST-01186,2025-12-22,486.51
TX-0016922,CUST-01186,2026-06-25,494.14
TX-0016923,CUST-01186,2025-11-19,568.74
TX-0016924,CUST-01187,2026-08-13,561.14
TX-0016925,CUST-01187,2025-10-27,538.46
TX-0016926,CUST-01187,2026-01-14,501.61
TX-0016927,CUST-01187,2025-11-21,491.0
TX-0016928,CUST-01187,2026-04-06,421.44
TX-0016929,CUST-01187,2025-11-08,480.44
TX-0016930,CUST-01187,2026-05-10,561.55
TX-0016931,CUST-01188,2026-08-15,533.2
TX-0016932,CUST-01188,2026-04-27,506.89
TX-0016933,CUST-01188,2026-05-09,467.94
TX-0016934,CUST-01188,2025-11-23,483.32
TX-0016935,CUST-01188,2026-06-28,382.56
TX-0016936,CUST-01188,2026-01-15,392.63
TX-0016937,CUST-01188,2026-03-02,476.22
TX-0016938,CUST-01189,2026-08-19,575.96
TX-0016939,CUST-01189,2026-05-28,402.7
TX-0016940,CUST-01189,2026-07-24,531.54
TX-0016941,CUST-01189,2026-02-04,419.01
TX-0016942,CUST-01189,2026-02-15,567.07
TX-0016943,CUST-01189,2026-06-08,483.12
TX-0016944,CUST-01189,2026-01-25,538.1
TX-0016945,CUST-01189,2025-12-30,443.94
TX-0016946,CUST-01190,2026-08-20,572.42
TX-0016947,CUST-01190,2026-02-02,474.8
TX-0016948,CUST-01190,2026-02-01,452.9
TX-0016949,CUST-01190,2026-07-06,450.82
TX-0016950,CUST-01190,2026-03-25,419.43
TX-0016951,CUST-01190,2026-05-29,517.88
TX-0016952,CUST-01190,2026-06-19,381.04
TX-0016953,CUST-01190,2025-10-27,467.9
TX-0016954,CUST-01190,2026-07-15,492.49
TX-0016955,CUST-01190,2026-02-06,484.07
TX-0016956,CUST-01190,2026-06-27,429.2
TX-0016957,CUST-01190,2026-02-17,384.89
TX-0016958,CUST-01190,2026-02-17,438.57
TX-0016959,CUST-01191,2026-08-08,505.97
TX-0016960,CUST-01191,2026-06-04,454.72
TX-0016961,CUST-01191,2026-07-18,444.03
TX-0016962,CUST-01191,2026-01-03,444.97
TX-0016963,CUST-01191,2026-04-21,570.69
TX-0016964,CUST-01191,2026-02-25,412.91
TX-0016965,CUST-01191,2026-05-09,546.48
TX-0016966,CUST-01191,2025-11-27,565.03
TX-0016967,CUST-01191,2026-03-13,488.01
TX-0016968,CUST-01191,2025-12-01,390.57
TX-0016969,CUST-01191,2025-12-06,498.91
TX-0016970,CUST-01191,2026-01-29,475.8
TX-0016971,CUST-01192,2026-08-17,527.06
TX-0016972,CUST-01192,2026-03-29,396.15
TX-0016973,CUST-01192,2026-05-11,481.36
TX-0016974,CUST-01192,2026-07-24,534.45
TX-0016975,CUST-01192,2026-04-02,422.2
TX-0016976,CUST-01192,2025-11-18,475.22
TX-0016977,CUST-01192,2025-12-06,471.45
TX-0016978,CUST-01192,2026-04-22,483.27
TX-0016979,CUST-01192,2026-05-16,447.61
TX-0016980,CUST-01192,2026-04-22,419.12
TX-0016981,CUST-01192,2026-05-18,449.04
TX-0016982,CUST-01192,2025-12-14,429.14
TX-0016983,CUST-01192,2026-05-15,544.25
TX-0016984,CUST-01193,2026-08-06,386.14
TX-0016985,CUST-01193,2026-01-14,492.21
TX-0016986,CUST-01193,2026-04-30,546.63
TX-0016987,CUST-01193,2026-04-09,436.56
TX-0016988,CUST-01193,2026-01-09,444.28
TX-0016989,CUST-01193,2026-03-24,394.03
TX-0016990,CUST-01193,2026-07-04,427.54
TX-0016991,CUST-01193,2026-01-19,474.5
TX-0016992,CUST-01193,2026-05-28,429.47
TX-0016993,CUST-01193,2025-10-30,439.11
TX-0016994,CUST-01193,2026-04-06,405.86
TX-0016995,CUST-01194,2026-08-19,484.51
TX-0016996,CUST-01194,2026-05-12,393.26
TX-0016997,CUST-01194,2026-03-01,550.99
TX-0016998,CUST-01194,2025-11-27,443.67
TX-0016999,CUST-01194,2026-05-29,535.06
TX-0017000,CUST-01194,2026-02-15,549.09
TX-0017001,CUST-01194,2026-02-08,435.39
TX-0017002,CUST-01194,2026-02-12,394.54
TX-0017003,CUST-01194,2025-10-26,381.89
TX-0017004,CUST-01194,2025-11-28,438.91
TX-0017005,CUST-01194,2026-02-01,469.08
TX-0017006,CUST-01194,2026-05-30,555.36
TX-0017007,CUST-01194,2026-05-13,456.91
TX-0017008,CUST-01194,2026-06-14,501.6
TX-0017009,CUST-01195,2026-08-21,432.14
TX-0017010,CUST-01195,2026-01-06,514.56
TX-0017011,CUST-01195,2025-11-06,530.96
TX-0017012,CUST-01195,2025-11-30,404.83
TX-0017013,CUST-01195,2026-05-09,539.27
TX-0017014,CUST-01195,2026-05-07,435.03
TX-0017015,CUST-01195,2026-01-08,474.36
TX-0017016,CUST-01195,2025-12-14,556.88
TX-0017017,CUST-01196,2026-08-16,461.49
TX-0017018,CUST-01196,2025-11-08,525.25
TX-0017019,CUST-01196,2026-07-09,419.04
TX-0017020,CUST-01196,2026-03-03,442.03
TX-0017021,CUST-01196,2025-10-24,382.55
TX-0017022,CUST-01196,2026-03-30,414.5
TX-0017023,CUST-01196,2026-02-02,571.72
TX-0017024,CUST-01196,2025-12-14,527.91
TX-0017025,CUST-01197,2026-08-16,431.82
TX-0017026,CUST-01197,2026-01-07,444.87
TX-0017027,CUST-01197,2026-06-04,490.38
TX-0017028,CUST-01197,2025-12-25,542.26
TX-0017029,CUST-01197,2026-06-09,380.91
TX-0017030,CUST-01197,2026-07-28,405.12
TX-0017031,CUST-01197,2026-03-23,383.72
TX-0017032,CUST-01197,2026-06-05,460.65
TX-0017033,CUST-01197,2026-07-01,401.55
TX-0017034,CUST-01197,2026-02-03,522.52
TX-0017035,CUST-01198,2026-08-04,425.92
TX-0017036,CUST-01198,2026-05-26,439.28
TX-0017037,CUST-01198,2025-12-03,537.02
TX-0017038,CUST-01198,2026-02-26,494.14
TX-0017039,CUST-01198,2026-05-03,489.3
TX-0017040,CUST-01198,2025-10-26,386.97
TX-0017041,CUST-01198,2026-02-23,411.58
TX-0017042,CUST-01199,2026-08-15,402.79
TX-0017043,CUST-01199,2026-03-14,558.63
TX-0017044,CUST-01199,2025-11-11,515.57
TX-0017045,CUST-01199,2025-11-08,568.16
TX-0017046,CUST-01199,2026-06-26,482.51
TX-0017047,CUST-01199,2025-11-30,527.35
TX-0017048,CUST-01199,2025-12-23,452.1
TX-0017049,CUST-01199,2026-01-25,570.55
TX-0017050,CUST-01199,2026-07-20,532.8
TX-0017051,CUST-01200,2026-08-09,546.23
TX-0017052,CUST-01200,2026-05-23,457.93
TX-0017053,CUST-01200,2025-11-06,504.82
TX-0017054,CUST-01200,2026-01-13,483.05
TX-0017055,CUST-01200,2026-05-30,413.12
TX-0017056,CUST-01200,2026-01-08,429.45
TX-0017057,CUST-01200,2026-04-29,433.07
TX-0017058,CUST-01200,2026-06-19,503.99
TX-0017059,CUST-01201,2026-08-15,449.04
TX-0017060,CUST-01201,2026-04-08,557.9
TX-0017061,CUST-01201,2026-03-24,558.9
TX-0017062,CUST-01201,2026-05-05,478.54
TX-0017063,CUST-01201,2026-06-11,531.78
TX-0017064,CUST-01201,2025-11-06,450.69
TX-0017065,CUST-01201,2025-10-29,432.43
TX-0017066,CUST-01202,2026-08-13,478.77
TX-0017067,CUST-01202,2026-04-03,548.43
TX-0017068,CUST-01202,2026-06-07,506.73
TX-0017069,CUST-01202,2025-11-03,402.64
TX-0017070,CUST-01202,2025-12-12,427.13
TX-0017071,CUST-01202,2026-06-07,465.52
TX-0017072,CUST-01202,2026-01-24,475.64
TX-0017073,CUST-01202,2025-11-11,535.78
TX-0017074,CUST-01202,2026-01-14,406.08
TX-0017075,CUST-01202,2025-11-29,534.69
TX-0017076,CUST-01202,2026-03-31,499.55
TX-0017077,CUST-01202,2026-03-18,423.31
TX-0017078,CUST-01202,2026-03-31,543.43
TX-0017079,CUST-01203,2026-08-13,567.74
TX-0017080,CUST-01203,2026-05-08,520.02
TX-0017081,CUST-01203,2026-07-07,468.53
TX-0017082,CUST-01203,2026-07-26,418.61
TX-0017083,CUST-01203,2026-01-12,412.27
TX-0017084,CUST-01203,2025-10-18,575.52
TX-0017085,CUST-01203,2026-06-04,390.54
TX-0017086,CUST-01203,2025-10-27,548.71
TX-0017087,CUST-01203,2026-06-02,384.8
TX-0017088,CUST-01203,2026-05-07,489.62
TX-0017089,CUST-01203,2025-10-26,433.5
TX-0017090,CUST-01203,2026-01-11,461.74
TX-0017091,CUST-01203,2026-05-23,491.6
TX-0017092,CUST-01203,2026-05-06,444.56
TX-0017093,CUST-01204,2026-08-11,565.78
TX-0017094,CUST-01204,2026-03-13,514.0
TX-0017095,CUST-01204,2026-05-22,516.52
TX-0017096,CUST-01204,2026-03-11,440.63
TX-0017097,CUST-01204,2025-12-31,442.79
TX-0017098,CUST-01204,2026-03-06,418.38
TX-0017099,CUST-01204,2026-02-21,406.49
TX-0017100,CUST-01204,2026-04-12,406.1
TX-0017101,CUST-01204,2025-11-07,426.15
TX-0017102,CUST-01204,2026-02-25,538.02
TX-0017103,CUST-01205,2026-08-17,538.33
TX-0017104,CUST-01205,2025-11-20,383.11
TX-0017105,CUST-01205,2025-10-22,483.39
TX-0017106,CUST-01205,2026-01-29,475.18
TX-0017107,CUST-01205,2026-01-29,475.04
TX-0017108,CUST-01205,2026-06-28,461.6
TX-0017109,CUST-01205,2026-04-19,575.57
TX-0017110,CUST-01205,2025-12-22,552.3
TX-0017111,CUST-01206,2026-08-13,409.82
TX-0017112,CUST-01206,2025-12-03,485.89
TX-0017113,CUST-01206,2025-10-22,470.03
TX-0017114,CUST-01206,2026-04-28,563.69
TX-0017115,CUST-01206,2026-06-16,546.5
TX-0017116,CUST-01206,2025-11-13,507.04
TX-0017117,CUST-01206,2026-02-23,455.24
TX-0017118,CUST-01206,2025-12-26,401.71
TX-0017119,CUST-01206,2026-02-21,550.62
TX-0017120,CUST-01206,2026-07-21,543.64
TX-0017121,CUST-01206,2025-11-17,520.79
TX-0017122,CUST-01206,2026-07-04,409.4
TX-0017123,CUST-01207,2026-08-06,439.97
TX-0017124,CUST-01207,2026-01-29,553.46
TX-0017125,CUST-01207,2026-05-29,463.42
TX-0017126,CUST-01207,2025-12-21,432.09
TX-0017127,CUST-01207,2026-06-16,431.95
TX-0017128,CUST-01207,2025-12-10,552.0
TX-0017129,CUST-01207,2025-12-31,562.85
TX-0017130,CUST-01207,2025-11-29,461.06
TX-0017131,CUST-01207,2026-05-15,385.26
TX-0017132,CUST-01207,2026-03-11,479.03
TX-0017133,CUST-01208,2026-08-22,500.94
TX-0017134,CUST-01208,2026-08-06,412.97
TX-0017135,CUST-01208,2025-11-25,491.96
TX-0017136,CUST-01208,2026-02-25,524.77
TX-0017137,CUST-01208,2026-07-07,456.63
TX-0017138,CUST-01208,2026-01-19,453.19
TX-0017139,CUST-01208,2026-02-18,399.56
TX-0017140,CUST-01208,2026-05-11,381.51
TX-0017141,CUST-01209,2026-08-16,528.06
TX-0017142,CUST-01209,2026-05-09,536.95
TX-0017143,CUST-01209,2026-05-27,401.13
TX-0017144,CUST-01209,2025-11-14,417.09
TX-0017145,CUST-01209,2025-10-25,442.42
TX-0017146,CUST-01209,2026-03-18,465.86
TX-0017147,CUST-01209,2026-07-11,537.87
TX-0017148,CUST-01209,2025-11-25,469.7
TX-0017149,CUST-01209,2026-07-08,474.59
TX-0017150,CUST-01209,2025-12-23,522.65
TX-0017151,CUST-01210,2026-08-14,554.33
TX-0017152,CUST-01210,2025-10-27,482.96
TX-0017153,CUST-01210,2026-06-18,568.1
TX-0017154,CUST-01210,2025-12-11,453.65
TX-0017155,CUST-01210,2026-06-21,534.28
TX-0017156,CUST-01210,2026-03-08,487.82
TX-0017157,CUST-01210,2026-03-07,484.12
TX-0017158,CUST-01211,2026-08-07,443.9
TX-0017159,CUST-01211,2025-11-04,508.38
TX-0017160,CUST-01211,2026-03-14,505.68
TX-0017161,CUST-01211,2025-11-13,469.44
TX-0017162,CUST-01211,2025-12-16,418.03
TX-0017163,CUST-01211,2026-05-27,390.26
TX-0017164,CUST-01211,2026-07-09,400.15
TX-0017165,CUST-01211,2026-04-29,400.51
TX-0017166,CUST-01211,2025-12-05,554.22
TX-0017167,CUST-01211,2026-04-11,453.69
TX-0017168,CUST-01211,2026-06-13,531.5
TX-0017169,CUST-01211,2026-04-29,523.04
TX-0017170,CUST-01211,2025-12-07,544.48
TX-0017171,CUST-01212,2026-08-16,444.45
TX-0017172,CUST-01212,2026-03-18,464.63
TX-0017173,CUST-01212,2025-11-01,496.15
TX-0017174,CUST-01212,2026-04-24,472.83
TX-0017175,CUST-01212,2026-03-12,479.24
TX-0017176,CUST-01212,2026-07-26,412.73
TX-0017177,CUST-01212,2026-05-07,488.27
TX-0017178,CUST-01212,2026-08-01,520.84
TX-0017179,CUST-01212,2026-06-07,561.09
TX-0017180,CUST-01212,2025-12-29,442.83
TX-0017181,CUST-01212,2026-07-10,469.97
TX-0017182,CUST-01213,2026-08-10,575.5
TX-0017183,CUST-01213,2026-01-14,478.6
TX-0017184,CUST-01213,2026-01-16,429.91
TX-0017185,CUST-01213,2026-04-14,564.49
TX-0017186,CUST-01213,2026-01-03,506.54
TX-0017187,CUST-01213,2025-11-22,524.82
TX-0017188,CUST-01213,2026-06-06,573.09
TX-0017189,CUST-01213,2026-03-06,569.98
TX-0017190,CUST-01213,2026-04-18,557.18
TX-0017191,CUST-01213,2025-11-28,567.82
TX-0017192,CUST-01214,2026-08-18,528.57
TX-0017193,CUST-01214,2026-03-05,491.07
TX-0017194,CUST-01214,2025-12-25,532.75
TX-0017195,CUST-01214,2025-11-27,531.68
TX-0017196,CUST-01214,2026-04-03,539.26
TX-0017197,CUST-01214,2026-02-28,555.3
TX-0017198,CUST-01214,2026-02-03,470.93
TX-0017199,CUST-01214,2026-06-30,550.65
TX-0017200,CUST-01214,2025-12-25,473.92
TX-0017201,CUST-01214,2026-01-19,495.97
TX-0017202,CUST-01214,2026-01-20,517.66
TX-0017203,CUST-01215,2026-08-05,438.54
TX-0017204,CUST-01215,2026-04-13,557.47
TX-0017205,CUST-01215,2025-10-27,460.41
TX-0017206,CUST-01215,2025-11-16,562.68
TX-0017207,CUST-01215,2026-03-09,413.44
TX-0017208,CUST-01215,2025-12-31,526.58
TX-0017209,CUST-01215,2026-07-08,402.78
TX-0017210,CUST-01215,2026-05-14,568.2
TX-0017211,CUST-01215,2026-02-24,433.28
TX-0017212,CUST-01216,2026-08-21,495.64
TX-0017213,CUST-01216,2026-07-23,507.78
TX-0017214,CUST-01216,2026-04-29,457.48
TX-0017215,CUST-01216,2025-11-13,489.95
TX-0017216,CUST-01216,2026-02-09,564.27
TX-0017217,CUST-01216,2026-01-13,458.46
TX-0017218,CUST-01216,2025-11-30,578.64
TX-0017219,CUST-01216,2026-07-01,447.8
TX-0017220,CUST-01216,2026-07-30,500.87
TX-0017221,CUST-01216,2026-03-04,560.73
TX-0017222,CUST-01217,2026-08-21,515.23
TX-0017223,CUST-01217,2026-06-11,541.93
TX-0017224,CUST-01217,2026-04-25,397.33
TX-0017225,CUST-01217,2026-04-25,427.75
TX-0017226,CUST-01217,2025-11-23,572.98
TX-0017227,CUST-01217,2026-01-24,475.13
TX-0017228,CUST-01217,2026-04-07,552.47
TX-0017229,CUST-01217,2026-03-06,562.27
TX-0017230,CUST-01217,2026-06-09,427.76
TX-0017231,CUST-01217,2026-07-30,465.75
TX-0017232,CUST-01217,2026-03-08,420.86
TX-0017233,CUST-01217,2025-12-11,486.58
TX-0017234,CUST-01217,2025-12-27,437.73
TX-0017235,CUST-01218,2026-08-08,480.56
TX-0017236,CUST-01218,2026-02-24,416.16
TX-0017237,CUST-01218,2025-12-03,579.04
TX-0017238,CUST-01218,2026-01-18,550.96
TX-0017239,CUST-01218,2026-04-01,531.95
TX-0017240,CUST-01218,2026-03-03,381.95
TX-0017241,CUST-01218,2026-02-03,513.33
TX-0017242,CUST-01218,2026-06-26,572.29
TX-0017243,CUST-01218,2026-06-03,429.85
TX-0017244,CUST-01218,2026-04-11,490.31
TX-0017245,CUST-01218,2025-10-15,480.52
TX-0017246,CUST-01218,2026-01-19,536.69
TX-0017247,CUST-01218,2025-11-01,531.53
TX-0017248,CUST-01219,2026-08-05,486.83
TX-0017249,CUST-01219,2026-03-10,554.82
TX-0017250,CUST-01219,2026-04-05,436.47
TX-0017251,CUST-01219,2026-05-12,381.82
TX-0017252,CUST-01219,2026-05-31,527.7
TX-0017253,CUST-01219,2026-01-07,435.34
TX-0017254,CUST-01219,2025-12-26,405.98
TX-0017255,CUST-01219,2026-07-09,477.57
TX-0017256,CUST-01219,2026-03-09,418.7
TX-0017257,CUST-01219,2025-12-07,570.01
TX-0017258,CUST-01219,2026-06-19,535.37
TX-0017259,CUST-01220,2026-08-06,528.16
TX-0017260,CUST-01220,2025-10-13,493.46
TX-0017261,CUST-01220,2026-04-06,542.0
TX-0017262,CUST-01220,2026-02-12,466.5
TX-0017263,CUST-01220,2025-11-03,386.5
TX-0017264,CUST-01220,2026-01-20,559.5
TX-0017265,CUST-01220,2025-10-30,518.63
TX-0017266,CUST-01220,2026-03-29,503.38
TX-0017267,CUST-01220,2025-12-10,542.59
TX-0017268,CUST-01220,2025-12-17,478.24
TX-0017269,CUST-01221,2026-08-16,459.37
TX-0017270,CUST-01221,2026-03-25,561.58
TX-0017271,CUST-01221,2026-06-14,552.6
TX-0017272,CUST-01221,2026-03-06,419.06
TX-0017273,CUST-01221,2025-10-26,469.67
TX-0017274,CUST-01221,2026-04-26,526.69
TX-0017275,CUST-01221,2026-01-06,534.51
TX-0017276,CUST-01221,2025-12-04,537.88
TX-0017277,CUST-01221,2026-07-21,434.67
TX-0017278,CUST-01222,2026-08-06,519.72
TX-0017279,CUST-01222,2026-04-16,516.66
TX-0017280,CUST-01222,2026-04-29,538.71
TX-0017281,CUST-01222,2026-01-15,442.32
TX-0017282,CUST-01222,2026-04-16,459.77
TX-0017283,CUST-01222,2026-04-24,528.92
TX-0017284,CUST-01222,2026-07-19,561.29
TX-0017285,CUST-01222,2026-06-22,518.41
TX-0017286,CUST-01223,2026-08-11,537.1
TX-0017287,CUST-01223,2026-05-21,554.56
TX-0017288,CUST-01223,2026-02-27,480.31
TX-0017289,CUST-01223,2026-05-05,456.11
TX-0017290,CUST-01223,2026-04-15,463.25
TX-0017291,CUST-01223,2026-05-01,522.44
TX-0017292,CUST-01223,2026-07-19,448.43
TX-0017293,CUST-01223,2025-12-05,472.74
TX-0017294,CUST-01223,2025-11-22,505.79
TX-0017295,CUST-01223,2025-10-30,469.21
TX-0017296,CUST-01224,2026-08-08,489.98
TX-0017297,CUST-01224,2025-11-23,479.34
TX-0017298,CUST-01224,2025-12-13,552.04
TX-0017299,CUST-01224,2026-04-09,522.52
TX-0017300,CUST-01224,2025-10-21,433.84
TX-0017301,CUST-01224,2026-01-29,427.84
TX-0017302,CUST-01224,2026-05-02,514.18
TX-0017303,CUST-01224,2025-10-17,426.51
TX-0017304,CUST-01225,2026-08-21,442.92
TX-0017305,CUST-01225,2025-11-01,424.48
TX-0017306,CUST-01225,2026-05-14,451.75
TX-0017307,CUST-01225,2026-06-22,387.15
TX-0017308,CUST-01225,2026-02-02,441.08
TX-0017309,CUST-01225,2026-05-02,542.2
TX-0017310,CUST-01225,2026-02-27,467.13
TX-0017311,CUST-01226,2026-08-09,537.8
TX-0017312,CUST-01226,2025-12-28,563.7
TX-0017313,CUST-01226,2025-12-09,479.73
TX-0017314,CUST-01226,2026-06-26,387.73
TX-0017315,CUST-01226,2026-01-16,417.38
TX-0017316,CUST-01226,2025-12-01,494.87
TX-0017317,CUST-01226,2026-05-19,408.02
TX-0017318,CUST-01226,2026-06-18,558.3
TX-0017319,CUST-01226,2026-06-18,484.01
TX-0017320,CUST-01226,2026-06-07,559.35
TX-0017321,CUST-01226,2025-11-16,524.15
TX-0017322,CUST-01227,2026-08-13,514.53
TX-0017323,CUST-01227,2026-03-19,447.66
TX-0017324,CUST-01227,2026-03-30,579.98
TX-0017325,CUST-01227,2025-12-18,508.19
TX-0017326,CUST-01227,2026-06-03,517.49
TX-0017327,CUST-01227,2025-10-19,382.16
TX-0017328,CUST-01227,2026-03-17,384.56
TX-0017329,CUST-01227,2025-12-18,421.88
TX-0017330,CUST-01228,2026-08-18,480.67
TX-0017331,CUST-01228,2025-11-10,443.73
TX-0017332,CUST-01228,2026-05-30,535.35
TX-0017333,CUST-01228,2026-02-27,414.2
TX-0017334,CUST-01228,2026-06-19,468.39
TX-0017335,CUST-01228,2026-07-28,403.86
TX-0017336,CUST-01228,2026-02-02,578.39
TX-0017337,CUST-01228,2026-07-18,529.58
TX-0017338,CUST-01228,2026-02-13,458.93
TX-0017339,CUST-01228,2025-12-03,577.6
TX-0017340,CUST-01228,2025-11-26,544.12
TX-0017341,CUST-01228,2026-01-26,426.0
TX-0017342,CUST-01229,2026-08-20,431.74
TX-0017343,CUST-01229,2026-06-16,396.34
TX-0017344,CUST-01229,2026-01-05,557.68
TX-0017345,CUST-01229,2026-06-14,425.32
TX-0017346,CUST-01229,2025-11-28,557.63
TX-0017347,CUST-01229,2025-11-05,424.36
TX-0017348,CUST-01229,2026-07-18,438.84
TX-0017349,CUST-01229,2025-12-20,574.05
TX-0017350,CUST-01229,2026-07-24,509.94
TX-0017351,CUST-01229,2026-04-01,514.92
TX-0017352,CUST-01229,2026-07-30,536.06
TX-0017353,CUST-01229,2026-07-04,467.06
TX-0017354,CUST-01229,2026-07-02,551.46
TX-0017355,CUST-01230,2026-08-09,531.04
TX-0017356,CUST-01230,2026-06-12,513.49
TX-0017357,CUST-01230,2026-05-18,432.93
TX-0017358,CUST-01230,2026-04-18,442.88
TX-0017359,CUST-01230,2026-03-19,578.65
TX-0017360,CUST-01230,2026-06-03,545.88
TX-0017361,CUST-01230,2026-01-16,486.13
TX-0017362,CUST-01230,2025-11-17,576.37
TX-0017363,CUST-01231,2026-08-06,550.85
TX-0017364,CUST-01231,2025-11-14,462.71
TX-0017365,CUST-01231,2026-05-06,443.9
TX-0017366,CUST-01231,2025-11-14,510.63
TX-0017367,CUST-01231,2026-04-16,466.98
TX-0017368,CUST-01231,2026-07-01,395.95
TX-0017369,CUST-01231,2025-12-15,402.29
TX-0017370,CUST-01231,2026-06-06,447.41
TX-0017371,CUST-01231,2026-02-04,486.23
TX-0017372,CUST-01231,2025-11-10,558.63
TX-0017373,CUST-01231,2026-01-16,537.81
TX-0017374,CUST-01231,2026-06-06,440.69
TX-0017375,CUST-01231,2026-06-15,528.67
TX-0017376,CUST-01231,2026-03-26,410.72
TX-0017377,CUST-01232,2026-08-07,436.59
TX-0017378,CUST-01232,2025-10-28,532.2
TX-0017379,CUST-01232,2026-02-18,467.47
TX-0017380,CUST-01232,2026-04-29,466.23
TX-0017381,CUST-01232,2026-01-12,509.35
TX-0017382,CUST-01232,2025-10-15,440.01
TX-0017383,CUST-01232,2026-03-08,521.19
TX-0017384,CUST-01233,2026-08-16,506.37
TX-0017385,CUST-01233,2026-05-22,532.26
TX-0017386,CUST-01233,2026-05-26,523.48
TX-0017387,CUST-01233,2025-11-06,401.47
TX-0017388,CUST-01233,2026-01-11,488.13
TX-0017389,CUST-01233,2026-05-11,543.39
TX-0017390,CUST-01233,2026-01-13,392.41
TX-0017391,CUST-01233,2026-06-12,534.41
TX-0017392,CUST-01233,2025-11-10,450.93
TX-0017393,CUST-01233,2026-01-19,579.7
TX-0017394,CUST-01233,2026-01-24,471.97
TX-0017395,CUST-01233,2026-03-03,575.07
TX-0017396,CUST-01233,2026-04-07,529.28
TX-0017397,CUST-01233,2026-06-06,540.86
TX-0017398,CUST-01234,2026-08-13,537.47
TX-0017399,CUST-01234,2026-04-21,499.71
TX-0017400,CUST-01234,2026-05-26,542.89
TX-0017401,CUST-01234,2026-05-03,380.41
TX-0017402,CUST-01234,2025-11-18,543.72
TX-0017403,CUST-01234,2026-06-26,574.03
TX-0017404,CUST-01234,2026-07-19,467.53
TX-0017405,CUST-01234,2026-04-29,413.83
TX-0017406,CUST-01234,2026-04-14,451.96
TX-0017407,CUST-01234,2026-02-13,499.51
TX-0017408,CUST-01234,2026-03-27,573.11
TX-0017409,CUST-01235,2026-08-13,463.75
TX-0017410,CUST-01235,2026-07-03,520.13
TX-0017411,CUST-01235,2026-05-12,524.76
TX-0017412,CUST-01235,2026-05-24,521.74
TX-0017413,CUST-01235,2026-01-08,515.02
TX-0017414,CUST-01235,2026-02-18,543.49
TX-0017415,CUST-01235,2025-10-19,391.07
TX-0017416,CUST-01235,2026-03-27,479.43
TX-0017417,CUST-01235,2025-12-10,380.01
TX-0017418,CUST-01236,2026-08-14,511.96
TX-0017419,CUST-01236,2026-05-01,418.35
TX-0017420,CUST-01236,2026-04-07,537.89
TX-0017421,CUST-01236,2026-06-24,393.34
TX-0017422,CUST-01236,2026-06-22,543.61
TX-0017423,CUST-01236,2026-01-16,541.84
TX-0017424,CUST-01236,2026-02-12,463.24
TX-0017425,CUST-01236,2025-12-07,401.13
TX-0017426,CUST-01236,2025-12-11,428.35
TX-0017427,CUST-01236,2026-03-27,562.64
TX-0017428,CUST-01236,2025-12-21,396.19
TX-0017429,CUST-01237,2026-08-10,564.13
TX-0017430,CUST-01237,2026-06-17,555.83
TX-0017431,CUST-01237,2026-02-02,414.39
TX-0017432,CUST-01237,2026-03-30,516.05
TX-0017433,CUST-01237,2026-01-18,497.75
TX-0017434,CUST-01237,2026-01-19,433.15
TX-0017435,CUST-01237,2025-11-12,480.52
TX-0017436,CUST-01237,2025-12-08,439.42
TX-0017437,CUST-01237,2026-05-15,436.2
TX-0017438,CUST-01237,2026-04-17,472.22
TX-0017439,CUST-01237,2026-05-22,483.48
TX-0017440,CUST-01237,2025-12-08,418.4
TX-0017441,CUST-01238,2026-08-17,451.48
TX-0017442,CUST-01238,2026-06-29,461.19
TX-0017443,CUST-01238,2025-11-20,460.74
TX-0017444,CUST-01238,2026-01-08,476.67
TX-0017445,CUST-01238,2026-01-13,518.6
TX-0017446,CUST-01238,2026-07-24,467.32
TX-0017447,CUST-01238,2026-06-07,397.96
TX-0017448,CUST-01238,2026-03-24,503.04
TX-0017449,CUST-01238,2026-05-09,539.35
TX-0017450,CUST-01238,2026-02-27,455.9
TX-0017451,CUST-01239,2026-08-17,571.49
TX-0017452,CUST-01239,2025-11-06,419.66
TX-0017453,CUST-01239,2026-07-21,405.18
TX-0017454,CUST-01239,2026-07-09,579.5
TX-0017455,CUST-01239,2025-11-17,444.05
TX-0017456,CUST-01239,2026-01-18,380.77
TX-0017457,CUST-01239,2025-12-27,440.11
TX-0017458,CUST-01239,2026-07-21,384.43
TX-0017459,CUST-01239,2026-03-25,464.83
TX-0017460,CUST-01240,2026-08-09,510.67
TX-0017461,CUST-01240,2026-06-19,525.2
TX-0017462,CUST-01240,2026-02-16,382.8
TX-0017463,CUST-01240,2026-06-07,384.48
TX-0017464,CUST-01240,2025-11-16,417.29
TX-0017465,CUST-01240,2025-10-15,459.61
TX-0017466,CUST-01240,2026-06-26,425.86
TX-0017467,CUST-01240,2025-10-21,477.07
TX-0017468,CUST-01240,2026-05-19,511.82
TX-0017469,CUST-01241,2026-08-10,537.69
TX-0017470,CUST-01241,2025-11-20,500.39
TX-0017471,CUST-01241,2026-05-15,541.68
TX-0017472,CUST-01241,2026-04-19,566.42
TX-0017473,CUST-01241,2026-06-22,513.93
TX-0017474,CUST-01241,2026-07-15,506.16
TX-0017475,CUST-01241,2026-01-17,386.24
TX-0017476,CUST-01241,2026-05-21,385.63
TX-0017477,CUST-01241,2026-05-03,396.05
TX-0017478,CUST-01242,2026-08-15,554.48
TX-0017479,CUST-01242,2026-04-06,450.89
TX-0017480,CUST-01242,2026-04-11,433.5
TX-0017481,CUST-01242,2026-07-08,464.32
TX-0017482,CUST-01242,2025-12-16,546.18
TX-0017483,CUST-01242,2026-01-13,464.21
TX-0017484,CUST-01242,2026-04-09,419.01
TX-0017485,CUST-01242,2026-04-20,575.12
TX-0017486,CUST-01242,2026-05-04,448.53
TX-0017487,CUST-01243,2026-08-08,396.09
TX-0017488,CUST-01243,2026-03-26,445.71
TX-0017489,CUST-01243,2025-11-01,394.89
TX-0017490,CUST-01243,2026-03-11,428.1
TX-0017491,CUST-01243,2026-05-23,427.01
TX-0017492,CUST-01243,2026-01-24,570.92
TX-0017493,CUST-01243,2026-01-04,563.96
TX-0017494,CUST-01243,2026-04-18,551.52
TX-0017495,CUST-01243,2026-01-27,491.96
TX-0017496,CUST-01243,2026-05-24,481.82
TX-0017497,CUST-01244,2026-08-09,499.89
TX-0017498,CUST-01244,2026-01-06,469.79
TX-0017499,CUST-01244,2026-04-17,515.07
TX-0017500,CUST-01244,2026-06-11,490.31
TX-0017501,CUST-01244,2026-07-03,483.86
TX-0017502,CUST-01244,2026-02-23,482.16
TX-0017503,CUST-01244,2026-01-31,530.05
TX-0017504,CUST-01244,2025-12-22,445.92
TX-0017505,CUST-01244,2026-03-18,450.15
TX-0017506,CUST-01244,2026-07-21,402.66
TX-0017507,CUST-01244,2026-04-22,432.47
TX-0017508,CUST-01244,2025-12-19,539.58
TX-0017509,CUST-01244,2026-01-31,429.6
TX-0017510,CUST-01245,2026-08-06,539.61
TX-0017511,CUST-01245,2026-04-06,473.37
TX-0017512,CUST-01245,2026-05-15,522.52
TX-0017513,CUST-01245,2026-04-12,394.12
TX-0017514,CUST-01245,2026-03-05,430.81
TX-0017515,CUST-01245,2026-01-05,563.59
TX-0017516,CUST-01245,2026-04-20,505.66
TX-0017517,CUST-01245,2025-12-15,382.82
TX-0017518,CUST-01245,2026-04-19,532.01
TX-0017519,CUST-01246,2026-08-07,478.78
TX-0017520,CUST-01246,2026-03-28,390.47
TX-0017521,CUST-01246,2026-06-18,414.93
TX-0017522,CUST-01246,2026-07-07,526.27
TX-0017523,CUST-01246,2026-06-12,539.97
TX-0017524,CUST-01246,2026-06-23,564.32
TX-0017525,CUST-01246,2025-12-06,547.91
TX-0017526,CUST-01246,2026-02-09,575.66
TX-0017527,CUST-01246,2026-05-25,556.49
TX-0017528,CUST-01246,2026-05-21,570.81
TX-0017529,CUST-01247,2026-08-11,410.97
TX-0017530,CUST-01247,2026-01-08,420.02
TX-0017531,CUST-01247,2026-01-14,577.51
TX-0017532,CUST-01247,2026-02-28,469.05
TX-0017533,CUST-01247,2026-02-14,440.05
TX-0017534,CUST-01247,2026-03-29,549.09
TX-0017535,CUST-01247,2026-06-25,496.45
TX-0017536,CUST-01247,2025-12-05,497.24
TX-0017537,CUST-01247,2026-07-27,568.11
TX-0017538,CUST-01247,2026-05-08,574.87
TX-0017539,CUST-01248,2026-08-14,549.74
TX-0017540,CUST-01248,2026-01-05,403.34
TX-0017541,CUST-01248,2026-04-28,396.92
TX-0017542,CUST-01248,2026-01-15,491.9
TX-0017543,CUST-01248,2026-07-05,515.88
TX-0017544,CUST-01248,2026-02-17,525.28
TX-0017545,CUST-01248,2025-12-06,410.98
TX-0017546,CUST-01249,2026-08-18,463.3
TX-0017547,CUST-01249,2026-05-28,531.91
TX-0017548,CUST-01249,2025-12-15,546.28
TX-0017549,CUST-01249,2026-04-11,500.41
TX-0017550,CUST-01249,2026-07-25,439.04
TX-0017551,CUST-01249,2026-03-21,568.18
TX-0017552,CUST-01249,2026-07-03,433.86
TX-0017553,CUST-01249,2025-12-22,388.44
TX-0017554,CUST-01249,2026-06-16,449.05
TX-0017555,CUST-01249,2026-01-28,535.2
TX-0017556,CUST-01250,2026-08-17,553.84
TX-0017557,CUST-01250,2026-04-26,544.16
TX-0017558,CUST-01250,2026-02-08,449.62
TX-0017559,CUST-01250,2026-02-10,452.74
TX-0017560,CUST-01250,2026-02-08,511.31
TX-0017561,CUST-01250,2026-05-05,458.92
TX-0017562,CUST-01250,2026-04-11,415.36
TX-0017563,CUST-01250,2026-02-14,380.06
TX-0017564,CUST-01250,2026-03-24,546.17
TX-0017565,CUST-01250,2026-05-16,533.31
TX-0017566,CUST-01250,2025-10-23,513.88
TX-0017567,CUST-01251,2026-08-20,515.47
TX-0017568,CUST-01251,2026-05-18,545.7
TX-0017569,CUST-01251,2026-02-04,476.34
TX-0017570,CUST-01251,2026-07-18,503.7
TX-0017571,CUST-01251,2026-07-29,433.02
TX-0017572,CUST-01251,2025-10-27,411.55
TX-0017573,CUST-01251,2026-04-10,558.61
TX-0017574,CUST-01251,2026-04-19,417.59
TX-0017575,CUST-01252,2026-08-21,553.58
TX-0017576,CUST-01252,2025-12-28,486.28
TX-0017577,CUST-01252,2025-11-10,455.31
TX-0017578,CUST-01252,2026-04-06,511.8
TX-0017579,CUST-01252,2026-07-29,546.25
TX-0017580,CUST-01252,2026-06-14,560.45
TX-0017581,CUST-01252,2026-01-20,511.48
TX-0017582,CUST-01252,2026-01-08,397.38
TX-0017583,CUST-01252,2026-03-04,563.67
TX-0017584,CUST-01252,2026-03-09,452.42
TX-0017585,CUST-01252,2026-07-17,459.79
TX-0017586,CUST-01252,2026-05-15,412.59
TX-0017587,CUST-01253,2026-08-09,432.88
TX-0017588,CUST-01253,2025-12-16,479.32
TX-0017589,CUST-01253,2026-01-16,526.67
TX-0017590,CUST-01253,2026-06-06,499.12
TX-0017591,CUST-01253,2026-06-22,466.31
TX-0017592,CUST-01253,2026-06-02,513.48
TX-0017593,CUST-01253,2025-12-26,444.9
TX-0017594,CUST-01254,2026-08-05,539.08
TX-0017595,CUST-01254,2026-04-02,550.35
TX-0017596,CUST-01254,2026-01-13,462.75
TX-0017597,CUST-01254,2026-07-14,566.83
TX-0017598,CUST-01254,2025-11-07,545.7
TX-0017599,CUST-01254,2026-03-16,558.23
TX-0017600,CUST-01254,2025-11-02,529.27
TX-0017601,CUST-01254,2026-05-11,420.07
TX-0017602,CUST-01254,2026-02-18,503.2
TX-0017603,CUST-01254,2026-07-05,534.67
TX-0017604,CUST-01254,2026-03-02,482.57
TX-0017605,CUST-01254,2026-04-02,579.11
TX-0017606,CUST-01254,2026-03-15,406.0
TX-0017607,CUST-01254,2026-04-27,521.94
TX-0017608,CUST-01255,2026-08-16,505.69
TX-0017609,CUST-01255,2026-05-23,570.87
TX-0017610,CUST-01255,2026-03-26,442.56
TX-0017611,CUST-01255,2026-04-17,473.1
TX-0017612,CUST-01255,2025-12-29,517.6
TX-0017613,CUST-01255,2026-04-11,465.02
TX-0017614,CUST-01255,2026-06-26,520.18
TX-0017615,CUST-01255,2025-10-25,443.3
TX-0017616,CUST-01255,2026-02-15,497.07
TX-0017617,CUST-01255,2025-12-18,422.43
TX-0017618,CUST-01255,2025-11-16,543.66
TX-0017619,CUST-01255,2026-04-22,402.2
TX-0017620,CUST-01255,2026-01-07,384.98
TX-0017621,CUST-01255,2026-07-23,539.53
TX-0017622,CUST-01256,2026-08-14,538.7
TX-0017623,CUST-01256,2025-11-01,530.59
TX-0017624,CUST-01256,2026-04-13,566.6
TX-0017625,CUST-01256,2026-04-14,555.59
TX-0017626,CUST-01256,2026-04-22,534.59
TX-0017627,CUST-01256,2026-05-09,543.93
TX-0017628,CUST-01256,2026-03-13,404.08
TX-0017629,CUST-01256,2026-03-07,446.81
TX-0017630,CUST-01256,2025-10-22,523.19
TX-0017631,CUST-01256,2026-03-03,534.94
TX-0017632,CUST-01256,2025-11-13,420.55
TX-0017633,CUST-01256,2026-07-29,573.68
TX-0017634,CUST-01257,2026-08-13,443.64
TX-0017635,CUST-01257,2025-12-29,445.88
TX-0017636,CUST-01257,2026-01-27,451.92
TX-0017637,CUST-01257,2026-04-21,392.5
TX-0017638,CUST-01257,2026-02-09,441.91
TX-0017639,CUST-01257,2026-01-26,560.39
TX-0017640,CUST-01257,2026-01-17,388.33
TX-0017641,CUST-01257,2026-07-25,498.48
TX-0017642,CUST-01257,2025-12-15,519.93
TX-0017643,CUST-01257,2026-02-06,574.61
TX-0017644,CUST-01258,2026-08-10,476.25
TX-0017645,CUST-01258,2025-12-12,563.18
TX-0017646,CUST-01258,2026-02-01,495.42
TX-0017647,CUST-01258,2026-02-19,566.57
TX-0017648,CUST-01258,2026-04-21,411.44
TX-0017649,CUST-01258,2026-07-02,405.85
TX-0017650,CUST-01258,2025-12-04,551.39
TX-0017651,CUST-01258,2026-05-27,426.78
TX-0017652,CUST-01259,2026-08-14,407.81
TX-0017653,CUST-01259,2026-02-14,549.76
TX-0017654,CUST-01259,2026-07-10,463.78
TX-0017655,CUST-01259,2025-11-26,532.02
TX-0017656,CUST-01259,2026-05-10,438.99
TX-0017657,CUST-01259,2026-01-07,528.14
TX-0017658,CUST-01259,2026-06-07,442.25
TX-0017659,CUST-01260,2026-08-18,515.59
TX-0017660,CUST-01260,2025-12-12,527.91
TX-0017661,CUST-01260,2026-06-28,442.61
TX-0017662,CUST-01260,2026-01-10,522.86
TX-0017663,CUST-01260,2026-04-01,446.65
TX-0017664,CUST-01260,2026-05-18,466.28
TX-0017665,CUST-01260,2025-11-18,527.82
TX-0017666,CUST-01260,2026-06-09,554.85
TX-0017667,CUST-01261,2026-08-17,547.93
TX-0017668,CUST-01261,2026-01-13,411.16
TX-0017669,CUST-01261,2026-01-04,492.28
TX-0017670,CUST-01261,2026-03-09,512.29
TX-0017671,CUST-01261,2025-10-29,390.51
TX-0017672,CUST-01261,2026-03-13,409.83
TX-0017673,CUST-01261,2026-07-11,483.93
TX-0017674,CUST-01261,2026-06-02,540.56
TX-0017675,CUST-01261,2026-07-18,535.88
TX-0017676,CUST-01262,2026-08-05,568.29
TX-0017677,CUST-01262,2026-03-25,456.54
TX-0017678,CUST-01262,2025-10-14,491.3
TX-0017679,CUST-01262,2025-10-23,578.0
TX-0017680,CUST-01262,2026-01-22,449.27
TX-0017681,CUST-01262,2025-12-19,540.68
TX-0017682,CUST-01262,2026-03-05,441.76
TX-0017683,CUST-01262,2026-01-08,475.67
TX-0017684,CUST-01262,2025-11-15,526.46
TX-0017685,CUST-01262,2026-05-30,414.75
TX-0017686,CUST-01263,2026-08-07,396.57
TX-0017687,CUST-01263,2026-03-23,409.43
TX-0017688,CUST-01263,2026-07-11,393.23
TX-0017689,CUST-01263,2026-01-12,431.51
TX-0017690,CUST-01263,2026-03-29,399.27
TX-0017691,CUST-01263,2026-04-10,553.39
TX-0017692,CUST-01263,2026-05-06,505.75
TX-0017693,CUST-01263,2026-03-07,526.64
TX-0017694,CUST-01263,2026-04-21,395.18
TX-0017695,CUST-01263,2025-11-14,415.55
TX-0017696,CUST-01263,2026-02-21,384.28
TX-0017697,CUST-01264,2026-08-16,413.42
TX-0017698,CUST-01264,2026-07-16,527.8
TX-0017699,CUST-01264,2026-01-13,460.95
TX-0017700,CUST-01264,2026-07-31,508.75
TX-0017701,CUST-01264,2026-03-22,521.42
TX-0017702,CUST-01264,2025-11-17,410.92
TX-0017703,CUST-01264,2026-07-26,551.43
TX-0017704,CUST-01264,2026-01-12,492.72
TX-0017705,CUST-01264,2025-12-15,432.35
TX-0017706,CUST-01264,2026-03-24,419.65
TX-0017707,CUST-01264,2025-12-20,523.54
TX-0017708,CUST-01264,2026-01-13,418.31
TX-0017709,CUST-01265,2026-08-10,560.22
TX-0017710,CUST-01265,2025-11-09,474.34
TX-0017711,CUST-01265,2026-02-19,571.73
TX-0017712,CUST-01265,2026-06-17,421.4
TX-0017713,CUST-01265,2026-01-29,534.8
TX-0017714,CUST-01265,2026-06-22,443.89
TX-0017715,CUST-01265,2026-04-29,559.36
TX-0017716,CUST-01265,2025-10-16,399.88
TX-0017717,CUST-01265,2026-06-12,462.19
TX-0017718,CUST-01266,2026-08-05,471.0
TX-0017719,CUST-01266,2026-01-12,434.11
TX-0017720,CUST-01266,2026-03-24,469.09
TX-0017721,CUST-01266,2026-02-27,525.41
TX-0017722,CUST-01266,2025-11-16,444.25
TX-0017723,CUST-01266,2026-07-14,521.71
TX-0017724,CUST-01266,2026-01-03,533.39
TX-0017725,CUST-01266,2026-02-19,495.05
TX-0017726,CUST-01266,2026-07-17,511.17
TX-0017727,CUST-01266,2026-04-20,502.46
TX-0017728,CUST-01266,2026-01-28,436.26
TX-0017729,CUST-01266,2026-06-13,399.58
TX-0017730,CUST-01266,2026-05-29,423.24
TX-0017731,CUST-01267,2026-08-16,428.91
TX-0017732,CUST-01267,2026-03-11,393.74
TX-0017733,CUST-01267,2026-05-17,579.58
TX-0017734,CUST-01267,2025-12-08,482.28
TX-0017735,CUST-01267,2026-04-25,524.1
TX-0017736,CUST-01267,2026-04-13,473.89
TX-0017737,CUST-01267,2026-07-24,489.48
TX-0017738,CUST-01267,2026-06-19,440.81
TX-0017739,CUST-01268,2026-08-12,476.51
TX-0017740,CUST-01268,2026-06-09,418.73
TX-0017741,CUST-01268,2026-03-19,439.76
TX-0017742,CUST-01268,2026-01-14,425.53
TX-0017743,CUST-01268,2026-02-19,463.43
TX-0017744,CUST-01268,2026-07-08,517.43
TX-0017745,CUST-01268,2026-01-31,487.79
TX-0017746,CUST-01268,2025-12-09,487.02
TX-0017747,CUST-01268,2025-12-25,578.84
TX-0017748,CUST-01268,2026-05-21,528.42
TX-0017749,CUST-01268,2026-02-05,466.47
TX-0017750,CUST-01269,2026-08-15,571.11
TX-0017751,CUST-01269,2026-01-04,531.12
TX-0017752,CUST-01269,2025-11-13,446.02
TX-0017753,CUST-01269,2026-03-08,423.43
TX-0017754,CUST-01269,2026-02-17,504.05
TX-0017755,CUST-01269,2026-04-08,425.63
TX-0017756,CUST-01269,2026-06-27,384.22
TX-0017757,CUST-01269,2025-11-10,395.76
TX-0017758,CUST-01269,2026-02-15,445.86
TX-0017759,CUST-01269,2026-06-07,478.83
TX-0017760,CUST-01269,2026-05-05,418.99
TX-0017761,CUST-01269,2026-01-03,424.96
TX-0017762,CUST-01270,2026-08-14,423.38
TX-0017763,CUST-01270,2026-03-17,439.51
TX-0017764,CUST-01270,2026-01-29,421.93
TX-0017765,CUST-01270,2026-05-23,519.37
TX-0017766,CUST-01270,2026-03-30,419.4
TX-0017767,CUST-01270,2026-01-22,428.01
TX-0017768,CUST-01270,2026-03-02,455.73
TX-0017769,CUST-01270,2025-12-15,482.74
TX-0017770,CUST-01271,2026-08-07,458.72
TX-0017771,CUST-01271,2026-07-10,463.09
TX-0017772,CUST-01271,2026-05-29,430.18
TX-0017773,CUST-01271,2026-03-20,493.33
TX-0017774,CUST-01271,2026-01-29,496.99
TX-0017775,CUST-01271,2026-01-14,395.35
TX-0017776,CUST-01271,2026-02-26,472.0
TX-0017777,CUST-01271,2025-12-20,471.01
TX-0017778,CUST-01271,2026-02-19,511.3
TX-0017779,CUST-01271,2026-02-05,472.94
TX-0017780,CUST-01271,2025-10-20,395.79
TX-0017781,CUST-01271,2026-01-24,486.9
TX-0017782,CUST-01271,2025-10-23,381.14
TX-0017783,CUST-01272,2026-08-19,494.05
TX-0017784,CUST-01272,2026-07-18,383.03
TX-0017785,CUST-01272,2026-06-13,548.48
TX-0017786,CUST-01272,2025-11-07,575.12
TX-0017787,CUST-01272,2025-11-09,425.32
TX-0017788,CUST-01272,2026-03-16,558.23
TX-0017789,CUST-01272,2026-02-12,517.47
TX-0017790,CUST-01272,2026-05-11,546.79
TX-0017791,CUST-01272,2026-07-16,494.79
TX-0017792,CUST-01272,2026-01-08,573.88
TX-0017793,CUST-01272,2025-12-20,579.5
TX-0017794,CUST-01272,2026-03-14,411.32
TX-0017795,CUST-01272,2026-03-17,503.91
TX-0017796,CUST-01272,2026-02-02,494.43
TX-0017797,CUST-01273,2026-08-15,496.31
TX-0017798,CUST-01273,2026-05-11,486.81
TX-0017799,CUST-01273,2025-11-04,547.52
TX-0017800,CUST-01273,2026-05-10,458.74
TX-0017801,CUST-01273,2026-02-19,493.21
TX-0017802,CUST-01273,2025-12-10,482.14
TX-0017803,CUST-01273,2026-07-15,522.52
TX-0017804,CUST-01273,2026-02-13,526.25
TX-0017805,CUST-01273,2026-03-16,560.31
TX-0017806,CUST-01273,2026-07-04,576.78
TX-0017807,CUST-01274,2026-08-07,477.5
TX-0017808,CUST-01274,2025-11-01,562.85
TX-0017809,CUST-01274,2025-10-20,567.01
TX-0017810,CUST-01274,2026-01-27,410.14
TX-0017811,CUST-01274,2026-07-03,410.46
TX-0017812,CUST-01274,2026-03-11,527.12
TX-0017813,CUST-01274,2025-11-11,480.28
TX-0017814,CUST-01274,2025-12-08,533.96
TX-0017815,CUST-01274,2026-06-05,420.72
TX-0017816,CUST-01274,2026-06-16,521.17
TX-0017817,CUST-01274,2025-10-17,444.08
TX-0017818,CUST-01274,2025-10-31,553.7
TX-0017819,CUST-01274,2026-06-02,470.25
TX-0017820,CUST-01274,2026-02-08,549.42
TX-0017821,CUST-01275,2026-08-13,491.39
TX-0017822,CUST-01275,2026-04-14,574.38
TX-0017823,CUST-01275,2026-03-03,388.22
TX-0017824,CUST-01275,2026-04-14,492.54
TX-0017825,CUST-01275,2025-12-20,576.99
TX-0017826,CUST-01275,2026-03-13,401.07
TX-0017827,CUST-01275,2026-03-26,497.33
TX-0017828,CUST-01275,2026-07-16,556.29
TX-0017829,CUST-01275,2026-01-06,426.25
TX-0017830,CUST-01275,2026-04-17,551.88
TX-0017831,CUST-01275,2026-01-21,559.03
TX-0017832,CUST-01275,2025-11-14,546.87
TX-0017833,CUST-01275,2026-06-23,572.09
TX-0017834,CUST-01276,2026-08-22,576.51
TX-0017835,CUST-01276,2026-07-11,417.4
TX-0017836,CUST-01276,2025-12-24,440.98
TX-0017837,CUST-01276,2026-06-19,388.96
TX-0017838,CUST-01276,2025-10-28,440.71
TX-0017839,CUST-01276,2026-05-24,396.1
TX-0017840,CUST-01276,2025-12-05,466.4
TX-0017841,CUST-01276,2026-01-07,495.29
TX-0017842,CUST-01276,2025-10-31,476.14
TX-0017843,CUST-01276,2026-04-07,393.42
TX-0017844,CUST-01277,2026-08-09,418.84
TX-0017845,CUST-01277,2026-01-04,489.08
TX-0017846,CUST-01277,2026-02-27,453.84
TX-0017847,CUST-01277,2026-07-11,442.32
TX-0017848,CUST-01277,2025-11-04,561.91
TX-0017849,CUST-01277,2026-05-01,424.61
TX-0017850,CUST-01277,2026-06-27,568.18
TX-0017851,CUST-01277,2026-04-08,568.11
TX-0017852,CUST-01277,2025-10-24,556.05
TX-0017853,CUST-01277,2026-03-13,456.99
TX-0017854,CUST-01278,2026-08-20,418.12
TX-0017855,CUST-01278,2026-01-28,426.49
TX-0017856,CUST-01278,2026-03-24,454.42
TX-0017857,CUST-01278,2026-05-15,540.08
TX-0017858,CUST-01278,2026-05-13,464.9
TX-0017859,CUST-01278,2026-04-21,404.54
TX-0017860,CUST-01278,2026-05-20,536.6
TX-0017861,CUST-01278,2026-08-05,521.42
TX-0017862,CUST-01279,2026-08-15,471.67
TX-0017863,CUST-01279,2026-02-17,559.04
TX-0017864,CUST-01279,2026-06-16,458.94
TX-0017865,CUST-01279,2026-01-07,423.71
TX-0017866,CUST-01279,2026-07-21,466.82
TX-0017867,CUST-01279,2026-03-03,400.93
TX-0017868,CUST-01279,2026-04-30,497.48
TX-0017869,CUST-01279,2026-02-18,411.75
TX-0017870,CUST-01279,2026-04-13,579.73
TX-0017871,CUST-01279,2026-07-05,559.06
TX-0017872,CUST-01280,2026-08-06,424.54
TX-0017873,CUST-01280,2026-02-17,402.56
TX-0017874,CUST-01280,2026-01-04,530.89
TX-0017875,CUST-01280,2026-01-24,514.69
TX-0017876,CUST-01280,2026-03-25,414.51
TX-0017877,CUST-01280,2026-03-03,537.91
TX-0017878,CUST-01280,2025-11-16,458.37
TX-0017879,CUST-01280,2026-04-06,548.24
TX-0017880,CUST-01280,2026-01-22,485.4
TX-0017881,CUST-01280,2026-02-06,502.12
TX-0017882,CUST-01281,2026-08-20,525.34
TX-0017883,CUST-01281,2026-07-01,573.99
TX-0017884,CUST-01281,2026-01-13,481.56
TX-0017885,CUST-01281,2026-07-21,393.61
TX-0017886,CUST-01281,2025-12-02,473.47
TX-0017887,CUST-01281,2026-01-30,410.98
TX-0017888,CUST-01281,2026-05-12,386.61
TX-0017889,CUST-01282,2026-08-09,467.64
TX-0017890,CUST-01282,2026-06-14,526.83
TX-0017891,CUST-01282,2026-05-09,405.06
TX-0017892,CUST-01282,2026-03-21,402.29
TX-0017893,CUST-01282,2025-12-24,449.5
TX-0017894,CUST-01282,2025-11-07,517.23
TX-0017895,CUST-01282,2026-04-28,384.62
TX-0017896,CUST-01282,2026-06-17,438.76
TX-0017897,CUST-01282,2026-05-19,559.11
TX-0017898,CUST-01283,2026-08-08,410.52
TX-0017899,CUST-01283,2026-01-30,565.77
TX-0017900,CUST-01283,2026-03-25,541.63
TX-0017901,CUST-01283,2026-05-17,460.87
TX-0017902,CUST-01283,2026-01-27,465.68
TX-0017903,CUST-01283,2026-02-07,454.96
TX-0017904,CUST-01283,2026-03-28,422.01
TX-0017905,CUST-01284,2026-08-10,468.48
TX-0017906,CUST-01284,2026-01-14,477.33
TX-0017907,CUST-01284,2026-02-01,390.13
TX-0017908,CUST-01284,2026-03-19,540.08
TX-0017909,CUST-01284,2025-11-26,498.3
TX-0017910,CUST-01284,2025-11-06,523.3
TX-0017911,CUST-01284,2025-10-21,535.53
TX-0017912,CUST-01285,2026-08-14,562.44
TX-0017913,CUST-01285,2026-06-11,511.84
TX-0017914,CUST-01285,2026-07-14,561.89
TX-0017915,CUST-01285,2026-02-05,470.9
TX-0017916,CUST-01285,2026-04-14,406.95
TX-0017917,CUST-01285,2026-04-08,499.51
TX-0017918,CUST-01285,2026-02-07,566.15
TX-0017919,CUST-01285,2025-12-06,482.63
TX-0017920,CUST-01285,2026-01-16,469.6
TX-0017921,CUST-01285,2026-07-21,450.24
TX-0017922,CUST-01286,2026-08-10,528.21
TX-0017923,CUST-01286,2026-03-06,484.95
TX-0017924,CUST-01286,2025-11-23,384.61
TX-0017925,CUST-01286,2026-02-22,571.52
TX-0017926,CUST-01286,2026-01-08,382.66
TX-0017927,CUST-01286,2026-03-27,521.11
TX-0017928,CUST-01286,2026-07-03,507.92
TX-0017929,CUST-01286,2025-12-26,440.18
TX-0017930,CUST-01286,2026-05-27,505.62
TX-0017931,CUST-01286,2026-02-14,466.81
TX-0017932,CUST-01286,2026-07-08,544.47
TX-0017933,CUST-01286,2026-04-24,433.22
TX-0017934,CUST-01286,2026-01-31,501.87
TX-0017935,CUST-01286,2026-07-19,391.23
TX-0017936,CUST-01287,2026-08-04,421.07
TX-0017937,CUST-01287,2026-03-15,467.35
TX-0017938,CUST-01287,2026-05-26,500.61
TX-0017939,CUST-01287,2026-07-20,440.03
TX-0017940,CUST-01287,2026-07-12,487.27
TX-0017941,CUST-01287,2026-01-04,442.66
TX-0017942,CUST-01287,2026-04-02,460.78
TX-0017943,CUST-01287,2026-05-18,438.61
TX-0017944,CUST-01287,2025-11-03,517.47
TX-0017945,CUST-01287,2026-04-15,435.92
TX-0017946,CUST-01288,2026-08-17,502.53
TX-0017947,CUST-01288,2025-11-04,492.16
TX-0017948,CUST-01288,2026-04-09,506.46
TX-0017949,CUST-01288,2026-03-21,508.56
TX-0017950,CUST-01288,2026-07-30,447.81
TX-0017951,CUST-01288,2026-03-31,428.86
TX-0017952,CUST-01288,2025-12-09,435.09
TX-0017953,CUST-01288,2025-11-03,443.46
TX-0017954,CUST-01288,2026-03-02,489.48
TX-0017955,CUST-01289,2026-08-22,457.59
TX-0017956,CUST-01289,2026-04-08,436.23
TX-0017957,CUST-01289,2026-02-15,525.66
TX-0017958,CUST-01289,2026-02-15,578.52
TX-0017959,CUST-01289,2026-02-12,478.15
TX-0017960,CUST-01289,2025-11-10,406.61
TX-0017961,CUST-01289,2025-10-30,517.0
TX-0017962,CUST-01289,2025-12-26,413.0
TX-0017963,CUST-01289,2026-03-29,492.06
TX-0017964,CUST-01289,2026-02-12,423.38
TX-0017965,CUST-01289,2026-01-11,510.07
TX-0017966,CUST-01289,2026-07-10,426.75
TX-0017967,CUST-01289,2025-10-29,569.73
TX-0017968,CUST-01290,2026-06-21,1165.09
TX-0017969,CUST-01290,2026-03-12,1436.87
TX-0017970,CUST-01290,2026-02-11,1472.89
TX-0017971,CUST-01290,2026-02-25,1020.24
TX-0017972,CUST-01291,2026-05-31,1107.71
TX-0017973,CUST-01291,2025-11-27,1330.68
TX-0017974,CUST-01291,2025-12-01,914.53
TX-0017975,CUST-01292,2026-06-23,970.48
TX-0017976,CUST-01292,2026-03-26,920.38
TX-0017977,CUST-01292,2026-04-14,1111.77
TX-0017978,CUST-01292,2026-04-07,979.72
TX-0017979,CUST-01292,2025-09-06,994.39
TX-0017980,CUST-01292,2025-10-16,956.94
TX-0017981,CUST-01293,2026-05-19,932.37
TX-0017982,CUST-01293,2025-11-10,924.38
TX-0017983,CUST-01293,2025-12-29,1129.11
TX-0017984,CUST-01293,2025-07-28,1227.45
TX-0017985,CUST-01293,2025-10-16,1085.89
TX-0017986,CUST-01293,2026-01-13,1016.64
TX-0017987,CUST-01294,2026-05-27,1379.07
TX-0017988,CUST-01294,2026-03-26,1252.29
TX-0017989,CUST-01294,2026-01-16,1073.62
TX-0017990,CUST-01295,2026-06-19,1254.65
TX-0017991,CUST-01295,2026-02-19,1487.78
TX-0017992,CUST-01295,2025-09-10,1090.96
TX-0017993,CUST-01296,2026-05-21,967.77
TX-0017994,CUST-01296,2026-03-09,1219.27
TX-0017995,CUST-01296,2025-09-15,1485.89
TX-0017996,CUST-01296,2025-12-19,1379.95
TX-0017997,CUST-01296,2025-11-30,1183.53
TX-0017998,CUST-01297,2026-05-25,1311.72
TX-0017999,CUST-01297,2025-09-21,1269.25
TX-0018000,CUST-01297,2025-12-12,1210.89
TX-0018001,CUST-01298,2026-05-20,1102.28
TX-0018002,CUST-01298,2025-11-28,1429.33
TX-0018003,CUST-01298,2026-02-01,1296.02
TX-0018004,CUST-01298,2025-11-27,1309.3
TX-0018005,CUST-01298,2026-01-23,1109.32
TX-0018006,CUST-01298,2026-01-06,1017.36
TX-0018007,CUST-01299,2026-06-10,1299.36
TX-0018008,CUST-01299,2025-09-25,1394.56
TX-0018009,CUST-01299,2026-02-25,1497.26
TX-0018010,CUST-01299,2025-09-26,1114.33
TX-0018011,CUST-01299,2026-02-15,1476.38
TX-0018012,CUST-01299,2026-04-02,1293.04
TX-0018013,CUST-01299,2025-09-02,1273.89
TX-0018014,CUST-01300,2026-06-05,1134.44
TX-0018015,CUST-01300,2025-10-28,1415.35
TX-0018016,CUST-01300,2026-01-02,1325.39
TX-0018017,CUST-01300,2025-10-18,999.92
TX-0018018,CUST-01301,2026-06-15,1464.61
TX-0018019,CUST-01301,2025-10-04,1094.58
TX-0018020,CUST-01301,2026-02-14,1003.54
TX-0018021,CUST-01301,2026-05-25,976.43
TX-0018022,CUST-01301,2025-10-31,1401.4
TX-0018023,CUST-01301,2026-01-22,1074.97
TX-0018024,CUST-01302,2026-06-11,1376.07
TX-0018025,CUST-01302,2025-09-14,1117.3
TX-0018026,CUST-01302,2025-09-13,1177.87
TX-0018027,CUST-01302,2025-10-26,1056.74
TX-0018028,CUST-01302,2025-09-13,991.77
TX-0018029,CUST-01302,2025-09-25,1497.57
TX-0018030,CUST-01303,2026-06-05,1007.3
TX-0018031,CUST-01303,2025-09-03,1133.47
TX-0018032,CUST-01303,2025-10-04,1423.95
TX-0018033,CUST-01304,2026-05-26,1068.28
TX-0018034,CUST-01304,2025-09-05,1270.57
TX-0018035,CUST-01304,2026-02-26,1133.76
TX-0018036,CUST-01304,2026-02-09,1212.08
TX-0018037,CUST-01304,2025-11-04,1329.03
TX-0018038,CUST-01305,2026-06-10,1384.5
TX-0018039,CUST-01305,2026-03-22,1486.67
TX-0018040,CUST-01305,2026-01-15,1117.73
TX-0018041,CUST-01305,2025-09-26,1418.32
TX-0018042,CUST-01305,2026-01-09,1056.31
TX-0018043,CUST-01305,2025-11-06,1463.05
TX-0018044,CUST-01306,2026-05-28,918.01
TX-0018045,CUST-01306,2026-03-21,1262.71
TX-0018046,CUST-01306,2025-10-04,1270.88
TX-0018047,CUST-01306,2026-01-27,917.24
TX-0018048,CUST-01306,2026-04-09,1380.97
TX-0018049,CUST-01306,2026-02-09,1192.83
TX-0018050,CUST-01307,2026-05-20,1393.02
TX-0018051,CUST-01307,2026-01-07,921.3
TX-0018052,CUST-01307,2025-09-04,1404.61
TX-0018053,CUST-01307,2025-09-03,1117.25
TX-0018054,CUST-01308,2026-05-29,1445.95
TX-0018055,CUST-01308,2025-09-29,1366.62
TX-0018056,CUST-01308,2025-11-25,1161.81
TX-0018057,CUST-01308,2026-03-07,1447.25
TX-0018058,CUST-01309,2026-05-30,1198.03
TX-0018059,CUST-01309,2026-01-17,959.06
TX-0018060,CUST-01309,2025-11-20,1386.45
TX-0018061,CUST-01309,2025-09-18,1113.39
TX-0018062,CUST-01310,2026-06-21,1051.34
TX-0018063,CUST-01310,2026-02-17,1004.08
TX-0018064,CUST-01310,2025-09-09,1355.42
TX-0018065,CUST-01310,2025-12-01,1160.04
TX-0018066,CUST-01311,2026-06-28,1325.87
TX-0018067,CUST-01311,2026-05-05,1021.85
TX-0018068,CUST-01311,2026-05-10,1108.72
TX-0018069,CUST-01311,2025-09-14,1248.72
TX-0018070,CUST-01312,2026-06-09,962.33
TX-0018071,CUST-01312,2026-02-28,1098.23
TX-0018072,CUST-01312,2025-09-12,1386.28
TX-0018073,CUST-01312,2025-08-26,1334.07
TX-0018074,CUST-01312,2025-12-09,1061.36
TX-0018075,CUST-01312,2025-09-11,1251.29
TX-0018076,CUST-01312,2026-05-11,1021.38
TX-0018077,CUST-01313,2026-05-24,901.19
TX-0018078,CUST-01313,2026-04-28,1039.34
TX-0018079,CUST-01313,2026-03-27,1107.31
TX-0018080,CUST-01313,2025-12-09,1415.01
TX-0018081,CUST-01313,2025-08-12,999.04
TX-0018082,CUST-01314,2026-05-31,1408.13
TX-0018083,CUST-01314,2026-01-11,1003.61
TX-0018084,CUST-01314,2025-10-17,951.29
TX-0018085,CUST-01314,2025-08-25,1288.98
TX-0018086,CUST-01315,2026-06-21,1211.62
TX-0018087,CUST-01315,2025-11-05,1007.34
TX-0018088,CUST-01315,2025-09-25,1141.34
TX-0018089,CUST-01316,2026-06-10,1188.22
TX-0018090,CUST-01316,2025-08-16,990.74
TX-0018091,CUST-01316,2026-03-01,1233.14
TX-0018092,CUST-01316,2026-03-25,1427.74
TX-0018093,CUST-01316,2025-11-15,1400.44
TX-0018094,CUST-01316,2026-04-20,1253.03
TX-0018095,CUST-01317,2026-06-07,1051.0
TX-0018096,CUST-01317,2026-02-02,1275.83
TX-0018097,CUST-01317,2026-01-12,1189.25
TX-0018098,CUST-01317,2026-03-04,1230.77
TX-0018099,CUST-01317,2025-12-12,1325.88
TX-0018100,CUST-01317,2025-11-18,1171.46
TX-0018101,CUST-01318,2026-05-31,1297.69
TX-0018102,CUST-01318,2025-12-29,1057.87
TX-0018103,CUST-01318,2025-12-13,1225.02
TX-0018104,CUST-01318,2026-01-03,1081.32
TX-0018105,CUST-01319,2026-05-21,1206.11
TX-0018106,CUST-01319,2025-10-25,905.85
TX-0018107,CUST-01319,2026-01-15,1122.39
TX-0018108,CUST-01320,2026-06-04,1492.46
TX-0018109,CUST-01320,2026-05-18,1414.8
TX-0018110,CUST-01320,2025-08-16,1470.56
TX-0018111,CUST-01320,2025-08-13,944.47
TX-0018112,CUST-01320,2026-03-01,1078.19
TX-0018113,CUST-01320,2026-04-12,942.61
TX-0018114,CUST-01321,2026-05-26,1262.98
TX-0018115,CUST-01321,2025-08-29,1434.59
TX-0018116,CUST-01321,2025-08-18,1328.62
TX-0018117,CUST-01322,2026-06-13,1475.1
TX-0018118,CUST-01322,2026-04-17,1315.37
TX-0018119,CUST-01322,2026-05-28,1112.51
TX-0018120,CUST-01322,2026-04-23,1379.38
TX-0018121,CUST-01322,2025-09-20,1381.21
TX-0018122,CUST-01323,2026-06-09,1131.85
TX-0018123,CUST-01323,2025-08-14,1465.24
TX-0018124,CUST-01323,2025-11-22,1278.16
TX-0018125,CUST-01323,2025-10-28,1450.25
TX-0018126,CUST-01323,2025-10-04,1398.69
TX-0018127,CUST-01324,2026-06-20,1223.83
TX-0018128,CUST-01324,2025-10-01,926.9
TX-0018129,CUST-01324,2025-12-28,1304.29
TX-0018130,CUST-01324,2026-01-14,1221.97
TX-0018131,CUST-01324,2026-04-03,1146.92
TX-0018132,CUST-01324,2026-05-18,1008.13
TX-0018133,CUST-01324,2026-04-16,1353.87
TX-0018134,CUST-01325,2026-06-23,1225.12
TX-0018135,CUST-01325,2025-12-12,1032.84
TX-0018136,CUST-01325,2025-09-14,1068.34
TX-0018137,CUST-01325,2026-02-19,1428.11
TX-0018138,CUST-01325,2026-05-26,1464.78
TX-0018139,CUST-01325,2026-02-18,927.69
TX-0018140,CUST-01326,2026-06-08,1150.55
TX-0018141,CUST-01326,2025-12-23,1195.39
TX-0018142,CUST-01326,2026-01-19,1292.74
TX-0018143,CUST-01326,2026-01-12,1082.66
TX-0018144,CUST-01326,2025-09-12,1152.75
TX-0018145,CUST-01326,2026-01-14,1105.0
TX-0018146,CUST-01327,2026-05-22,949.84
TX-0018147,CUST-01327,2026-01-25,993.2
TX-0018148,CUST-01327,2025-11-07,1328.58
TX-0018149,CUST-01328,2026-06-08,949.19
TX-0018150,CUST-01328,2025-12-23,998.45
TX-0018151,CUST-01328,2026-02-09,1137.73
TX-0018152,CUST-01328,2026-01-17,1125.95
TX-0018153,CUST-01328,2025-10-16,1201.65
TX-0018154,CUST-01328,2025-10-27,1281.42
TX-0018155,CUST-01329,2026-05-21,1234.67
TX-0018156,CUST-01329,2026-01-22,1020.56
TX-0018157,CUST-01329,2025-11-15,995.07
TX-0018158,CUST-01329,2025-12-08,1327.75
TX-0018159,CUST-01329,2025-12-29,1248.88
TX-0018160,CUST-01329,2026-03-22,1417.68
TX-0018161,CUST-01330,2026-06-16,1434.84
TX-0018162,CUST-01330,2026-05-04,1118.99
TX-0018163,CUST-01330,2025-11-13,1143.91
TX-0018164,CUST-01330,2026-03-09,1152.1
TX-0018165,CUST-01331,2026-06-06,1405.99
TX-0018166,CUST-01331,2025-08-23,1332.1
TX-0018167,CUST-01331,2025-12-27,1358.31
TX-0018168,CUST-01331,2025-11-03,1408.67
TX-0018169,CUST-01331,2026-05-06,1255.34
TX-0018170,CUST-01332,2026-06-13,1084.87
TX-0018171,CUST-01332,2026-02-11,1357.45
TX-0018172,CUST-01332,2025-10-16,1430.3
TX-0018173,CUST-01333,2026-05-23,950.48
TX-0018174,CUST-01333,2026-03-01,976.07
TX-0018175,CUST-01333,2026-02-28,1123.31
TX-0018176,CUST-01333,2025-08-09,1215.94
TX-0018177,CUST-01333,2025-11-05,997.5
TX-0018178,CUST-01334,2026-06-28,1003.79
TX-0018179,CUST-01334,2025-10-20,1352.96
TX-0018180,CUST-01334,2026-03-19,1000.03
TX-0018181,CUST-01335,2026-05-25,1048.51
TX-0018182,CUST-01335,2025-10-09,1121.58
TX-0018183,CUST-01335,2025-09-18,1100.34
TX-0018184,CUST-01335,2026-04-21,1004.92
TX-0018185,CUST-01335,2026-03-05,920.61
TX-0018186,CUST-01336,2026-06-23,1318.18
TX-0018187,CUST-01336,2025-12-18,1178.02
TX-0018188,CUST-01336,2025-12-31,1052.45
TX-0018189,CUST-01336,2026-02-02,1142.21
TX-0018190,CUST-01336,2026-03-09,1394.73
TX-0018191,CUST-01336,2025-09-21,1346.06
TX-0018192,CUST-01336,2026-03-20,1357.35
TX-0018193,CUST-01337,2026-06-20,1021.54
TX-0018194,CUST-01337,2026-01-20,963.83
TX-0018195,CUST-01337,2026-03-30,1035.72
TX-0018196,CUST-01338,2026-06-22,1096.43
TX-0018197,CUST-01338,2026-04-20,1113.13
TX-0018198,CUST-01338,2026-05-10,939.59
TX-0018199,CUST-01338,2025-11-03,1031.63
TX-0018200,CUST-01338,2026-04-30,1106.77
TX-0018201,CUST-01338,2026-05-05,1011.63
TX-0018202,CUST-01338,2026-04-18,1288.52
TX-0018203,CUST-01339,2026-05-23,907.49
TX-0018204,CUST-01339,2025-10-19,1323.33
TX-0018205,CUST-01339,2025-11-02,1251.03
TX-0018206,CUST-01339,2026-04-26,1315.38
TX-0018207,CUST-01339,2025-12-15,1456.15
TX-0018208,CUST-01339,2025-08-27,994.93
TX-0018209,CUST-01339,2025-12-25,1291.82
TX-0018210,CUST-01340,2026-06-28,1192.46
TX-0018211,CUST-01340,2025-12-11,1486.2
TX-0018212,CUST-01340,2025-12-08,1319.53
TX-0018213,CUST-01340,2025-09-30,1390.92
TX-0018214,CUST-01340,2025-11-16,1213.58
TX-0018215,CUST-01340,2025-09-14,1363.57
TX-0018216,CUST-01340,2026-06-03,1459.66
TX-0018217,CUST-01341,2026-05-28,1282.6
TX-0018218,CUST-01341,2026-02-22,941.25
TX-0018219,CUST-01341,2026-02-18,1052.18
TX-0018220,CUST-01341,2026-04-25,1054.21
TX-0018221,CUST-01341,2025-11-03,1425.68
TX-0018222,CUST-01341,2026-01-31,1308.98
TX-0018223,CUST-01341,2026-01-23,1481.54
TX-0018224,CUST-01342,2026-06-12,1311.25
TX-0018225,CUST-01342,2025-09-26,1138.48
TX-0018226,CUST-01342,2025-11-15,1144.8
TX-0018227,CUST-01342,2025-09-29,993.11
TX-0018228,CUST-01342,2025-12-03,1318.86
TX-0018229,CUST-01342,2026-02-05,1109.58
TX-0018230,CUST-01342,2025-09-06,1412.56
TX-0018231,CUST-01343,2026-05-23,936.14
TX-0018232,CUST-01343,2025-10-03,910.33
TX-0018233,CUST-01343,2025-11-07,1388.28
TX-0018234,CUST-01343,2026-02-01,1200.21
TX-0018235,CUST-01343,2026-05-02,986.9
TX-0018236,CUST-01344,2026-07-01,1276.65
TX-0018237,CUST-01344,2025-12-16,1191.64
TX-0018238,CUST-01344,2026-05-18,1201.0
TX-0018239,CUST-01344,2026-03-19,1421.7
TX-0018240,CUST-01345,2026-06-13,1246.8
TX-0018241,CUST-01345,2026-04-17,1457.63
TX-0018242,CUST-01345,2026-02-05,969.55
TX-0018243,CUST-01345,2026-04-15,1240.11
TX-0018244,CUST-01345,2025-08-30,1104.0
TX-0018245,CUST-01345,2025-09-16,1327.66
TX-0018246,CUST-01345,2025-08-30,988.25
TX-0018247,CUST-01346,2026-05-24,1196.18
TX-0018248,CUST-01346,2025-11-07,1053.93
TX-0018249,CUST-01346,2025-07-29,1289.83
TX-0018250,CUST-01346,2025-08-26,923.09
TX-0018251,CUST-01346,2026-04-29,1125.09
TX-0018252,CUST-01346,2025-08-16,1129.75
TX-0018253,CUST-01346,2025-11-09,921.52
TX-0018254,CUST-01347,2026-06-29,1320.07
TX-0018255,CUST-01347,2025-11-30,969.03
TX-0018256,CUST-01347,2025-11-25,1031.53
TX-0018257,CUST-01347,2026-01-05,1311.92
TX-0018258,CUST-01347,2025-12-03,994.07
TX-0018259,CUST-01347,2026-02-04,1237.22
TX-0018260,CUST-01347,2026-05-17,929.82
TX-0018261,CUST-01348,2026-06-23,1427.99
TX-0018262,CUST-01348,2025-09-20,1093.49
TX-0018263,CUST-01348,2026-02-27,1420.79
TX-0018264,CUST-01348,2025-12-10,1488.97
TX-0018265,CUST-01349,2026-06-04,1270.16
TX-0018266,CUST-01349,2026-02-17,1180.7
TX-0018267,CUST-01349,2026-04-10,1218.21
TX-0018268,CUST-01349,2026-04-24,1138.98
TX-0018269,CUST-01349,2025-11-18,953.69
TX-0018270,CUST-01349,2025-08-11,1400.95
TX-0018271,CUST-01349,2025-08-18,1025.62
TX-0018272,CUST-01350,2026-05-23,1381.16
TX-0018273,CUST-01350,2025-11-26,1232.65
TX-0018274,CUST-01350,2025-08-15,1207.12
TX-0018275,CUST-01350,2026-04-19,1062.33
TX-0018276,CUST-01350,2025-12-25,1192.72
TX-0018277,CUST-01350,2026-05-04,1052.23
TX-0018278,CUST-01351,2026-05-28,1122.22
TX-0018279,CUST-01351,2025-11-18,1152.99
TX-0018280,CUST-01351,2026-02-18,1123.02
TX-0018281,CUST-01351,2026-01-06,1216.86
TX-0018282,CUST-01351,2026-04-27,1098.56
TX-0018283,CUST-01351,2025-09-22,1457.02
TX-0018284,CUST-01351,2026-01-17,1213.68
TX-0018285,CUST-01352,2026-06-01,1015.16
TX-0018286,CUST-01352,2025-08-25,1013.83
TX-0018287,CUST-01352,2026-04-13,943.57
TX-0018288,CUST-01352,2026-01-12,1098.69
TX-0018289,CUST-01352,2025-09-13,1236.32
TX-0018290,CUST-01352,2026-01-09,1014.12
TX-0018291,CUST-01353,2026-06-25,917.34
TX-0018292,CUST-01353,2026-03-23,1222.43
TX-0018293,CUST-01353,2026-03-25,967.42
TX-0018294,CUST-01353,2025-11-22,939.51
TX-0018295,CUST-01354,2026-06-01,1295.28
TX-0018296,CUST-01354,2026-03-08,1389.31
TX-0018297,CUST-01354,2025-08-31,1199.99
TX-0018298,CUST-01354,2026-04-10,1268.73
TX-0018299,CUST-01355,2026-06-14,1390.29
TX-0018300,CUST-01355,2025-10-05,1356.92
TX-0018301,CUST-01355,2026-02-05,1061.46
TX-0018302,CUST-01356,2026-06-04,1240.33
TX-0018303,CUST-01356,2025-12-22,987.06
TX-0018304,CUST-01356,2025-10-16,1100.39
TX-0018305,CUST-01356,2025-08-31,1436.31
TX-0018306,CUST-01356,2025-09-26,1065.49
TX-0018307,CUST-01356,2025-10-13,1053.15
TX-0018308,CUST-01357,2026-06-15,978.39
TX-0018309,CUST-01357,2025-10-14,1089.63
TX-0018310,CUST-01357,2026-05-08,1295.46
TX-0018311,CUST-01357,2026-05-22,933.54
TX-0018312,CUST-01358,2026-06-18,1213.41
TX-0018313,CUST-01358,2025-11-12,1234.56
TX-0018314,CUST-01358,2026-03-25,1219.07
TX-0018315,CUST-01358,2025-11-16,1227.0
TX-0018316,CUST-01358,2026-02-06,1478.65
TX-0018317,CUST-01358,2026-03-17,929.56
TX-0018318,CUST-01359,2026-06-14,1023.76
TX-0018319,CUST-01359,2025-09-28,1461.0
TX-0018320,CUST-01359,2025-11-17,1155.29
TX-0018321,CUST-01360,2026-06-26,1096.24
TX-0018322,CUST-01360,2026-05-16,1451.83
TX-0018323,CUST-01360,2026-06-03,1463.46
TX-0018324,CUST-01361,2026-06-08,1173.96
TX-0018325,CUST-01361,2026-04-21,1150.66
TX-0018326,CUST-01361,2026-01-10,1038.64
TX-0018327,CUST-01361,2026-05-03,1128.94
TX-0018328,CUST-01361,2025-09-12,1123.11
TX-0018329,CUST-01362,2026-06-01,907.88
TX-0018330,CUST-01362,2026-01-25,912.01
TX-0018331,CUST-01362,2026-01-05,1312.51
TX-0018332,CUST-01362,2025-11-10,996.21
TX-0018333,CUST-01362,2025-12-01,1419.74
TX-0018334,CUST-01362,2025-11-10,992.43
TX-0018335,CUST-01362,2026-01-28,1072.57
TX-0018336,CUST-01363,2026-05-20,1042.06
TX-0018337,CUST-01363,2026-01-09,1214.48
TX-0018338,CUST-01363,2026-02-13,1023.33
TX-0018339,CUST-01364,2026-05-28,1380.51
TX-0018340,CUST-01364,2025-09-29,1270.36
TX-0018341,CUST-01364,2025-08-17,1316.43
TX-0018342,CUST-01364,2026-02-11,1427.33
TX-0018343,CUST-01364,2026-02-03,986.5
TX-0018344,CUST-01365,2026-06-22,1476.24
TX-0018345,CUST-01365,2025-08-29,1204.57
TX-0018346,CUST-01365,2026-05-27,1199.46
TX-0018347,CUST-01365,2026-05-05,1295.79
TX-0018348,CUST-01365,2026-05-19,918.62
TX-0018349,CUST-01366,2026-06-19,1436.39
TX-0018350,CUST-01366,2026-02-05,1481.07
TX-0018351,CUST-01366,2025-09-14,1484.4
TX-0018352,CUST-01366,2025-10-20,1074.0
TX-0018353,CUST-01366,2025-10-13,927.21
TX-0018354,CUST-01366,2026-02-03,1078.44
TX-0018355,CUST-01366,2025-12-15,1293.11
TX-0018356,CUST-01367,2026-06-16,1124.42
TX-0018357,CUST-01367,2025-09-21,1126.8
TX-0018358,CUST-01367,2026-04-30,1355.47
TX-0018359,CUST-01367,2025-12-15,1053.17
TX-0018360,CUST-01367,2025-12-16,1306.01
TX-0018361,CUST-01367,2025-12-23,962.44
TX-0018362,CUST-01368,2026-06-24,1451.22
TX-0018363,CUST-01368,2025-10-10,1027.08
TX-0018364,CUST-01368,2026-02-11,1065.57
TX-0018365,CUST-01368,2026-01-02,1222.15
TX-0018366,CUST-01368,2025-09-05,1085.91
TX-0018367,CUST-01369,2026-06-25,1402.98
TX-0018368,CUST-01369,2026-02-16,1055.65
TX-0018369,CUST-01369,2025-11-02,1492.87
TX-0018370,CUST-01369,2026-03-27,1472.41
TX-0018371,CUST-01369,2025-12-20,991.04
TX-0018372,CUST-01369,2025-10-10,971.61
TX-0018373,CUST-01369,2026-03-26,1260.79
TX-0018374,CUST-01370,2026-06-12,1319.41
TX-0018375,CUST-01370,2025-10-12,1372.67
TX-0018376,CUST-01370,2026-04-07,1443.18
TX-0018377,CUST-01370,2026-03-19,936.34
TX-0018378,CUST-01371,2026-06-21,1010.24
TX-0018379,CUST-01371,2025-10-17,1032.08
TX-0018380,CUST-01371,2025-12-08,1485.39
TX-0018381,CUST-01371,2025-09-19,1387.66
TX-0018382,CUST-01371,2025-11-29,1004.28
TX-0018383,CUST-01372,2026-06-22,1013.47
TX-0018384,CUST-01372,2026-04-01,1482.27
TX-0018385,CUST-01372,2026-03-02,999.62
TX-0018386,CUST-01373,2026-05-30,1226.28
TX-0018387,CUST-01373,2026-05-01,942.51
TX-0018388,CUST-01373,2025-12-25,937.05
TX-0018389,CUST-01373,2026-03-11,1455.36
TX-0018390,CUST-01373,2026-02-10,1283.3
TX-0018391,CUST-01373,2025-11-11,1078.59
TX-0018392,CUST-01374,2026-05-20,1308.93
TX-0018393,CUST-01374,2025-08-28,1177.01
TX-0018394,CUST-01374,2025-10-23,1420.28
TX-0018395,CUST-01374,2026-03-31,1476.23
TX-0018396,CUST-01374,2025-07-25,1192.99
TX-0018397,CUST-01374,2026-02-04,919.65
TX-0018398,CUST-01375,2026-06-23,1080.32
TX-0018399,CUST-01375,2026-04-13,1116.3
TX-0018400,CUST-01375,2025-08-30,1301.21
TX-0018401,CUST-01375,2026-01-10,1289.85
TX-0018402,CUST-01375,2025-11-27,1483.1
TX-0018403,CUST-01375,2026-05-26,908.64
TX-0018404,CUST-01376,2026-06-03,1227.75
TX-0018405,CUST-01376,2025-11-24,1189.65
TX-0018406,CUST-01376,2025-09-18,995.33
TX-0018407,CUST-01376,2026-03-29,1244.17
TX-0018408,CUST-01376,2025-08-27,1167.51
TX-0018409,CUST-01376,2026-04-09,1247.95
TX-0018410,CUST-01377,2026-06-30,924.84
TX-0018411,CUST-01377,2026-03-08,1243.43
TX-0018412,CUST-01377,2026-02-16,1254.28
TX-0018413,CUST-01377,2025-09-18,1283.04
TX-0018414,CUST-01377,2026-03-17,901.79
TX-0018415,CUST-01377,2025-10-21,1097.79
TX-0018416,CUST-01377,2025-10-18,1328.56
TX-0018417,CUST-01378,2026-06-21,1456.49
TX-0018418,CUST-01378,2025-11-02,947.59
TX-0018419,CUST-01378,2026-01-27,1226.62
TX-0018420,CUST-01378,2026-01-03,1071.86
TX-0018421,CUST-01378,2026-01-17,1105.0
TX-0018422,CUST-01378,2025-11-26,1075.57
TX-0018423,CUST-01379,2026-05-31,1361.51
TX-0018424,CUST-01379,2025-12-28,1275.12
TX-0018425,CUST-01379,2026-03-06,1476.92
TX-0018426,CUST-01380,2026-05-25,1478.63
TX-0018427,CUST-01380,2026-02-02,1207.34
TX-0018428,CUST-01380,2026-03-04,1004.3
TX-0018429,CUST-01380,2025-08-08,1469.11
TX-0018430,CUST-01380,2025-08-30,1344.56
TX-0018431,CUST-01380,2025-12-02,1206.31
TX-0018432,CUST-01380,2026-01-21,1322.07
TX-0018433,CUST-01381,2026-06-05,1214.57
TX-0018434,CUST-01381,2025-12-24,1307.2
TX-0018435,CUST-01381,2025-10-19,1170.65
TX-0018436,CUST-01382,2026-07-02,957.51
TX-0018437,CUST-01382,2026-04-15,1039.96
TX-0018438,CUST-01382,2026-05-07,1103.9
TX-0018439,CUST-01382,2025-11-15,1106.52
TX-0018440,CUST-01382,2026-03-03,1179.49
TX-0018441,CUST-01382,2026-04-09,1161.8
TX-0018442,CUST-01383,2026-06-11,985.21
TX-0018443,CUST-01383,2025-10-25,1110.42
TX-0018444,CUST-01383,2026-03-18,900.08
TX-0018445,CUST-01384,2026-07-02,1425.6
TX-0018446,CUST-01384,2025-12-27,1083.55
TX-0018447,CUST-01384,2026-03-31,1141.14
TX-0018448,CUST-01384,2026-04-19,985.68
TX-0018449,CUST-01384,2026-03-05,1430.46
TX-0018450,CUST-01385,2026-06-07,1429.13
TX-0018451,CUST-01385,2025-11-04,1253.04
TX-0018452,CUST-01385,2025-12-27,1008.17
TX-0018453,CUST-01385,2025-11-01,1348.68
TX-0018454,CUST-01385,2026-04-21,1148.37
TX-0018455,CUST-01385,2025-11-29,1190.73
TX-0018456,CUST-01385,2025-11-19,1099.8
TX-0018457,CUST-01386,2026-06-03,1096.48
TX-0018458,CUST-01386,2026-03-10,1143.41
TX-0018459,CUST-01386,2026-04-11,1268.77
TX-0018460,CUST-01386,2025-09-19,1268.95
TX-0018461,CUST-01386,2025-10-13,1335.65
TX-0018462,CUST-01387,2026-06-20,962.31
TX-0018463,CUST-01387,2025-12-20,1177.96
TX-0018464,CUST-01387,2025-11-15,1313.93
TX-0018465,CUST-01387,2026-04-15,1441.26
TX-0018466,CUST-01387,2025-09-01,1150.32
TX-0018467,CUST-01387,2025-11-26,1181.94
TX-0018468,CUST-01388,2026-06-26,1250.58
TX-0018469,CUST-01388,2026-04-02,973.54
TX-0018470,CUST-01388,2025-09-21,1296.04
TX-0018471,CUST-01388,2025-08-31,1183.24
TX-0018472,CUST-01388,2025-12-01,1056.54
TX-0018473,CUST-01388,2025-09-23,1361.38
TX-0018474,CUST-01389,2026-06-15,1064.43
TX-0018475,CUST-01389,2025-10-14,1374.17
TX-0018476,CUST-01389,2025-12-03,1444.02
TX-0018477,CUST-01389,2025-08-25,1366.03
TX-0018478,CUST-01390,2026-06-25,1211.97
TX-0018479,CUST-01390,2026-04-08,963.44
TX-0018480,CUST-01390,2026-01-02,1237.95
TX-0018481,CUST-01390,2025-09-17,938.84
TX-0018482,CUST-01390,2025-11-26,989.37
TX-0018483,CUST-01390,2026-05-26,1257.97
TX-0018484,CUST-01391,2026-06-12,1039.35
TX-0018485,CUST-01391,2025-09-21,1002.72
TX-0018486,CUST-01391,2025-11-03,1230.7
TX-0018487,CUST-01391,2026-01-17,996.78
TX-0018488,CUST-01391,2026-05-13,1268.23
TX-0018489,CUST-01391,2025-09-12,1344.15
TX-0018490,CUST-01391,2026-04-06,1025.73
TX-0018491,CUST-01392,2026-06-23,1306.51
TX-0018492,CUST-01392,2026-01-01,1487.4
TX-0018493,CUST-01392,2025-09-16,962.89
TX-0018494,CUST-01393,2026-06-08,966.54
TX-0018495,CUST-01393,2025-08-16,1483.54
TX-0018496,CUST-01393,2026-04-25,1177.31
TX-0018497,CUST-01393,2025-11-01,1155.16
TX-0018498,CUST-01393,2026-02-22,1404.63
TX-0018499,CUST-01394,2026-05-23,1348.35
TX-0018500,CUST-01394,2026-03-22,912.44
TX-0018501,CUST-01394,2025-10-26,1066.12
TX-0018502,CUST-01395,2026-06-08,1119.16
TX-0018503,CUST-01395,2025-12-04,1062.26
TX-0018504,CUST-01395,2026-03-25,1002.99
TX-0018505,CUST-01396,2026-06-22,1056.7
TX-0018506,CUST-01396,2026-05-01,1392.77
TX-0018507,CUST-01396,2025-12-08,1072.51
TX-0018508,CUST-01396,2025-09-22,1047.14
TX-0018509,CUST-01396,2025-11-28,1195.18
TX-0018510,CUST-01396,2026-04-21,910.26
TX-0018511,CUST-01397,2026-06-21,1102.66
TX-0018512,CUST-01397,2025-11-25,1107.05
TX-0018513,CUST-01397,2026-02-10,1366.66
TX-0018514,CUST-01397,2025-10-27,1139.84
TX-0018515,CUST-01397,2026-05-13,1067.25
TX-0018516,CUST-01397,2026-02-04,1245.68
TX-0018517,CUST-01398,2026-05-19,1094.07
TX-0018518,CUST-01398,2026-03-25,1191.36
TX-0018519,CUST-01398,2026-04-18,1466.79
TX-0018520,CUST-01398,2026-04-04,1376.29
TX-0018521,CUST-01398,2026-01-30,1333.77
TX-0018522,CUST-01398,2026-02-06,1364.25
TX-0018523,CUST-01398,2025-10-07,1244.92
TX-0018524,CUST-01399,2026-06-26,1097.0
TX-0018525,CUST-01399,2026-03-22,1093.82
TX-0018526,CUST-01399,2026-03-04,1347.82
TX-0018527,CUST-01399,2025-12-05,1391.91
TX-0018528,CUST-01399,2026-02-13,1206.48
TX-0018529,CUST-01400,2026-06-17,1376.64
TX-0018530,CUST-01400,2026-05-14,944.86
TX-0018531,CUST-01400,2026-03-24,1080.88
TX-0018532,CUST-01400,2025-11-24,1358.5
TX-0018533,CUST-01400,2026-05-30,941.11
TX-0018534,CUST-01400,2025-12-11,982.28
TX-0018535,CUST-01400,2025-09-28,1354.34
TX-0018536,CUST-01401,2026-05-31,938.25
TX-0018537,CUST-01401,2025-10-15,1235.66
TX-0018538,CUST-01401,2025-09-05,1044.51
TX-0018539,CUST-01401,2025-12-26,1493.65
TX-0018540,CUST-01401,2026-03-05,954.28
TX-0018541,CUST-01401,2025-11-28,999.0
TX-0018542,CUST-01402,2026-06-20,1212.54
TX-0018543,CUST-01402,2025-11-20,1173.74
TX-0018544,CUST-01402,2025-12-05,1484.52
TX-0018545,CUST-01402,2025-12-05,1383.13
TX-0018546,CUST-01402,2025-09-05,1013.67
TX-0018547,CUST-01403,2026-06-25,1083.1
TX-0018548,CUST-01403,2025-09-12,920.5
TX-0018549,CUST-01403,2026-02-06,1047.72
TX-0018550,CUST-01403,2026-04-08,1357.27
TX-0018551,CUST-01403,2026-05-17,1228.8
TX-0018552,CUST-01403,2026-01-04,1073.64
TX-0018553,CUST-01403,2026-04-13,1425.38
TX-0018554,CUST-01404,2026-05-24,1095.27
TX-0018555,CUST-01404,2025-12-17,1347.67
TX-0018556,CUST-01404,2025-09-08,1165.25
TX-0018557,CUST-01404,2026-01-20,1009.27
TX-0018558,CUST-01404,2025-07-30,1115.39
TX-0018559,CUST-01405,2026-06-17,961.99
TX-0018560,CUST-01405,2025-10-31,974.31
TX-0018561,CUST-01405,2025-09-07,1468.0
TX-0018562,CUST-01405,2026-05-23,1204.76
TX-0018563,CUST-01406,2026-06-02,1234.47
TX-0018564,CUST-01406,2025-09-23,1300.19
TX-0018565,CUST-01406,2025-12-30,1480.18
TX-0018566,CUST-01406,2026-03-30,983.27
TX-0018567,CUST-01406,2025-10-06,1351.82
TX-0018568,CUST-01407,2026-06-01,1081.45
TX-0018569,CUST-01407,2026-03-26,1311.15
TX-0018570,CUST-01407,2026-02-11,1196.62
TX-0018571,CUST-01407,2025-09-05,1402.29
TX-0018572,CUST-01407,2025-11-27,1192.27
TX-0018573,CUST-01408,2026-06-03,955.25
TX-0018574,CUST-01408,2025-11-17,1155.36
TX-0018575,CUST-01408,2025-09-07,1163.93
TX-0018576,CUST-01409,2026-05-23,934.58
TX-0018577,CUST-01409,2025-08-29,1407.1
TX-0018578,CUST-01409,2026-01-11,1267.01
TX-0018579,CUST-01409,2026-05-04,1128.99
TX-0018580,CUST-01409,2026-04-09,1432.85
TX-0018581,CUST-01409,2026-01-26,1305.87
TX-0018582,CUST-01410,2026-06-15,1253.92
TX-0018583,CUST-01410,2025-09-21,1188.48
TX-0018584,CUST-01410,2026-01-14,1441.59
TX-0018585,CUST-01410,2026-04-09,1148.29
TX-0018586,CUST-01410,2026-04-07,1151.84
TX-0018587,CUST-01411,2026-06-17,1185.15
TX-0018588,CUST-01411,2026-04-05,1339.26
TX-0018589,CUST-01411,2026-03-26,1249.66
TX-0018590,CUST-01411,2026-01-28,1418.6
TX-0018591,CUST-01411,2026-01-03,1282.09
TX-0018592,CUST-01411,2025-09-30,1307.28
TX-0018593,CUST-01412,2026-05-30,1276.11
TX-0018594,CUST-01412,2026-02-05,1149.7
TX-0018595,CUST-01412,2026-04-04,1134.58
TX-0018596,CUST-01413,2026-06-12,915.52
TX-0018597,CUST-01413,2026-02-01,1345.2
TX-0018598,CUST-01413,2026-01-05,1250.6
TX-0018599,CUST-01414,2026-06-27,1266.62
TX-0018600,CUST-01414,2026-03-30,1210.81
TX-0018601,CUST-01414,2026-03-20,1334.05
TX-0018602,CUST-01414,2026-01-24,1406.78
TX-0018603,CUST-01414,2026-03-31,946.47
TX-0018604,CUST-01414,2025-12-20,1122.93
TX-0018605,CUST-01415,2026-06-19,1466.19
TX-0018606,CUST-01415,2025-09-23,1418.28
TX-0018607,CUST-01415,2026-04-13,934.46
TX-0018608,CUST-01415,2026-05-27,1420.35
TX-0018609,CUST-01416,2026-06-26,1066.39
TX-0018610,CUST-01416,2025-09-20,1146.99
TX-0018611,CUST-01416,2026-01-29,926.99
TX-0018612,CUST-01417,2026-06-09,1158.65
TX-0018613,CUST-01417,2026-04-02,1451.64
TX-0018614,CUST-01417,2026-02-19,1051.54
TX-0018615,CUST-01417,2025-11-26,1021.19
TX-0018616,CUST-01417,2025-09-22,1265.91
TX-0018617,CUST-01417,2026-03-04,1308.94
TX-0018618,CUST-01417,2025-12-30,1362.37
TX-0018619,CUST-01418,2026-05-24,1044.78
TX-0018620,CUST-01418,2025-08-21,977.4
TX-0018621,CUST-01418,2026-04-10,929.11
TX-0018622,CUST-01418,2025-10-16,1012.14
TX-0018623,CUST-01418,2025-09-20,1380.1
TX-0018624,CUST-01418,2025-08-08,988.78
TX-0018625,CUST-01419,2026-06-15,1214.44
TX-0018626,CUST-01419,2026-05-25,1158.33
TX-0018627,CUST-01419,2026-01-30,1030.26
TX-0018628,CUST-01419,2025-09-09,1433.53
TX-0018629,CUST-01420,2026-06-02,902.66
TX-0018630,CUST-01420,2026-04-05,1357.61
TX-0018631,CUST-01420,2025-12-11,909.51
TX-0018632,CUST-01420,2025-09-10,1217.66
TX-0018633,CUST-01420,2025-12-13,1458.05
TX-0018634,CUST-01420,2025-10-11,1436.61
TX-0018635,CUST-01421,2026-06-20,1245.97
TX-0018636,CUST-01421,2025-10-01,1003.84
TX-0018637,CUST-01421,2025-11-10,1255.38
TX-0018638,CUST-01421,2025-12-07,1172.79
TX-0018639,CUST-01421,2025-12-28,1039.35
TX-0018640,CUST-01421,2025-10-13,1142.66
TX-0018641,CUST-01422,2026-06-28,1180.16
TX-0018642,CUST-01422,2026-02-17,1414.66
TX-0018643,CUST-01422,2025-10-27,1216.31
TX-0018644,CUST-01422,2025-09-27,1480.75
TX-0018645,CUST-01422,2026-06-08,929.39
TX-0018646,CUST-01422,2025-12-25,1079.54
TX-0018647,CUST-01422,2026-05-04,1410.8
TX-0018648,CUST-01423,2026-06-11,1029.0
TX-0018649,CUST-01423,2026-05-05,1304.33
TX-0018650,CUST-01423,2026-05-08,947.77
TX-0018651,CUST-01423,2026-02-08,1422.97
TX-0018652,CUST-01424,2026-06-26,1317.72
TX-0018653,CUST-01424,2026-03-05,1305.29
TX-0018654,CUST-01424,2026-03-12,967.63
TX-0018655,CUST-01425,2026-06-15,1481.54
TX-0018656,CUST-01425,2025-11-25,1306.15
TX-0018657,CUST-01425,2026-02-13,1400.13
TX-0018658,CUST-01426,2026-06-08,976.16
TX-0018659,CUST-01426,2026-05-10,1018.54
TX-0018660,CUST-01426,2025-10-19,1145.34
TX-0018661,CUST-01427,2026-06-16,1039.47
TX-0018662,CUST-01427,2025-12-26,1366.38
TX-0018663,CUST-01427,2025-10-16,1147.95
TX-0018664,CUST-01427,2025-12-05,1025.57
TX-0018665,CUST-01427,2025-12-04,1053.68
TX-0018666,CUST-01427,2026-05-05,988.98
TX-0018667,CUST-01428,2026-06-05,1370.07
TX-0018668,CUST-01428,2025-12-26,1075.39
TX-0018669,CUST-01428,2025-11-21,1035.18
TX-0018670,CUST-01429,2026-06-04,1148.02
TX-0018671,CUST-01429,2025-11-02,1165.42
TX-0018672,CUST-01429,2025-08-20,974.13
TX-0018673,CUST-01429,2026-01-07,1476.8
TX-0018674,CUST-01429,2026-03-30,968.22
TX-0018675,CUST-01430,2026-06-07,1095.22
TX-0018676,CUST-01430,2026-05-18,1356.69
TX-0018677,CUST-01430,2025-11-06,1240.3
TX-0018678,CUST-01430,2026-04-30,1171.1
TX-0018679,CUST-01431,2026-07-03,1124.12
TX-0018680,CUST-01431,2026-02-11,1361.37
TX-0018681,CUST-01431,2026-04-06,1172.03
TX-0018682,CUST-01432,2026-05-29,1411.97
TX-0018683,CUST-01432,2025-10-18,972.9
TX-0018684,CUST-01432,2025-12-09,918.47
TX-0018685,CUST-01432,2026-01-03,956.0
TX-0018686,CUST-01432,2026-03-13,1331.83
TX-0018687,CUST-01433,2026-06-10,1467.04
TX-0018688,CUST-01433,2025-10-15,1156.6
TX-0018689,CUST-01433,2025-09-29,1033.13
TX-0018690,CUST-01434,2026-06-13,1336.21
TX-0018691,CUST-01434,2025-11-02,1127.52
TX-0018692,CUST-01434,2026-01-05,1385.55
TX-0018693,CUST-01434,2026-01-12,1290.66
TX-0018694,CUST-01435,2026-05-26,1264.84
TX-0018695,CUST-01435,2026-04-17,1260.72
TX-0018696,CUST-01435,2026-01-29,1264.26
TX-0018697,CUST-01436,2026-06-06,1406.42
TX-0018698,CUST-01436,2025-10-28,1037.76
TX-0018699,CUST-01436,2025-12-20,962.74
TX-0018700,CUST-01436,2026-05-01,995.06
TX-0018701,CUST-01437,2026-06-22,1149.9
TX-0018702,CUST-01437,2025-09-19,1109.69
TX-0018703,CUST-01437,2025-09-21,1440.11
TX-0018704,CUST-01437,2026-03-27,1223.33
TX-0018705,CUST-01437,2026-01-28,1062.26
TX-0018706,CUST-01437,2026-05-19,1175.94
TX-0018707,CUST-01438,2026-06-15,1355.15
TX-0018708,CUST-01438,2026-05-30,1163.14
TX-0018709,CUST-01438,2025-12-01,1033.71
TX-0018710,CUST-01439,2026-06-03,1088.24
TX-0018711,CUST-01439,2026-01-12,1038.49
TX-0018712,CUST-01439,2026-01-12,935.49
TX-0018713,CUST-01439,2025-12-27,1125.27
TX-0018714,CUST-01440,2026-07-03,1387.44
TX-0018715,CUST-01440,2026-03-14,1384.97
TX-0018716,CUST-01440,2026-01-30,1403.34
TX-0018717,CUST-01441,2026-06-13,1001.34
TX-0018718,CUST-01441,2025-12-17,1210.56
TX-0018719,CUST-01441,2026-03-01,1171.42
TX-0018720,CUST-01441,2026-05-15,1482.4
TX-0018721,CUST-01441,2026-02-17,1029.53
TX-0018722,CUST-01442,2026-06-17,1430.36
TX-0018723,CUST-01442,2025-12-03,908.96
TX-0018724,CUST-01442,2025-09-17,937.06
TX-0018725,CUST-01443,2026-06-16,1076.19
TX-0018726,CUST-01443,2025-09-19,1049.94
TX-0018727,CUST-01443,2026-04-11,980.71
TX-0018728,CUST-01443,2026-01-08,939.74
TX-0018729,CUST-01443,2026-04-18,1253.09
TX-0018730,CUST-01443,2026-01-31,1241.81
TX-0018731,CUST-01444,2026-06-21,1361.78
TX-0018732,CUST-01444,2025-11-25,1488.1
TX-0018733,CUST-01444,2026-04-09,1163.86
TX-0018734,CUST-01444,2026-02-20,1483.9
TX-0018735,CUST-01444,2026-04-02,1465.29
TX-0018736,CUST-01444,2025-09-15,1265.27
TX-0018737,CUST-01444,2025-09-20,1270.64
TX-0018738,CUST-01445,2026-05-22,1028.09
TX-0018739,CUST-01445,2025-12-22,1491.16
TX-0018740,CUST-01445,2026-04-10,1405.24
TX-0018741,CUST-01445,2026-04-22,967.48
TX-0018742,CUST-01445,2026-01-28,1429.27
TX-0018743,CUST-01446,2026-06-20,970.69
TX-0018744,CUST-01446,2025-11-19,1002.32
TX-0018745,CUST-01446,2025-08-30,1348.42
TX-0018746,CUST-01447,2026-05-19,925.75
TX-0018747,CUST-01447,2025-12-12,1040.59
TX-0018748,CUST-01447,2026-04-08,1027.62
TX-0018749,CUST-01447,2025-08-11,1151.49
TX-0018750,CUST-01447,2026-01-25,1468.6
TX-0018751,CUST-01447,2025-09-02,1170.48
TX-0018752,CUST-01447,2025-09-24,914.92
TX-0018753,CUST-01448,2026-05-20,1413.68
TX-0018754,CUST-01448,2026-05-03,1147.94
TX-0018755,CUST-01448,2026-03-19,1080.79
TX-0018756,CUST-01449,2026-06-15,1313.47
TX-0018757,CUST-01449,2026-02-19,1243.63
TX-0018758,CUST-01449,2026-03-13,1054.14
TX-0018759,CUST-01449,2026-01-01,1142.97
TX-0018760,CUST-01449,2025-11-29,1452.39
TX-0018761,CUST-01449,2025-09-19,1270.41
TX-0018762,CUST-01449,2026-01-15,1479.22
TX-0018763,CUST-01450,2026-06-16,928.59
TX-0018764,CUST-01450,2026-05-07,1400.07
TX-0018765,CUST-01450,2025-11-22,1130.09
TX-0018766,CUST-01450,2025-09-29,1175.24
TX-0018767,CUST-01450,2026-05-30,906.7
TX-0018768,CUST-01451,2026-06-09,1170.91
TX-0018769,CUST-01451,2025-12-07,1402.82
TX-0018770,CUST-01451,2025-11-28,1286.4
TX-0018771,CUST-01451,2026-02-11,1331.4
TX-0018772,CUST-01451,2025-09-03,1091.77
TX-0018773,CUST-01451,2025-09-29,1068.06
TX-0018774,CUST-01452,2026-06-13,1149.06
TX-0018775,CUST-01452,2026-01-26,960.71
TX-0018776,CUST-01452,2025-12-01,1129.83
TX-0018777,CUST-01452,2025-11-07,1280.56
TX-0018778,CUST-01452,2025-12-27,924.96
TX-0018779,CUST-01452,2025-12-27,1022.99
TX-0018780,CUST-01453,2026-06-01,1179.88
TX-0018781,CUST-01453,2026-01-04,901.44
TX-0018782,CUST-01453,2025-10-16,1081.68
TX-0018783,CUST-01453,2025-11-08,1432.19
TX-0018784,CUST-01454,2026-07-02,1224.39
TX-0018785,CUST-01454,2026-05-31,1182.19
TX-0018786,CUST-01454,2025-12-06,1378.88
TX-0018787,CUST-01454,2025-10-23,1032.41
TX-0018788,CUST-01454,2025-11-26,1046.31
TX-0018789,CUST-01455,2026-06-12,944.81
TX-0018790,CUST-01455,2025-12-22,927.92
TX-0018791,CUST-01455,2026-03-10,976.3
TX-0018792,CUST-01456,2026-05-23,988.55
TX-0018793,CUST-01456,2025-09-28,922.92
TX-0018794,CUST-01456,2026-01-31,1393.69
TX-0018795,CUST-01457,2026-06-21,938.98
TX-0018796,CUST-01457,2025-10-08,1124.95
TX-0018797,CUST-01457,2026-02-04,1003.45
TX-0018798,CUST-01457,2025-08-28,1123.81
TX-0018799,CUST-01457,2026-03-03,1196.29
TX-0018800,CUST-01458,2026-06-15,1187.3
TX-0018801,CUST-01458,2025-12-12,944.37
TX-0018802,CUST-01458,2026-05-16,1432.78
TX-0018803,CUST-01458,2026-03-15,1316.86
TX-0018804,CUST-01458,2025-11-25,1447.92
TX-0018805,CUST-01458,2026-01-13,1224.9
TX-0018806,CUST-01459,2026-06-30,997.36
TX-0018807,CUST-01459,2025-11-24,1299.72
TX-0018808,CUST-01459,2026-06-10,1140.42
TX-0018809,CUST-01460,2026-07-02,1135.58
TX-0018810,CUST-01460,2026-06-02,1256.73
TX-0018811,CUST-01460,2025-12-21,1002.54
TX-0018812,CUST-01461,2026-06-29,1382.51
TX-0018813,CUST-01461,2026-02-27,1370.4
TX-0018814,CUST-01461,2025-11-25,1310.48
TX-0018815,CUST-01461,2026-02-13,1165.16
TX-0018816,CUST-01461,2026-02-13,1035.57
TX-0018817,CUST-01462,2026-06-27,1416.09
TX-0018818,CUST-01462,2026-06-08,1197.71
TX-0018819,CUST-01462,2025-12-03,901.83
TX-0018820,CUST-01462,2026-01-13,1054.99
TX-0018821,CUST-01462,2026-02-20,1156.42
TX-0018822,CUST-01463,2026-06-03,1320.29
TX-0018823,CUST-01463,2025-10-01,1437.78
TX-0018824,CUST-01463,2026-01-26,1040.85
TX-0018825,CUST-01463,2025-11-12,1433.9
TX-0018826,CUST-01464,2026-06-26,1379.67
TX-0018827,CUST-01464,2026-02-10,1464.13
TX-0018828,CUST-01464,2025-12-10,998.56
TX-0018829,CUST-01464,2026-05-09,1056.52
TX-0018830,CUST-01465,2026-06-02,914.25
TX-0018831,CUST-01465,2025-09-14,1095.8
TX-0018832,CUST-01465,2025-08-12,1040.14
TX-0018833,CUST-01465,2026-01-18,1361.09
TX-0018834,CUST-01466,2026-05-24,1210.97
TX-0018835,CUST-01466,2026-03-03,1265.42
TX-0018836,CUST-01466,2025-12-14,1312.96
TX-0018837,CUST-01466,2025-11-04,964.22
TX-0018838,CUST-01466,2026-05-03,1396.07
TX-0018839,CUST-01467,2026-06-29,1079.08
TX-0018840,CUST-01467,2025-12-13,1172.58
TX-0018841,CUST-01467,2025-12-11,973.02
TX-0018842,CUST-01467,2026-05-21,1214.17
TX-0018843,CUST-01467,2026-05-14,1415.74
TX-0018844,CUST-01468,2026-06-07,1386.52
TX-0018845,CUST-01468,2026-02-24,1332.6
TX-0018846,CUST-01468,2025-10-03,1105.08
TX-0018847,CUST-01468,2025-12-21,983.68
TX-0018848,CUST-01468,2025-09-11,1430.78
TX-0018849,CUST-01469,2026-05-25,1493.56
TX-0018850,CUST-01469,2026-02-13,1257.7
TX-0018851,CUST-01469,2025-12-15,1378.4
TX-0018852,CUST-01469,2025-11-24,966.08
TX-0018853,CUST-01469,2025-09-29,1387.34
TX-0018854,CUST-01469,2025-08-13,1246.32
TX-0018855,CUST-01469,2026-01-20,1293.74
TX-0018856,CUST-01470,2026-06-05,994.78
TX-0018857,CUST-01470,2026-03-30,1086.66
TX-0018858,CUST-01470,2025-11-11,1399.93
TX-0018859,CUST-01470,2025-12-08,1291.24
TX-0018860,CUST-01470,2025-12-04,951.44
TX-0018861,CUST-01470,2025-08-16,1160.23
TX-0018862,CUST-01470,2025-09-10,1116.98
TX-0018863,CUST-01471,2026-06-14,1114.53
TX-0018864,CUST-01471,2025-10-18,1117.65
TX-0018865,CUST-01471,2026-02-04,1364.02
TX-0018866,CUST-01471,2026-05-01,1173.04
TX-0018867,CUST-01472,2026-06-06,1424.3
TX-0018868,CUST-01472,2026-01-16,1007.25
TX-0018869,CUST-01472,2026-02-12,973.74
TX-0018870,CUST-01472,2026-01-26,1484.57
TX-0018871,CUST-01472,2025-11-18,1319.88
TX-0018872,CUST-01472,2025-11-28,1134.2
TX-0018873,CUST-01472,2026-03-18,1077.09
TX-0018874,CUST-01473,2026-05-20,1326.65
TX-0018875,CUST-01473,2026-01-04,1386.26
TX-0018876,CUST-01473,2026-01-22,1294.51
TX-0018877,CUST-01473,2026-02-28,1072.79
TX-0018878,CUST-01473,2025-08-08,913.79
TX-0018879,CUST-01474,2026-05-20,1142.41
TX-0018880,CUST-01474,2025-09-10,1435.45
TX-0018881,CUST-01474,2025-07-27,992.21
TX-0018882,CUST-01474,2026-04-24,981.18
TX-0018883,CUST-01474,2025-08-08,1430.05
TX-0018884,CUST-01474,2026-03-21,940.88
TX-0018885,CUST-01474,2026-01-14,1011.33
TX-0018886,CUST-01475,2026-06-14,1041.55
TX-0018887,CUST-01475,2026-01-09,1383.43
TX-0018888,CUST-01475,2026-02-03,1475.91
TX-0018889,CUST-01475,2026-03-09,1458.65
TX-0018890,CUST-01476,2026-05-27,1431.61
TX-0018891,CUST-01476,2026-01-11,935.82
TX-0018892,CUST-01476,2025-09-17,1251.56
TX-0018893,CUST-01476,2025-09-02,922.96
TX-0018894,CUST-01476,2025-10-10,1045.03
TX-0018895,CUST-01476,2026-04-18,1378.25
TX-0018896,CUST-01476,2025-11-15,1195.4
TX-0018897,CUST-01477,2026-07-01,1433.8
TX-0018898,CUST-01477,2025-10-02,988.54
TX-0018899,CUST-01477,2025-10-23,1312.9
TX-0018900,CUST-01478,2026-06-18,1225.33
TX-0018901,CUST-01478,2025-11-14,1477.05
TX-0018902,CUST-01478,2025-09-13,987.78
TX-0018903,CUST-01479,2026-06-28,992.18
TX-0018904,CUST-01479,2025-09-22,1353.7
TX-0018905,CUST-01479,2026-04-29,938.75
TX-0018906,CUST-01480,2026-06-28,1480.13
TX-0018907,CUST-01480,2026-01-31,1084.96
TX-0018908,CUST-01480,2025-11-19,986.38
TX-0018909,CUST-01480,2026-03-15,1272.69
TX-0018910,CUST-01481,2026-06-07,1329.93
TX-0018911,CUST-01481,2025-09-08,972.47
TX-0018912,CUST-01481,2025-10-14,1142.88
TX-0018913,CUST-01481,2026-05-23,1044.6
TX-0018914,CUST-01482,2026-06-08,1173.44
TX-0018915,CUST-01482,2025-12-12,1420.55
TX-0018916,CUST-01482,2026-05-18,1428.03
TX-0018917,CUST-01482,2025-08-19,1433.64
TX-0018918,CUST-01482,2025-11-19,969.75
TX-0018919,CUST-01482,2025-10-05,1425.61
TX-0018920,CUST-01482,2025-09-10,1020.63
TX-0018921,CUST-01483,2026-05-25,1428.62
TX-0018922,CUST-01483,2025-12-17,1022.93
TX-0018923,CUST-01483,2026-01-18,1102.01
TX-0018924,CUST-01483,2025-12-21,1198.94
TX-0018925,CUST-01483,2025-08-30,1424.61
TX-0018926,CUST-01483,2026-01-11,1005.4
TX-0018927,CUST-01483,2025-12-04,1220.42
TX-0018928,CUST-01484,2026-06-27,1328.83
TX-0018929,CUST-01484,2025-11-15,1287.58
TX-0018930,CUST-01484,2026-03-26,1108.9
TX-0018931,CUST-01484,2026-03-13,1433.02
TX-0018932,CUST-01484,2026-03-12,1166.45
TX-0018933,CUST-01485,2026-06-04,1414.37
TX-0018934,CUST-01485,2025-09-18,1319.38
TX-0018935,CUST-01485,2026-02-23,1277.25
TX-0018936,CUST-01485,2025-10-27,1285.21
TX-0018937,CUST-01485,2026-01-23,921.67
TX-0018938,CUST-01485,2025-09-26,1119.92
TX-0018939,CUST-01485,2025-12-27,1470.09
TX-0018940,CUST-01486,2026-06-12,964.76
TX-0018941,CUST-01486,2025-11-01,1080.85
TX-0018942,CUST-01486,2025-12-31,1170.67
TX-0018943,CUST-01486,2025-12-24,903.07
TX-0018944,CUST-01486,2025-09-04,1442.42
TX-0018945,CUST-01486,2026-05-01,1454.25
TX-0018946,CUST-01487,2026-06-14,1325.12
TX-0018947,CUST-01487,2025-10-05,1207.05
TX-0018948,CUST-01487,2026-01-24,946.28
TX-0018949,CUST-01487,2026-04-13,1042.94
TX-0018950,CUST-01487,2025-10-04,1437.55
TX-0018951,CUST-01488,2026-06-03,1239.86
TX-0018952,CUST-01488,2025-08-12,950.82
TX-0018953,CUST-01488,2026-03-24,1186.66
TX-0018954,CUST-01489,2026-06-28,1067.06
TX-0018955,CUST-01489,2025-09-30,1018.36
TX-0018956,CUST-01489,2026-02-08,1206.98
TX-0018957,CUST-01489,2025-10-26,1206.21
TX-0018958,CUST-01489,2025-11-18,922.93
TX-0018959,CUST-01489,2025-11-14,920.44
TX-0018960,CUST-01489,2026-02-08,1262.63
TX-0018961,CUST-01490,2026-06-05,1167.95
TX-0018962,CUST-01490,2026-03-23,903.72
TX-0018963,CUST-01490,2025-08-27,1070.21
TX-0018964,CUST-01491,2026-06-05,928.58
TX-0018965,CUST-01491,2026-03-02,1304.56
TX-0018966,CUST-01491,2026-04-03,1345.44
TX-0018967,CUST-01491,2025-09-18,1425.33
TX-0018968,CUST-01492,2026-06-20,1144.42
TX-0018969,CUST-01492,2026-05-15,1251.52
TX-0018970,CUST-01492,2025-10-23,1185.2
TX-0018971,CUST-01492,2025-12-31,1497.1
TX-0018972,CUST-01492,2025-12-06,1084.86
TX-0018973,CUST-01493,2026-06-07,990.46
TX-0018974,CUST-01493,2025-12-10,1461.47
TX-0018975,CUST-01493,2026-02-15,1311.03
TX-0018976,CUST-01493,2025-11-01,1275.18
TX-0018977,CUST-01493,2026-04-26,1332.97
TX-0018978,CUST-01493,2025-12-06,1087.09
TX-0018979,CUST-01494,2026-06-16,1386.05
TX-0018980,CUST-01494,2026-05-05,1416.16
TX-0018981,CUST-01494,2025-10-06,980.56
TX-0018982,CUST-01494,2025-10-13,1438.8
TX-0018983,CUST-01494,2026-03-09,958.38
TX-0018984,CUST-01494,2025-08-21,902.73
TX-0018985,CUST-01494,2026-04-28,1405.44
TX-0018986,CUST-01495,2026-06-08,1102.86
TX-0018987,CUST-01495,2025-08-25,1116.51
TX-0018988,CUST-01495,2025-12-24,1404.23
TX-0018989,CUST-01495,2025-11-03,1260.31
TX-0018990,CUST-01495,2026-01-30,1286.63
TX-0018991,CUST-01495,2025-11-11,928.7
TX-0018992,CUST-01496,2026-06-12,1008.75
TX-0018993,CUST-01496,2025-09-08,1006.07
TX-0018994,CUST-01496,2025-09-30,1136.71
TX-0018995,CUST-01497,2026-05-21,953.64
TX-0018996,CUST-01497,2026-03-12,1422.36
TX-0018997,CUST-01497,2026-05-04,949.98
TX-0018998,CUST-01497,2025-08-25,1387.27
TX-0018999,CUST-01497,2026-03-30,1376.01
TX-0019000,CUST-01498,2026-06-15,1365.66
TX-0019001,CUST-01498,2026-05-01,930.21
TX-0019002,CUST-01498,2026-02-23,1188.76
TX-0019003,CUST-01498,2026-03-01,1275.42
TX-0019004,CUST-01499,2026-05-26,1295.33
TX-0019005,CUST-01499,2026-03-03,991.06
TX-0019006,CUST-01499,2025-11-14,1377.1
TX-0019007,CUST-01499,2025-08-19,928.37
TX-0019008,CUST-01500,2026-06-12,1372.52
TX-0019009,CUST-01500,2026-01-02,1428.14
TX-0019010,CUST-01500,2025-11-25,1176.71
TX-0019011,CUST-01501,2026-06-19,1079.83
TX-0019012,CUST-01501,2026-04-10,1495.05
TX-0019013,CUST-01501,2025-10-06,1432.28
TX-0019014,CUST-01501,2026-02-25,1412.93
TX-0019015,CUST-01501,2025-09-12,938.7
TX-0019016,CUST-01501,2026-03-10,1445.18
TX-0019017,CUST-01502,2026-06-22,1122.34
TX-0019018,CUST-01502,2026-02-25,1039.46
TX-0019019,CUST-01502,2026-06-03,1163.06
TX-0019020,CUST-01502,2026-01-14,989.2
TX-0019021,CUST-01502,2025-09-16,1115.71
TX-0019022,CUST-01503,2026-06-17,1248.47
TX-0019023,CUST-01503,2025-11-22,1329.67
TX-0019024,CUST-01503,2026-03-28,1370.37
TX-0019025,CUST-01503,2025-11-24,1044.75
TX-0019026,CUST-01503,2025-10-27,1201.27
TX-0019027,CUST-01503,2026-01-21,944.43
TX-0019028,CUST-01503,2026-01-29,1436.69
TX-0019029,CUST-01504,2026-06-29,919.05
TX-0019030,CUST-01504,2025-09-09,1337.81
TX-0019031,CUST-01504,2025-11-28,1072.54
TX-0019032,CUST-01505,2026-05-23,915.01
TX-0019033,CUST-01505,2025-09-16,913.17
TX-0019034,CUST-01505,2026-01-31,1261.91
TX-0019035,CUST-01505,2026-03-27,908.5
TX-0019036,CUST-01505,2025-08-21,1480.66
TX-0019037,CUST-01505,2025-11-09,906.5
TX-0019038,CUST-01505,2025-10-17,1194.31
TX-0019039,CUST-01506,2026-06-26,917.21
TX-0019040,CUST-01506,2025-10-25,1122.55
TX-0019041,CUST-01506,2026-06-06,1042.82
TX-0019042,CUST-01506,2025-09-05,946.87
TX-0019043,CUST-01506,2026-03-27,1331.93
TX-0019044,CUST-01506,2026-01-26,1389.89
TX-0019045,CUST-01506,2026-06-07,1028.55
TX-0019046,CUST-01507,2026-05-25,1027.86
TX-0019047,CUST-01507,2025-08-13,1045.65
TX-0019048,CUST-01507,2025-10-26,1478.2
TX-0019049,CUST-01507,2026-01-07,1401.15
TX-0019050,CUST-01507,2026-05-05,1405.46
TX-0019051,CUST-01507,2026-02-11,1007.27
TX-0019052,CUST-01507,2025-10-16,1119.92
TX-0019053,CUST-01508,2026-06-06,1342.08
TX-0019054,CUST-01508,2026-01-01,1229.29
TX-0019055,CUST-01508,2025-10-05,1383.31
TX-0019056,CUST-01508,2026-04-23,1163.46
TX-0019057,CUST-01508,2026-04-15,909.64
TX-0019058,CUST-01509,2026-06-28,1440.91
TX-0019059,CUST-01509,2026-03-11,1128.09
TX-0019060,CUST-01509,2026-03-11,1064.08
TX-0019061,CUST-01509,2025-12-04,1322.08
TX-0019062,CUST-01510,2026-06-30,1073.11
TX-0019063,CUST-01510,2025-11-11,1081.09
TX-0019064,CUST-01510,2026-04-24,1117.55
TX-0019065,CUST-01510,2025-09-27,1000.95
TX-0019066,CUST-01510,2025-12-14,1436.81
TX-0019067,CUST-01511,2026-05-19,1045.33
TX-0019068,CUST-01511,2025-10-06,1438.89
TX-0019069,CUST-01511,2025-11-24,1337.87
TX-0019070,CUST-01511,2025-11-26,1433.48
TX-0019071,CUST-01512,2026-06-03,1132.17
TX-0019072,CUST-01512,2025-10-20,1462.9
TX-0019073,CUST-01512,2025-08-19,1322.34
TX-0019074,CUST-01512,2026-04-29,1257.13
TX-0019075,CUST-01512,2025-11-07,956.79
TX-0019076,CUST-01512,2025-12-22,953.09
TX-0019077,CUST-01513,2026-05-22,1173.82
TX-0019078,CUST-01513,2025-11-23,1231.85
TX-0019079,CUST-01513,2025-11-04,1050.21
TX-0019080,CUST-01513,2026-04-28,1091.71
TX-0019081,CUST-01513,2025-12-21,1239.79
TX-0019082,CUST-01513,2025-11-16,1454.19
TX-0019083,CUST-01514,2026-06-17,1453.53
TX-0019084,CUST-01514,2025-12-16,1330.7
TX-0019085,CUST-01514,2026-02-08,1097.01
TX-0019086,CUST-01514,2026-02-04,1427.27
TX-0019087,CUST-01514,2025-12-18,1162.61
TX-0019088,CUST-01514,2026-03-23,1213.84
TX-0019089,CUST-01515,2026-06-26,1249.23
TX-0019090,CUST-01515,2025-12-05,1494.9
TX-0019091,CUST-01515,2025-09-08,1268.28
TX-0019092,CUST-01516,2026-06-16,1389.09
TX-0019093,CUST-01516,2026-01-30,1470.4
TX-0019094,CUST-01516,2025-09-26,1439.9
TX-0019095,CUST-01516,2026-04-20,1037.73
TX-0019096,CUST-01516,2026-04-17,926.38
TX-0019097,CUST-01516,2025-11-01,1295.58
TX-0019098,CUST-01516,2025-09-08,1496.31
TX-0019099,CUST-01517,2026-06-06,1398.61
TX-0019100,CUST-01517,2025-09-04,1211.33
TX-0019101,CUST-01517,2026-01-14,1284.19
TX-0019102,CUST-01517,2025-11-05,913.62
TX-0019103,CUST-01517,2025-10-08,1294.49
TX-0019104,CUST-01517,2025-10-24,1002.03
TX-0019105,CUST-01517,2025-11-22,1259.68
TX-0019106,CUST-01518,2026-07-02,1402.49
TX-0019107,CUST-01518,2025-09-27,1052.05
TX-0019108,CUST-01518,2025-10-28,1009.26
TX-0019109,CUST-01518,2026-01-03,1136.53
TX-0019110,CUST-01518,2026-01-28,1382.96
TX-0019111,CUST-01518,2026-02-06,1440.65
TX-0019112,CUST-01519,2026-07-03,1426.51
TX-0019113,CUST-01519,2025-11-20,1472.58
TX-0019114,CUST-01519,2026-01-11,1060.73
TX-0019115,CUST-01519,2026-04-30,1199.37
TX-0019116,CUST-01519,2026-03-20,1440.6
TX-0019117,CUST-01519,2026-03-21,1203.04
TX-0019118,CUST-01519,2025-10-28,1497.33
TX-0019119,CUST-01520,2026-06-13,1497.36
TX-0019120,CUST-01520,2025-12-01,1120.36
TX-0019121,CUST-01520,2026-04-19,1063.76
TX-0019122,CUST-01520,2026-03-10,1270.21
TX-0019123,CUST-01520,2026-05-17,997.62
TX-0019124,CUST-01521,2026-06-26,1224.56
TX-0019125,CUST-01521,2026-03-29,1406.51
TX-0019126,CUST-01521,2026-02-14,1217.56
TX-0019127,CUST-01521,2025-10-31,1474.53
TX-0019128,CUST-01521,2026-01-22,1344.0
TX-0019129,CUST-01521,2025-12-10,904.92
TX-0019130,CUST-01521,2026-03-03,1169.05
TX-0019131,CUST-01522,2026-06-21,1470.65
TX-0019132,CUST-01522,2026-01-11,1092.27
TX-0019133,CUST-01522,2025-12-26,996.47
TX-0019134,CUST-01522,2025-10-14,1494.35
TX-0019135,CUST-01522,2026-03-14,1368.04
TX-0019136,CUST-01522,2026-04-28,1230.42
TX-0019137,CUST-01523,2026-06-11,1280.06
TX-0019138,CUST-01523,2026-02-22,1301.17
TX-0019139,CUST-01523,2025-10-09,1044.05
TX-0019140,CUST-01523,2025-11-04,1478.81
TX-0019141,CUST-01523,2026-03-27,974.46
TX-0019142,CUST-01524,2026-05-26,1177.95
TX-0019143,CUST-01524,2025-12-17,1194.14
TX-0019144,CUST-01524,2026-02-10,927.85
TX-0019145,CUST-01524,2025-09-14,1016.16
TX-0019146,CUST-01524,2025-10-06,1034.64
TX-0019147,CUST-01524,2025-11-13,1495.6
TX-0019148,CUST-01524,2025-09-29,1409.15
TX-0019149,CUST-01525,2026-06-26,1331.34
TX-0019150,CUST-01525,2025-09-27,1179.71
TX-0019151,CUST-01525,2025-09-23,1155.92
TX-0019152,CUST-01525,2026-04-02,957.49
TX-0019153,CUST-01525,2025-12-24,963.34
TX-0019154,CUST-01525,2025-09-02,1293.23
TX-0019155,CUST-01525,2025-08-31,1305.12
TX-0019156,CUST-01526,2026-06-08,982.72
TX-0019157,CUST-01526,2026-03-11,1113.83
TX-0019158,CUST-01526,2026-04-13,1241.82
TX-0019159,CUST-01526,2026-05-04,1369.86
TX-0019160,CUST-01527,2026-06-03,1161.36
TX-0019161,CUST-01527,2025-11-25,1003.64
TX-0019162,CUST-01527,2025-11-18,1282.67
TX-0019163,CUST-01528,2026-06-14,1295.57
TX-0019164,CUST-01528,2026-03-04,1127.12
TX-0019165,CUST-01528,2025-10-11,1001.0
TX-0019166,CUST-01529,2026-06-11,1340.09
TX-0019167,CUST-01529,2026-03-06,928.24
TX-0019168,CUST-01529,2025-09-28,1411.71
TX-0019169,CUST-01529,2026-01-16,909.57
TX-0019170,CUST-01529,2025-09-10,980.02
TX-0019171,CUST-01530,2026-05-21,1361.13
TX-0019172,CUST-01530,2025-12-04,1429.67
TX-0019173,CUST-01530,2025-10-11,1092.18
TX-0019174,CUST-01531,2026-06-08,1404.95
TX-0019175,CUST-01531,2025-11-20,1152.05
TX-0019176,CUST-01531,2025-10-29,1471.05
TX-0019177,CUST-01532,2026-06-06,950.01
TX-0019178,CUST-01532,2025-09-15,1178.01
TX-0019179,CUST-01532,2025-10-30,1007.5
TX-0019180,CUST-01532,2025-09-05,1040.99
TX-0019181,CUST-01532,2026-04-08,1327.79
TX-0019182,CUST-01532,2026-05-05,1020.51
TX-0019183,CUST-01532,2026-03-27,1091.91
TX-0019184,CUST-01533,2026-05-29,1390.13
TX-0019185,CUST-01533,2026-03-04,1373.17
TX-0019186,CUST-01533,2025-10-19,1495.32
TX-0019187,CUST-01533,2025-11-03,1282.46
TX-0019188,CUST-01533,2025-12-02,1260.92
TX-0019189,CUST-01533,2026-04-13,1207.93
TX-0019190,CUST-01533,2025-08-20,1410.89
TX-0019191,CUST-01534,2026-07-03,1260.33
TX-0019192,CUST-01534,2026-05-13,1408.21
TX-0019193,CUST-01534,2026-01-02,1084.4
TX-0019194,CUST-01535,2026-05-24,1179.28
TX-0019195,CUST-01535,2026-02-02,1471.82
TX-0019196,CUST-01535,2026-02-26,1150.56
TX-0019197,CUST-01535,2025-11-20,1461.28
TX-0019198,CUST-01536,2026-06-13,955.16
TX-0019199,CUST-01536,2025-09-19,1474.82
TX-0019200,CUST-01536,2025-12-21,1479.5
TX-0019201,CUST-01536,2025-10-22,1420.05
TX-0019202,CUST-01537,2026-06-06,1188.15
TX-0019203,CUST-01537,2026-01-08,999.61
TX-0019204,CUST-01537,2026-03-25,1172.14
TX-0019205,CUST-01537,2025-09-30,1493.27
TX-0019206,CUST-01538,2026-06-16,1477.31
TX-0019207,CUST-01538,2025-10-09,911.41
TX-0019208,CUST-01538,2026-01-06,1020.08
TX-0019209,CUST-01538,2026-04-22,1269.17
TX-0019210,CUST-01538,2025-09-05,1425.99
TX-0019211,CUST-01538,2025-09-28,1419.95
TX-0019212,CUST-01538,2026-02-17,1200.7
TX-0019213,CUST-01539,2026-05-26,1232.31
TX-0019214,CUST-01539,2026-04-01,1082.03
TX-0019215,CUST-01539,2025-09-23,1178.65
TX-0019216,CUST-01539,2025-08-01,1320.24
TX-0019217,CUST-01540,2026-05-24,1273.25
TX-0019218,CUST-01540,2026-02-13,1407.49
TX-0019219,CUST-01540,2025-08-01,1470.44
TX-0019220,CUST-01540,2026-03-24,1308.85
TX-0019221,CUST-01540,2026-03-24,1161.13
TX-0019222,CUST-01540,2026-02-17,994.64
TX-0019223,CUST-01540,2025-12-14,1251.23
TX-0019224,CUST-01541,2026-06-18,1068.6
TX-0019225,CUST-01541,2025-11-25,900.35
TX-0019226,CUST-01541,2025-09-27,1360.34
TX-0019227,CUST-01541,2026-04-19,1051.5
TX-0019228,CUST-01541,2025-09-14,1041.21
TX-0019229,CUST-01542,2026-06-18,1387.47
TX-0019230,CUST-01542,2026-01-16,1290.13
TX-0019231,CUST-01542,2025-09-20,987.6
TX-0019232,CUST-01542,2026-04-12,1408.24
TX-0019233,CUST-01542,2026-05-27,1049.91
TX-0019234,CUST-01542,2026-04-02,902.14
TX-0019235,CUST-01543,2026-05-22,1343.07
TX-0019236,CUST-01543,2025-12-14,1108.57
TX-0019237,CUST-01543,2026-05-05,1371.35
TX-0019238,CUST-01543,2026-01-07,959.62
TX-0019239,CUST-01543,2025-12-27,1404.09
TX-0019240,CUST-01543,2025-11-21,1046.57
TX-0019241,CUST-01544,2026-06-16,1303.9
TX-0019242,CUST-01544,2025-11-25,1177.62
TX-0019243,CUST-01544,2025-11-15,1160.25
TX-0019244,CUST-01544,2026-02-02,1191.62
TX-0019245,CUST-01544,2026-04-28,1107.99
TX-0019246,CUST-01544,2026-03-20,1089.63
TX-0019247,CUST-01544,2026-03-22,1186.66
TX-0019248,CUST-01545,2026-06-16,1278.68
TX-0019249,CUST-01545,2025-12-17,1497.69
TX-0019250,CUST-01545,2026-01-27,1269.1
TX-0019251,CUST-01545,2025-11-04,958.82
TX-0019252,CUST-01546,2026-05-31,1205.34
TX-0019253,CUST-01546,2025-10-07,1419.93
TX-0019254,CUST-01546,2025-08-13,1038.22
TX-0019255,CUST-01546,2026-05-04,1457.21
TX-0019256,CUST-01546,2025-11-06,1343.47
TX-0019257,CUST-01546,2025-10-29,1183.42
TX-0019258,CUST-01547,2026-06-17,913.18
TX-0019259,CUST-01547,2025-10-17,1224.36
TX-0019260,CUST-01547,2026-05-08,944.3
TX-0019261,CUST-01547,2026-03-22,1335.12
TX-0019262,CUST-01547,2026-02-11,1352.84
TX-0019263,CUST-01548,2026-05-24,1304.85
TX-0019264,CUST-01548,2025-10-18,1467.07
TX-0019265,CUST-01548,2025-10-26,1222.45
TX-0019266,CUST-01548,2025-11-04,1420.84
TX-0019267,CUST-01549,2026-05-20,1361.96
TX-0019268,CUST-01549,2025-08-10,1222.05
TX-0019269,CUST-01549,2025-12-06,1289.22
TX-0019270,CUST-01549,2025-12-15,1320.33
TX-0019271,CUST-01549,2025-12-01,1011.28
TX-0019272,CUST-01549,2026-04-09,1049.05
TX-0019273,CUST-01550,2026-06-11,1154.09
TX-0019274,CUST-01550,2026-03-30,988.28
TX-0019275,CUST-01550,2025-12-14,987.74
TX-0019276,CUST-01550,2025-09-29,1225.35
TX-0019277,CUST-01550,2025-09-10,1368.26
TX-0019278,CUST-01550,2026-05-24,1071.38
TX-0019279,CUST-01551,2026-05-26,902.03
TX-0019280,CUST-01551,2026-02-25,919.21
TX-0019281,CUST-01551,2025-12-14,954.49
TX-0019282,CUST-01552,2026-06-15,1209.71
TX-0019283,CUST-01552,2026-05-31,1047.21
TX-0019284,CUST-01552,2025-10-04,1205.78
TX-0019285,CUST-01552,2025-09-05,1110.48
TX-0019286,CUST-01552,2025-12-21,1303.57
TX-0019287,CUST-01552,2025-10-02,1235.28
TX-0019288,CUST-01553,2026-05-22,1145.97
TX-0019289,CUST-01553,2026-01-27,1415.31
TX-0019290,CUST-01553,2025-12-06,1282.49
TX-0019291,CUST-01553,2025-08-05,1375.3
TX-0019292,CUST-01553,2026-01-14,1207.76
TX-0019293,CUST-01553,2025-11-08,1143.65
TX-0019294,CUST-01554,2026-06-28,1144.27
TX-0019295,CUST-01554,2025-11-27,1068.89
TX-0019296,CUST-01554,2025-12-02,1301.52
TX-0019297,CUST-01555,2026-06-30,947.67
TX-0019298,CUST-01555,2026-03-09,1180.54
TX-0019299,CUST-01555,2026-02-22,1216.46
TX-0019300,CUST-01555,2025-09-18,971.74
TX-0019301,CUST-01555,2026-01-26,1294.21
TX-0019302,CUST-01555,2025-10-20,1088.27
TX-0019303,CUST-01555,2025-12-12,1059.4
TX-0019304,CUST-01556,2026-06-07,1444.37
TX-0019305,CUST-01556,2026-03-13,915.04
TX-0019306,CUST-01556,2026-03-07,1461.44
TX-0019307,CUST-01556,2025-12-01,988.23
TX-0019308,CUST-01557,2026-06-15,1291.59
TX-0019309,CUST-01557,2026-01-22,1267.06
TX-0019310,CUST-01557,2025-09-02,1276.06
TX-0019311,CUST-01558,2026-05-21,1193.89
TX-0019312,CUST-01558,2026-01-15,1478.38
TX-0019313,CUST-01558,2025-08-22,976.89
TX-0019314,CUST-01558,2025-08-09,1468.97
TX-0019315,CUST-01558,2025-08-05,1472.08
TX-0019316,CUST-01559,2026-06-30,1402.9
TX-0019317,CUST-01559,2026-01-02,1088.22
TX-0019318,CUST-01559,2025-12-03,1254.34
TX-0019319,CUST-01560,2026-06-22,1411.35
TX-0019320,CUST-01560,2026-05-02,1488.73
TX-0019321,CUST-01560,2026-04-06,941.85
TX-0019322,CUST-01560,2026-05-04,1253.16
TX-0019323,CUST-01560,2025-12-06,951.79
TX-0019324,CUST-01560,2025-12-10,1331.69
TX-0019325,CUST-01561,2026-06-06,1353.75
TX-0019326,CUST-01561,2026-03-30,968.18
TX-0019327,CUST-01561,2026-02-26,1384.58
TX-0019328,CUST-01561,2026-03-15,953.01
TX-0019329,CUST-01561,2026-03-02,1272.7
TX-0019330,CUST-01562,2026-05-21,1188.53
TX-0019331,CUST-01562,2025-12-23,1402.31
TX-0019332,CUST-01562,2026-02-19,1161.51
TX-0019333,CUST-01562,2025-08-13,910.95
TX-0019334,CUST-01563,2026-06-01,1416.03
TX-0019335,CUST-01563,2026-02-05,953.14
TX-0019336,CUST-01563,2026-02-05,1369.34
TX-0019337,CUST-01563,2025-09-28,1365.64
TX-0019338,CUST-01564,2026-06-09,1042.67
TX-0019339,CUST-01564,2026-05-23,1150.04
TX-0019340,CUST-01564,2026-02-05,1044.62
TX-0019341,CUST-01564,2026-02-09,1195.01
TX-0019342,CUST-01564,2025-11-08,1187.24
TX-0019343,CUST-01564,2026-01-10,1484.68
TX-0019344,CUST-01565,2026-06-01,1142.37
TX-0019345,CUST-01565,2026-01-11,1250.16
TX-0019346,CUST-01565,2025-11-22,1159.06
TX-0019347,CUST-01566,2026-06-23,1303.63
TX-0019348,CUST-01566,2026-01-11,1115.07
TX-0019349,CUST-01566,2025-10-25,1069.99
TX-0019350,CUST-01566,2026-04-08,1117.69
TX-0019351,CUST-01567,2026-05-29,1357.86
TX-0019352,CUST-01567,2025-09-30,1283.23
TX-0019353,CUST-01567,2026-02-22,1495.1
TX-0019354,CUST-01567,2026-01-24,1287.4
TX-0019355,CUST-01568,2026-06-27,1352.22
TX-0019356,CUST-01568,2025-10-19,1200.02
TX-0019357,CUST-01568,2026-05-23,1040.08
TX-0019358,CUST-01568,2025-10-24,974.71
TX-0019359,CUST-01568,2025-10-09,1150.82
TX-0019360,CUST-01568,2025-10-23,1380.86
TX-0019361,CUST-01568,2026-03-23,1277.94
TX-0019362,CUST-01569,2026-07-03,1411.92
TX-0019363,CUST-01569,2026-03-16,1332.82
TX-0019364,CUST-01569,2025-10-29,1386.36
TX-0019365,CUST-01570,2026-07-01,1037.43
TX-0019366,CUST-01570,2025-09-21,1099.38
TX-0019367,CUST-01570,2025-09-16,1404.35
TX-0019368,CUST-01570,2026-02-21,1285.85
TX-0019369,CUST-01571,2026-06-23,1419.65
TX-0019370,CUST-01571,2025-12-17,993.67
TX-0019371,CUST-01571,2026-05-12,1279.41
TX-0019372,CUST-01571,2026-03-06,1406.79
TX-0019373,CUST-01571,2025-09-18,1139.96
TX-0019374,CUST-01572,2026-06-18,1134.47
TX-0019375,CUST-01572,2026-02-10,1091.33
TX-0019376,CUST-01572,2026-05-28,1050.07
TX-0019377,CUST-01572,2026-01-02,1002.1
TX-0019378,CUST-01572,2026-03-19,1073.24
TX-0019379,CUST-01572,2025-10-21,1415.35
TX-0019380,CUST-01573,2026-06-24,1415.61
TX-0019381,CUST-01573,2025-10-19,1178.27
TX-0019382,CUST-01573,2026-05-04,1334.71
TX-0019383,CUST-01573,2026-03-11,910.66
TX-0019384,CUST-01573,2026-04-02,1325.79
TX-0019385,CUST-01573,2025-12-19,1176.82
TX-0019386,CUST-01574,2026-06-17,1336.35
TX-0019387,CUST-01574,2026-05-04,1155.35
TX-0019388,CUST-01574,2026-05-18,1425.65
TX-0019389,CUST-01574,2026-01-04,1490.79
TX-0019390,CUST-01574,2025-12-04,1360.92
TX-0019391,CUST-01574,2025-09-18,1203.61
TX-0019392,CUST-01574,2026-03-27,1447.24
TX-0019393,CUST-01575,2026-06-06,1229.14
TX-0019394,CUST-01575,2026-05-07,1309.25
TX-0019395,CUST-01575,2025-12-28,935.03
TX-0019396,CUST-01575,2026-04-28,1296.26
TX-0019397,CUST-01575,2026-05-21,1032.21
TX-0019398,CUST-01575,2025-11-21,993.59
TX-0019399,CUST-01576,2026-06-18,947.82
TX-0019400,CUST-01576,2025-09-18,1114.44
TX-0019401,CUST-01576,2025-12-09,1355.74
TX-0019402,CUST-01576,2025-10-01,1341.68
TX-0019403,CUST-01576,2025-11-13,1479.13
TX-0019404,CUST-01577,2026-06-01,1153.24
TX-0019405,CUST-01577,2025-10-17,1081.23
TX-0019406,CUST-01577,2026-04-27,1177.13
TX-0019407,CUST-01577,2025-10-11,1290.16
TX-0019408,CUST-01578,2026-06-01,1276.55
TX-0019409,CUST-01578,2025-12-30,1339.86
TX-0019410,CUST-01578,2026-04-03,1094.2
TX-0019411,CUST-01578,2025-09-04,1236.72
TX-0019412,CUST-01578,2026-05-13,1447.38
TX-0019413,CUST-01578,2026-02-01,1043.69
TX-0019414,CUST-01579,2026-06-29,1016.24
TX-0019415,CUST-01579,2025-12-07,1237.16
TX-0019416,CUST-01579,2025-09-04,1049.39
TX-0019417,CUST-01579,2026-04-28,1341.0
TX-0019418,CUST-01579,2025-11-17,1133.02
TX-0019419,CUST-01579,2026-01-02,1029.67
TX-0019420,CUST-01579,2025-10-03,1231.45
TX-0019421,CUST-01580,2026-06-14,1336.02
TX-0019422,CUST-01580,2026-05-16,1231.42
TX-0019423,CUST-01580,2025-09-15,1456.4
TX-0019424,CUST-01580,2025-10-12,1242.67
TX-0019425,CUST-01581,2026-07-03,1351.15
TX-0019426,CUST-01581,2025-09-19,1229.43
TX-0019427,CUST-01581,2025-10-24,1246.65
TX-0019428,CUST-01582,2026-07-01,1388.95
TX-0019429,CUST-01582,2026-04-04,1379.56
TX-0019430,CUST-01582,2026-05-19,1310.29
TX-0019431,CUST-01583,2026-07-01,1253.95
TX-0019432,CUST-01583,2026-05-27,1433.61
TX-0019433,CUST-01583,2026-04-06,907.9
TX-0019434,CUST-01583,2026-05-27,1025.14
TX-0019435,CUST-01583,2025-09-29,1026.85
TX-0019436,CUST-01584,2026-06-15,1373.81
TX-0019437,CUST-01584,2025-12-23,1387.93
TX-0019438,CUST-01584,2026-05-29,905.64
TX-0019439,CUST-01584,2026-04-18,1493.41
TX-0019440,CUST-01584,2026-01-01,938.22
TX-0019441,CUST-01584,2026-05-25,916.09
TX-0019442,CUST-01585,2026-05-27,1214.7
TX-0019443,CUST-01585,2025-08-28,1123.03
TX-0019444,CUST-01585,2025-11-21,1321.41
TX-0019445,CUST-01585,2026-05-06,1439.35
TX-0019446,CUST-01586,2026-06-11,1014.55
TX-0019447,CUST-01586,2026-03-04,1086.48
TX-0019448,CUST-01586,2026-05-09,1133.74
TX-0019449,CUST-01586,2026-02-17,1328.85
TX-0019450,CUST-01587,2026-06-11,1028.26
TX-0019451,CUST-01587,2025-11-18,1138.73
TX-0019452,CUST-01587,2026-05-10,1211.69
TX-0019453,CUST-01588,2026-06-07,1384.6
TX-0019454,CUST-01588,2026-03-31,954.13
TX-0019455,CUST-01588,2026-05-06,958.97
TX-0019456,CUST-01588,2026-03-13,1292.56
TX-0019457,CUST-01588,2025-08-25,946.25
TX-0019458,CUST-01588,2026-05-21,1183.31
TX-0019459,CUST-01589,2026-06-25,994.05
TX-0019460,CUST-01589,2026-01-27,1293.55
TX-0019461,CUST-01589,2025-12-10,973.14
TX-0019462,CUST-01589,2026-06-05,1037.88
TX-0019463,CUST-01590,2026-06-17,1361.15
TX-0019464,CUST-01590,2025-08-24,1102.3
TX-0019465,CUST-01590,2026-01-23,1479.26
TX-0019466,CUST-01590,2026-01-24,1128.2
TX-0019467,CUST-01591,2026-06-09,1341.71
TX-0019468,CUST-01591,2025-09-08,1228.71
TX-0019469,CUST-01591,2025-12-05,1483.69
TX-0019470,CUST-01591,2026-04-30,991.74
TX-0019471,CUST-01591,2026-02-16,1152.61
TX-0019472,CUST-01591,2026-03-30,1490.82
TX-0019473,CUST-01591,2026-05-02,966.99
TX-0019474,CUST-01592,2026-06-06,1001.55
TX-0019475,CUST-01592,2025-11-05,1310.9
TX-0019476,CUST-01592,2026-02-09,1407.72
TX-0019477,CUST-01592,2025-12-21,1349.17
TX-0019478,CUST-01592,2026-01-08,1406.99
TX-0019479,CUST-01593,2026-07-03,1248.66
TX-0019480,CUST-01593,2026-06-12,1263.08
TX-0019481,CUST-01593,2026-04-09,929.77
TX-0019482,CUST-01594,2026-06-04,1208.21
TX-0019483,CUST-01594,2025-11-13,1292.17
TX-0019484,CUST-01594,2026-03-21,1007.79
TX-0019485,CUST-01594,2026-03-31,1486.75
TX-0019486,CUST-01594,2026-04-18,1499.65
TX-0019487,CUST-01595,2026-05-25,1277.59
TX-0019488,CUST-01595,2026-02-26,1103.87
TX-0019489,CUST-01595,2025-09-05,1446.04
TX-0019490,CUST-01595,2026-01-24,1333.13
TX-0019491,CUST-01595,2025-10-20,1195.89
TX-0019492,CUST-01595,2025-08-20,946.7
TX-0019493,CUST-01596,2026-05-19,1197.24
TX-0019494,CUST-01596,2026-04-30,1120.28
TX-0019495,CUST-01596,2025-11-15,1365.68
TX-0019496,CUST-01596,2025-10-07,1276.83
TX-0019497,CUST-01596,2026-03-30,944.84
TX-0019498,CUST-01596,2026-02-26,956.5
TX-0019499,CUST-01597,2026-06-28,976.67
TX-0019500,CUST-01597,2026-01-21,1480.32
TX-0019501,CUST-01597,2026-05-12,1417.34
TX-0019502,CUST-01597,2025-09-17,1244.78
TX-0019503,CUST-01597,2025-10-19,1280.42
TX-0019504,CUST-01597,2026-01-13,1361.3
TX-0019505,CUST-01597,2025-11-17,1056.11
TX-0019506,CUST-01598,2026-06-11,1286.19
TX-0019507,CUST-01598,2026-03-07,1021.25
TX-0019508,CUST-01598,2026-03-01,1219.83
TX-0019509,CUST-01598,2026-02-11,1429.1
TX-0019510,CUST-01598,2025-10-12,1081.23
TX-0019511,CUST-01598,2025-08-18,1313.09
TX-0019512,CUST-01598,2026-05-27,1099.58
TX-0019513,CUST-01599,2026-06-02,990.72
TX-0019514,CUST-01599,2025-10-31,1112.04
TX-0019515,CUST-01599,2026-05-18,913.88
TX-0019516,CUST-01599,2026-03-29,987.61
TX-0019517,CUST-01599,2026-04-19,1193.84
TX-0019518,CUST-01599,2025-09-10,1440.0
TX-0019519,CUST-01599,2026-04-24,1421.9
TX-0019520,CUST-01600,2026-06-26,1001.34
TX-0019521,CUST-01600,2026-06-11,1073.84
TX-0019522,CUST-01600,2026-04-17,1373.58
TX-0019523,CUST-01600,2026-05-21,1335.06
TX-0019524,CUST-01600,2026-03-17,932.6
TX-0019525,CUST-01600,2026-02-12,1001.24
TX-0019526,CUST-01601,2026-06-05,1221.88
TX-0019527,CUST-01601,2026-04-26,1267.76
TX-0019528,CUST-01601,2026-03-23,1312.65
TX-0019529,CUST-01601,2026-04-16,1175.82
TX-0019530,CUST-01601,2025-09-08,1178.04
TX-0019531,CUST-01601,2025-09-25,1181.23
TX-0019532,CUST-01601,2026-05-15,1144.08
TX-0019533,CUST-01602,2026-06-28,1271.87
TX-0019534,CUST-01602,2025-11-28,1330.17
TX-0019535,CUST-01602,2025-11-08,1293.77
TX-0019536,CUST-01602,2025-10-07,1426.41
TX-0019537,CUST-01603,2026-06-20,1009.45
TX-0019538,CUST-01603,2026-04-03,1455.89
TX-0019539,CUST-01603,2025-11-14,1482.59
TX-0019540,CUST-01603,2026-02-23,1198.17
TX-0019541,CUST-01604,2026-05-20,1254.22
TX-0019542,CUST-01604,2026-04-01,1198.04
TX-0019543,CUST-01604,2025-07-28,901.59
TX-0019544,CUST-01604,2026-03-12,992.08
TX-0019545,CUST-01604,2026-01-29,936.49
TX-0019546,CUST-01605,2026-05-21,1435.05
TX-0019547,CUST-01605,2025-08-04,1493.33
TX-0019548,CUST-01605,2026-04-26,1398.4
TX-0019549,CUST-01605,2025-08-14,1018.58
TX-0019550,CUST-01606,2026-05-31,1417.24
TX-0019551,CUST-01606,2026-02-15,1187.68
TX-0019552,CUST-01606,2025-10-24,1237.15
TX-0019553,CUST-01606,2026-05-09,1083.38
TX-0019554,CUST-01607,2026-06-20,1219.26
TX-0019555,CUST-01607,2025-11-04,1115.63
TX-0019556,CUST-01607,2026-04-16,1270.22
TX-0019557,CUST-01607,2026-02-06,1185.04
TX-0019558,CUST-01608,2026-05-22,1174.78
TX-0019559,CUST-01608,2026-02-01,1469.96
TX-0019560,CUST-01608,2025-12-20,1477.09
TX-0019561,CUST-01608,2026-04-04,1408.61
TX-0019562,CUST-01608,2025-08-27,1357.97
TX-0019563,CUST-01608,2026-04-11,1262.72
TX-0019564,CUST-01609,2026-06-09,1020.87
TX-0019565,CUST-01609,2025-12-19,1028.64
TX-0019566,CUST-01609,2026-02-17,920.5
TX-0019567,CUST-01610,2026-05-30,1249.29
TX-0019568,CUST-01610,2026-04-10,982.75
TX-0019569,CUST-01610,2026-03-07,939.93
TX-0019570,CUST-01610,2025-12-14,1423.86
TX-0019571,CUST-01610,2025-08-22,1113.61
TX-0019572,CUST-01611,2026-05-22,1179.44
TX-0019573,CUST-01611,2026-05-05,988.06
TX-0019574,CUST-01611,2025-12-17,1089.47
TX-0019575,CUST-01611,2026-05-01,921.21
TX-0019576,CUST-01612,2026-05-25,1292.72
TX-0019577,CUST-01612,2026-05-09,1025.0
TX-0019578,CUST-01612,2025-08-27,1312.79
TX-0019579,CUST-01612,2025-10-29,1101.7
TX-0019580,CUST-01612,2026-01-14,1075.53
TX-0019581,CUST-01612,2026-02-01,1398.36
TX-0019582,CUST-01613,2026-06-11,1021.03
TX-0019583,CUST-01613,2026-04-19,1077.95
TX-0019584,CUST-01613,2026-02-14,1141.89
TX-0019585,CUST-01613,2025-12-10,1478.5
TX-0019586,CUST-01613,2025-12-06,1057.16
TX-0019587,CUST-01614,2026-06-18,1123.53
TX-0019588,CUST-01614,2026-05-28,1305.05
TX-0019589,CUST-01614,2026-03-19,1477.84
TX-0019590,CUST-01614,2025-11-05,970.8
TX-0019591,CUST-01614,2026-02-15,1434.02
TX-0019592,CUST-01614,2025-10-07,1013.41
TX-0019593,CUST-01614,2026-04-29,1460.61
TX-0019594,CUST-01615,2026-06-01,1175.48
TX-0019595,CUST-01615,2025-10-06,1020.41
TX-0019596,CUST-01615,2025-12-20,1379.46
TX-0019597,CUST-01616,2026-06-12,992.0
TX-0019598,CUST-01616,2025-08-26,1113.24
TX-0019599,CUST-01616,2025-08-19,1341.33
TX-0019600,CUST-01616,2025-12-16,1159.97
TX-0019601,CUST-01616,2026-03-06,1320.97
TX-0019602,CUST-01616,2025-10-31,1246.38
TX-0019603,CUST-01617,2026-06-22,1271.26
TX-0019604,CUST-01617,2025-12-13,1227.15
TX-0019605,CUST-01617,2025-10-23,1292.07
TX-0019606,CUST-01617,2026-04-10,1198.06
TX-0019607,CUST-01618,2026-07-03,1101.96
TX-0019608,CUST-01618,2026-05-02,1260.83
TX-0019609,CUST-01618,2026-05-05,1375.42
TX-0019610,CUST-01618,2025-09-18,1259.88
TX-0019611,CUST-01618,2025-11-30,1337.31
TX-0019612,CUST-01618,2025-12-23,1158.17
TX-0019613,CUST-01618,2026-03-16,1265.81
TX-0019614,CUST-01619,2026-06-15,1446.6
TX-0019615,CUST-01619,2026-01-22,1238.32
TX-0019616,CUST-01619,2025-09-28,960.25
TX-0019617,CUST-01619,2026-01-02,1471.96
TX-0019618,CUST-01619,2025-11-21,960.03
TX-0019619,CUST-01619,2025-08-28,1492.58
TX-0019620,CUST-01619,2025-08-31,1236.43
TX-0019621,CUST-01620,2026-06-18,909.3
TX-0019622,CUST-01620,2026-06-01,1132.86
TX-0019623,CUST-01620,2025-09-22,1369.84
TX-0019624,CUST-01620,2025-09-08,992.87
TX-0019625,CUST-01620,2026-01-04,1192.65
TX-0019626,CUST-01620,2026-01-12,1128.18
TX-0019627,CUST-01621,2026-05-20,1455.01
TX-0019628,CUST-01621,2026-03-08,1163.12
TX-0019629,CUST-01621,2026-03-27,1299.27
TX-0019630,CUST-01621,2025-12-25,918.82
TX-0019631,CUST-01621,2025-08-11,1463.93
TX-0019632,CUST-01622,2026-05-20,1230.53
TX-0019633,CUST-01622,2025-08-12,1378.43
TX-0019634,CUST-01622,2025-12-24,1187.26
TX-0019635,CUST-01623,2026-06-04,1038.3
TX-0019636,CUST-01623,2025-12-05,1215.79
TX-0019637,CUST-01623,2026-04-18,1081.46
TX-0019638,CUST-01623,2026-04-14,1410.54
TX-0019639,CUST-01623,2025-10-28,1267.2
TX-0019640,CUST-01623,2026-05-16,968.33
TX-0019641,CUST-01623,2025-09-20,1078.87
TX-0019642,CUST-01624,2026-06-02,1040.08
TX-0019643,CUST-01624,2025-08-29,1212.44
TX-0019644,CUST-01624,2025-12-09,1104.28
TX-0019645,CUST-01624,2025-10-22,1203.55
TX-0019646,CUST-01624,2026-01-23,1318.5
TX-0019647,CUST-01625,2026-06-10,1426.85
TX-0019648,CUST-01625,2025-10-15,929.79
TX-0019649,CUST-01625,2026-05-19,1013.13
TX-0019650,CUST-01625,2026-03-12,971.15
TX-0019651,CUST-01625,2025-12-28,1020.08
TX-0019652,CUST-01626,2026-07-01,1069.57
TX-0019653,CUST-01626,2025-10-07,1205.52
TX-0019654,CUST-01626,2025-11-25,1163.04
TX-0019655,CUST-01627,2026-05-29,1019.67
TX-0019656,CUST-01627,2026-05-06,1208.44
TX-0019657,CUST-01627,2026-03-03,1384.0
TX-0019658,CUST-01627,2025-10-20,1012.66
TX-0019659,CUST-01627,2025-08-13,1329.96
TX-0019660,CUST-01627,2025-11-23,1234.12
TX-0019661,CUST-01627,2025-12-14,1117.48
TX-0019662,CUST-01628,2026-05-29,1449.07
TX-0019663,CUST-01628,2025-12-22,1376.96
TX-0019664,CUST-01628,2026-04-06,973.25
TX-0019665,CUST-01629,2026-06-12,1357.88
TX-0019666,CUST-01629,2025-10-22,1201.9
TX-0019667,CUST-01629,2025-11-23,903.72
TX-0019668,CUST-01629,2026-05-14,1454.22
TX-0019669,CUST-01630,2026-06-26,1468.29
TX-0019670,CUST-01630,2026-03-13,1339.74
TX-0019671,CUST-01630,2025-12-15,1206.64
TX-0019672,CUST-01631,2026-05-25,945.78
TX-0019673,CUST-01631,2026-04-23,993.1
TX-0019674,CUST-01631,2025-10-12,1058.74
TX-0019675,CUST-01631,2025-10-20,1219.45
TX-0019676,CUST-01631,2025-09-28,1155.63
TX-0019677,CUST-01631,2025-09-29,1090.3
TX-0019678,CUST-01631,2025-12-19,951.27
TX-0019679,CUST-01632,2026-06-15,1184.45
TX-0019680,CUST-01632,2025-10-25,1486.29
TX-0019681,CUST-01632,2025-11-17,1413.68
TX-0019682,CUST-01632,2025-10-18,1363.91
TX-0019683,CUST-01633,2026-06-13,1440.69
TX-0019684,CUST-01633,2026-03-30,1253.92
TX-0019685,CUST-01633,2026-02-12,1017.54
TX-0019686,CUST-01633,2026-02-14,1387.86
TX-0019687,CUST-01633,2026-02-13,1374.54
TX-0019688,CUST-01634,2026-06-03,1139.22
TX-0019689,CUST-01634,2026-02-18,1104.44
TX-0019690,CUST-01634,2026-04-01,1185.21
TX-0019691,CUST-01634,2025-11-30,1292.41
TX-0019692,CUST-01634,2026-02-19,1191.4
TX-0019693,CUST-01634,2026-04-24,1222.24
TX-0019694,CUST-01634,2026-03-02,914.11
TX-0019695,CUST-01635,2026-07-01,1381.89
TX-0019696,CUST-01635,2026-05-31,1066.84
TX-0019697,CUST-01635,2026-06-13,1154.97
TX-0019698,CUST-01635,2026-02-08,1309.48
TX-0019699,CUST-01636,2026-05-30,1243.12
TX-0019700,CUST-01636,2026-01-18,1347.3
TX-0019701,CUST-01636,2025-09-03,1433.54
TX-0019702,CUST-01636,2025-11-14,1314.52
TX-0019703,CUST-01637,2026-05-21,1152.27
TX-0019704,CUST-01637,2026-04-10,1433.38
TX-0019705,CUST-01637,2026-03-22,1085.98
TX-0019706,CUST-01638,2026-07-03,1441.24
TX-0019707,CUST-01638,2026-05-11,935.42
TX-0019708,CUST-01638,2025-10-13,1032.19
TX-0019709,CUST-01638,2025-09-27,1416.51
TX-0019710,CUST-01638,2025-10-08,1365.29
TX-0019711,CUST-01638,2026-04-16,1454.29
TX-0019712,CUST-01639,2026-05-20,1207.88
TX-0019713,CUST-01639,2025-08-15,1178.21
TX-0019714,CUST-01639,2025-10-30,963.12
TX-0019715,CUST-01640,2026-06-24,976.41
TX-0019716,CUST-01640,2025-12-06,1465.43
TX-0019717,CUST-01640,2026-05-16,1036.23
TX-0019718,CUST-01641,2026-06-29,929.35
TX-0019719,CUST-01641,2026-04-08,999.65
TX-0019720,CUST-01641,2025-09-14,1252.61
TX-0019721,CUST-01641,2026-03-24,1380.7
TX-0019722,CUST-01641,2026-03-08,1142.84
TX-0019723,CUST-01641,2025-11-23,1324.98
TX-0019724,CUST-01642,2026-06-04,933.95
TX-0019725,CUST-01642,2026-03-18,1405.2
TX-0019726,CUST-01642,2025-11-02,1004.99
TX-0019727,CUST-01643,2026-06-23,1097.68
TX-0019728,CUST-01643,2025-12-27,934.05
TX-0019729,CUST-01643,2026-04-04,1353.48
TX-0019730,CUST-01643,2025-11-08,1134.44
TX-0019731,CUST-01643,2026-01-04,981.93
TX-0019732,CUST-01643,2026-03-10,955.6
TX-0019733,CUST-01644,2026-06-22,1408.19
TX-0019734,CUST-01644,2026-01-24,1358.03
TX-0019735,CUST-01644,2025-11-07,996.04
TX-0019736,CUST-01644,2026-05-18,1035.3
TX-0019737,CUST-01644,2026-04-15,1411.4
TX-0019738,CUST-01644,2026-01-11,1384.14
TX-0019739,CUST-01645,2026-06-24,1254.27
TX-0019740,CUST-01645,2026-06-09,1256.84
TX-0019741,CUST-01645,2025-12-13,1182.09
TX-0019742,CUST-01645,2025-11-25,1043.54
TX-0019743,CUST-01646,2026-06-14,1063.27
TX-0019744,CUST-01646,2025-08-26,1334.9
TX-0019745,CUST-01646,2026-04-03,1466.84
TX-0019746,CUST-01646,2025-12-20,1193.6
TX-0019747,CUST-01646,2026-03-18,972.5
TX-0019748,CUST-01646,2025-10-28,1446.89
TX-0019749,CUST-01646,2026-04-13,1488.41
TX-0019750,CUST-01647,2026-06-24,1122.16
TX-0019751,CUST-01647,2025-09-20,1271.49
TX-0019752,CUST-01647,2026-04-09,1034.19
TX-0019753,CUST-01647,2026-03-31,1271.37
TX-0019754,CUST-01647,2025-09-20,1190.9
TX-0019755,CUST-01648,2026-05-20,1426.82
TX-0019756,CUST-01648,2026-02-19,1176.28
TX-0019757,CUST-01648,2025-10-12,980.73
TX-0019758,CUST-01648,2026-02-26,1353.42
TX-0019759,CUST-01648,2025-10-16,1395.98
TX-0019760,CUST-01648,2026-04-24,1146.02
TX-0019761,CUST-01648,2025-12-15,1196.5
TX-0019762,CUST-01649,2026-06-05,1398.34
TX-0019763,CUST-01649,2025-11-17,1064.03
TX-0019764,CUST-01649,2025-08-31,967.16
TX-0019765,CUST-01649,2026-03-29,1462.11
TX-0019766,CUST-01649,2025-12-09,1228.01
TX-0019767,CUST-01649,2026-03-20,1371.52
TX-0019768,CUST-01649,2025-12-17,1252.2
TX-0019769,CUST-01650,2026-06-17,1369.67
TX-0019770,CUST-01650,2026-05-28,1330.46
TX-0019771,CUST-01650,2025-09-08,1057.26
TX-0019772,CUST-01650,2026-03-19,1062.89
TX-0019773,CUST-01650,2025-12-04,1302.25
TX-0019774,CUST-01650,2026-03-11,1086.22
TX-0019775,CUST-01651,2026-05-27,1488.12
TX-0019776,CUST-01651,2026-01-12,1176.06
TX-0019777,CUST-01651,2026-01-25,1182.01
TX-0019778,CUST-01651,2025-09-01,1331.52
TX-0019779,CUST-01652,2026-05-24,1191.64
TX-0019780,CUST-01652,2025-07-31,1176.09
TX-0019781,CUST-01652,2026-01-20,1098.19
TX-0019782,CUST-01652,2025-09-29,1293.35
TX-0019783,CUST-01652,2026-04-20,1118.02
TX-0019784,CUST-01652,2025-12-13,1023.49
TX-0019785,CUST-01653,2026-06-10,1051.27
TX-0019786,CUST-01653,2026-02-24,1109.73
TX-0019787,CUST-01653,2026-05-07,1031.92
TX-0019788,CUST-01653,2026-03-31,1016.93
TX-0019789,CUST-01653,2025-10-29,1316.68
TX-0019790,CUST-01653,2026-01-14,1222.89
TX-0019791,CUST-01654,2026-06-16,1430.45
TX-0019792,CUST-01654,2025-09-21,1261.7
TX-0019793,CUST-01654,2025-10-12,1294.77
TX-0019794,CUST-01654,2025-10-18,1333.66
TX-0019795,CUST-01655,2026-05-27,1202.02
TX-0019796,CUST-01655,2025-10-11,991.13
TX-0019797,CUST-01655,2025-09-24,1292.15
TX-0019798,CUST-01655,2025-09-17,1487.45
TX-0019799,CUST-01656,2026-06-27,1334.41
TX-0019800,CUST-01656,2026-01-18,1420.41
TX-0019801,CUST-01656,2026-03-05,1412.04
TX-0019802,CUST-01656,2026-04-16,1489.39
TX-0019803,CUST-01656,2026-03-07,1488.81
TX-0019804,CUST-01656,2025-09-09,1268.17
TX-0019805,CUST-01656,2026-01-29,1399.16
TX-0019806,CUST-01657,2026-06-30,955.2
TX-0019807,CUST-01657,2026-04-04,1203.34
TX-0019808,CUST-01657,2025-11-09,1478.84
TX-0019809,CUST-01658,2026-06-04,1375.7
TX-0019810,CUST-01658,2026-01-09,1230.2
TX-0019811,CUST-01658,2025-08-30,1174.59
TX-0019812,CUST-01658,2025-11-22,1207.08
TX-0019813,CUST-01658,2025-11-02,1284.93
TX-0019814,CUST-01658,2025-10-04,1177.45
TX-0019815,CUST-01658,2025-08-26,1149.01
TX-0019816,CUST-01659,2026-06-08,1153.79
TX-0019817,CUST-01659,2025-09-09,1408.65
TX-0019818,CUST-01659,2026-04-04,1270.3
TX-0019819,CUST-01659,2026-05-21,1185.72
TX-0019820,CUST-01659,2025-08-29,1026.32
TX-0019821,CUST-01660,2026-06-27,1327.45
TX-0019822,CUST-01660,2026-04-07,1276.43
TX-0019823,CUST-01660,2025-10-16,1222.11
TX-0019824,CUST-01660,2026-01-22,1133.51
TX-0019825,CUST-01660,2026-01-18,1431.94
TX-0019826,CUST-01660,2025-09-20,1358.66
TX-0019827,CUST-01661,2026-06-28,1448.32
TX-0019828,CUST-01661,2026-02-12,1391.48
TX-0019829,CUST-01661,2026-05-09,1105.01
TX-0019830,CUST-01661,2025-12-03,1096.56
TX-0019831,CUST-01662,2026-05-31,1060.13
TX-0019832,CUST-01662,2025-12-18,1038.48
TX-0019833,CUST-01662,2026-02-01,1174.5
TX-0019834,CUST-01663,2026-06-03,1056.62
TX-0019835,CUST-01663,2025-12-26,1271.99
TX-0019836,CUST-01663,2025-09-15,1499.35
TX-0019837,CUST-01663,2026-03-30,1217.04
TX-0019838,CUST-01663,2026-03-11,1125.39
TX-0019839,CUST-01663,2026-03-18,1425.3
TX-0019840,CUST-01664,2026-06-19,1110.12
TX-0019841,CUST-01664,2025-10-31,1108.37
TX-0019842,CUST-01664,2026-05-09,1270.65
TX-0019843,CUST-01664,2025-09-03,915.93
TX-0019844,CUST-01664,2026-01-14,991.69
TX-0019845,CUST-01664,2026-04-05,1303.39
TX-0019846,CUST-01664,2025-09-13,953.27
TX-0019847,CUST-01665,2026-05-25,1398.34
TX-0019848,CUST-01665,2026-01-12,1005.72
TX-0019849,CUST-01665,2025-08-21,1272.55
TX-0019850,CUST-01665,2026-03-24,1220.96
TX-0019851,CUST-01665,2025-10-31,1072.87
TX-0019852,CUST-01665,2025-10-23,915.25
TX-0019853,CUST-01666,2026-06-13,1451.19
TX-0019854,CUST-01666,2025-10-30,1158.06
TX-0019855,CUST-01666,2025-12-23,1058.19
TX-0019856,CUST-01666,2026-04-22,1461.3
TX-0019857,CUST-01666,2026-03-10,1038.57
TX-0019858,CUST-01667,2026-05-23,910.88
TX-0019859,CUST-01667,2026-03-17,1034.53
TX-0019860,CUST-01667,2025-10-11,1195.67
TX-0019861,CUST-01667,2026-01-29,1444.63
TX-0019862,CUST-01667,2025-08-19,1227.05
TX-0019863,CUST-01667,2026-04-05,1275.2
TX-0019864,CUST-01668,2026-06-22,1307.36
TX-0019865,CUST-01668,2025-12-02,1371.71
TX-0019866,CUST-01668,2025-08-31,1245.99
TX-0019867,CUST-01668,2026-05-02,1120.05
TX-0019868,CUST-01669,2026-06-14,1170.32
TX-0019869,CUST-01669,2026-02-05,918.04
TX-0019870,CUST-01669,2026-01-19,1048.4
TX-0019871,CUST-01669,2025-08-22,1456.81
TX-0019872,CUST-01669,2026-02-14,928.97
TX-0019873,CUST-01669,2025-08-24,1375.17
TX-0019874,CUST-01669,2025-11-03,901.65
TX-0019875,CUST-01670,2026-05-22,1277.25
TX-0019876,CUST-01670,2025-08-07,1373.0
TX-0019877,CUST-01670,2026-03-23,1099.52
TX-0019878,CUST-01670,2025-11-25,1338.93
TX-0019879,CUST-01670,2026-01-08,1236.76
TX-0019880,CUST-01671,2026-06-19,1403.05
TX-0019881,CUST-01671,2025-12-01,1401.6
TX-0019882,CUST-01671,2025-12-27,979.3
TX-0019883,CUST-01671,2026-01-29,923.24
TX-0019884,CUST-01671,2026-05-15,1279.66
TX-0019885,CUST-01671,2026-03-27,1458.21
TX-0019886,CUST-01671,2026-01-07,1270.95
TX-0019887,CUST-01672,2026-06-15,1024.44
TX-0019888,CUST-01672,2025-11-04,954.86
TX-0019889,CUST-01672,2026-01-13,952.43
TX-0019890,CUST-01673,2026-06-07,1033.65
TX-0019891,CUST-01673,2025-09-12,1356.03
TX-0019892,CUST-01673,2025-10-22,922.57
TX-0019893,CUST-01674,2026-06-17,1395.75
TX-0019894,CUST-01674,2025-11-28,1465.92
TX-0019895,CUST-01674,2025-12-26,1279.54
TX-0019896,CUST-01674,2026-01-22,936.38
TX-0019897,CUST-01674,2025-12-26,1065.39
TX-0019898,CUST-01675,2026-05-22,1105.61
TX-0019899,CUST-01675,2025-11-22,1049.29
TX-0019900,CUST-01675,2026-03-05,968.19
TX-0019901,CUST-01675,2025-10-05,1147.43
TX-0019902,CUST-01675,2026-03-23,1461.93
TX-0019903,CUST-01676,2026-06-13,978.14
TX-0019904,CUST-01676,2025-10-08,990.54
TX-0019905,CUST-01676,2026-04-25,1063.93
TX-0019906,CUST-01676,2026-04-05,1486.04
TX-0019907,CUST-01676,2025-09-14,1384.89
TX-0019908,CUST-01677,2026-06-17,1219.95
TX-0019909,CUST-01677,2026-01-05,1264.33
TX-0019910,CUST-01677,2025-11-13,962.17
TX-0019911,CUST-01677,2026-02-23,951.56
TX-0019912,CUST-01677,2025-12-14,1451.44
TX-0019913,CUST-01677,2026-02-08,1336.21
TX-0019914,CUST-01678,2026-06-28,1085.66
TX-0019915,CUST-01678,2026-04-01,952.71
TX-0019916,CUST-01678,2026-03-10,1302.59
TX-0019917,CUST-01678,2026-01-05,1199.88
TX-0019918,CUST-01678,2026-05-23,942.12
TX-0019919,CUST-01678,2026-05-08,1319.74
TX-0019920,CUST-01678,2025-11-16,965.7
TX-0019921,CUST-01679,2026-06-28,1107.34
TX-0019922,CUST-01679,2026-02-09,940.93
TX-0019923,CUST-01679,2026-03-10,1338.29
TX-0019924,CUST-01679,2026-02-19,1293.47
TX-0019925,CUST-01679,2026-01-27,1067.79
TX-0019926,CUST-01679,2025-12-10,1150.76
TX-0019927,CUST-01680,2026-06-16,1193.82
TX-0019928,CUST-01680,2026-02-10,1173.17
TX-0019929,CUST-01680,2026-05-20,961.48
TX-0019930,CUST-01680,2026-03-11,977.47
TX-0019931,CUST-01680,2025-11-13,1261.26
TX-0019932,CUST-01680,2026-02-01,1303.16
TX-0019933,CUST-01680,2025-11-23,952.56
TX-0019934,CUST-01681,2026-06-18,955.25
TX-0019935,CUST-01681,2026-04-13,1364.07
TX-0019936,CUST-01681,2025-11-14,978.56
TX-0019937,CUST-01682,2026-06-25,1075.66
TX-0019938,CUST-01682,2026-02-26,1451.89
TX-0019939,CUST-01682,2026-04-05,1493.19
TX-0019940,CUST-01682,2026-02-10,1020.68
TX-0019941,CUST-01682,2025-11-23,1198.87
TX-0019942,CUST-01682,2026-01-20,1179.62
TX-0019943,CUST-01682,2025-08-30,912.2
TX-0019944,CUST-01683,2026-06-28,1111.06
TX-0019945,CUST-01683,2026-05-04,1248.47
TX-0019946,CUST-01683,2026-05-07,1426.71
TX-0019947,CUST-01684,2026-06-23,1035.72
TX-0019948,CUST-01684,2025-11-01,919.57
TX-0019949,CUST-01684,2026-03-05,1289.91
TX-0019950,CUST-01684,2026-04-08,1451.79
TX-0019951,CUST-01684,2026-01-02,1460.05
TX-0019952,CUST-01684,2026-05-10,1016.83
TX-0019953,CUST-01684,2026-03-10,1026.25
TX-0019954,CUST-01685,2026-05-23,1350.7
TX-0019955,CUST-01685,2026-04-16,1072.62
TX-0019956,CUST-01685,2025-09-04,1249.46
TX-0019957,CUST-01686,2026-06-25,1302.46
TX-0019958,CUST-01686,2025-10-24,912.69
TX-0019959,CUST-01686,2026-05-22,1042.28
TX-0019960,CUST-01686,2026-01-29,1218.71
TX-0019961,CUST-01686,2026-05-21,1396.36
TX-0019962,CUST-01686,2026-02-20,1456.11
TX-0019963,CUST-01686,2026-02-09,1016.33
TX-0019964,CUST-01687,2026-05-25,1276.01
TX-0019965,CUST-01687,2025-08-26,1480.51
TX-0019966,CUST-01687,2025-11-23,1146.35
TX-0019967,CUST-01687,2025-10-23,906.06
TX-0019968,CUST-01688,2026-05-23,1239.82
TX-0019969,CUST-01688,2026-04-15,1425.56
TX-0019970,CUST-01688,2025-08-10,1247.66
TX-0019971,CUST-01688,2025-08-25,1413.52
TX-0019972,CUST-01689,2026-05-28,966.88
TX-0019973,CUST-01689,2025-10-05,1187.18
TX-0019974,CUST-01689,2026-01-08,1191.76
TX-0019975,CUST-01689,2025-10-01,1251.66
TX-0019976,CUST-01689,2025-10-23,1391.91
TX-0019977,CUST-01689,2025-08-14,1232.8
TX-0019978,CUST-01689,2026-04-07,1375.03
TX-0019979,CUST-01690,2026-06-08,1185.6
TX-0019980,CUST-01690,2025-11-27,1475.76
TX-0019981,CUST-01690,2026-02-26,1390.55
TX-0019982,CUST-01690,2025-10-22,1097.75
TX-0019983,CUST-01690,2025-09-17,1191.25
TX-0019984,CUST-01690,2025-09-21,1461.83
TX-0019985,CUST-01691,2026-07-02,1340.66
TX-0019986,CUST-01691,2025-12-07,1338.5
TX-0019987,CUST-01691,2026-05-22,1350.92
TX-0019988,CUST-01691,2025-12-26,1108.04
TX-0019989,CUST-01691,2025-10-14,906.75
TX-0019990,CUST-01691,2025-10-17,1460.63
TX-0019991,CUST-01691,2026-01-31,976.77
TX-0019992,CUST-01692,2026-06-04,1315.22
TX-0019993,CUST-01692,2026-05-10,1367.88
TX-0019994,CUST-01692,2025-11-01,1232.03
TX-0019995,CUST-01692,2026-03-07,949.17
TX-0019996,CUST-01692,2025-09-17,1490.04
TX-0019997,CUST-01692,2026-03-19,1366.8
TX-0019998,CUST-01693,2026-07-02,1061.78
TX-0019999,CUST-01693,2025-11-14,1477.26
TX-0020000,CUST-01693,2025-09-10,938.1
TX-0020001,CUST-01693,2026-05-22,1008.82
TX-0020002,CUST-01693,2026-05-10,1351.89
TX-0020003,CUST-01693,2025-12-14,1336.34
TX-0020004,CUST-01694,2026-06-26,1427.75
TX-0020005,CUST-01694,2026-01-12,1167.75
TX-0020006,CUST-01694,2026-05-04,1360.48
TX-0020007,CUST-01694,2026-04-24,1217.72
TX-0020008,CUST-01695,2026-06-06,1326.43
TX-0020009,CUST-01695,2026-02-02,921.34
TX-0020010,CUST-01695,2026-03-02,1194.71
TX-0020011,CUST-01695,2026-01-21,1347.89
TX-0020012,CUST-01695,2025-11-18,1059.52
TX-0020013,CUST-01695,2026-03-17,1091.9
TX-0020014,CUST-01696,2026-05-20,1025.93
TX-0020015,CUST-01696,2026-04-05,1310.52
TX-0020016,CUST-01696,2026-01-31,1152.92
TX-0020017,CUST-01696,2025-11-28,1234.56
TX-0020018,CUST-01696,2026-01-18,1320.74
TX-0020019,CUST-01697,2026-06-01,1354.1
TX-0020020,CUST-01697,2026-04-10,1213.8
TX-0020021,CUST-01697,2026-02-02,1020.68
TX-0020022,CUST-01697,2026-01-08,1162.13
TX-0020023,CUST-01697,2025-09-11,972.62
TX-0020024,CUST-01697,2025-08-13,1029.24
TX-0020025,CUST-01698,2026-06-03,1449.71
TX-0020026,CUST-01698,2025-12-07,917.42
TX-0020027,CUST-01698,2025-11-12,1427.11
TX-0020028,CUST-01698,2025-10-25,1365.31
TX-0020029,CUST-01699,2026-06-10,1084.4
TX-0020030,CUST-01699,2026-04-15,908.63
TX-0020031,CUST-01699,2025-10-14,996.93
TX-0020032,CUST-01699,2026-04-23,1035.68
TX-0020033,CUST-01700,2026-06-21,1072.74
TX-0020034,CUST-01700,2025-10-02,1155.41
TX-0020035,CUST-01700,2026-01-18,1348.41
TX-0020036,CUST-01700,2025-09-25,1374.71
TX-0020037,CUST-01700,2026-01-02,1221.25
TX-0020038,CUST-01700,2026-06-06,994.71
TX-0020039,CUST-01700,2025-12-11,1052.16
TX-0020040,CUST-01701,2026-06-14,1208.64
TX-0020041,CUST-01701,2026-02-16,1147.22
TX-0020042,CUST-01701,2026-02-27,1335.64
TX-0020043,CUST-01701,2026-05-16,1496.84
TX-0020044,CUST-01701,2026-05-19,1405.84
TX-0020045,CUST-01701,2026-02-24,1138.08
TX-0020046,CUST-01702,2026-06-05,1461.48
TX-0020047,CUST-01702,2025-09-05,1135.9
TX-0020048,CUST-01702,2026-05-05,1492.78
TX-0020049,CUST-01702,2025-09-14,1292.25
TX-0020050,CUST-01702,2025-11-05,1064.76
TX-0020051,CUST-01702,2026-05-02,1391.22
TX-0020052,CUST-01702,2025-12-14,1182.15
TX-0020053,CUST-01703,2026-05-27,1123.14
TX-0020054,CUST-01703,2025-11-24,1157.64
TX-0020055,CUST-01703,2025-11-08,1283.75
TX-0020056,CUST-01703,2025-09-22,1482.71
TX-0020057,CUST-01703,2025-12-03,1092.59
TX-0020058,CUST-01703,2025-08-16,1072.46
TX-0020059,CUST-01704,2026-06-09,1252.86
TX-0020060,CUST-01704,2026-04-21,1134.15
TX-0020061,CUST-01704,2025-11-08,1111.2
TX-0020062,CUST-01704,2026-04-01,1197.25
TX-0020063,CUST-01704,2026-04-04,922.58
TX-0020064,CUST-01704,2025-12-03,1071.33
TX-0020065,CUST-01704,2026-04-29,1443.04
TX-0020066,CUST-01705,2026-06-09,1410.71
TX-0020067,CUST-01705,2025-10-15,1427.39
TX-0020068,CUST-01705,2026-05-17,1422.38
TX-0020069,CUST-01705,2026-03-22,1081.99
TX-0020070,CUST-01705,2025-08-16,1324.76
TX-0020071,CUST-01705,2025-12-23,1265.6
TX-0020072,CUST-01706,2026-06-14,968.55
TX-0020073,CUST-01706,2025-10-17,1000.98
TX-0020074,CUST-01706,2025-11-30,1275.22
TX-0020075,CUST-01706,2026-04-16,1390.46
TX-0020076,CUST-01706,2025-11-14,1024.61
TX-0020077,CUST-01706,2026-04-14,942.04
TX-0020078,CUST-01707,2026-06-16,1360.45
TX-0020079,CUST-01707,2026-02-16,1302.89
TX-0020080,CUST-01707,2026-03-19,1423.32
TX-0020081,CUST-01707,2026-01-09,1073.22
TX-0020082,CUST-01707,2026-04-18,1202.55
TX-0020083,CUST-01707,2026-04-01,936.32
TX-0020084,CUST-01707,2026-02-12,1199.81
TX-0020085,CUST-01708,2026-06-14,1332.76
TX-0020086,CUST-01708,2026-05-21,1286.61
TX-0020087,CUST-01708,2025-11-07,944.28
TX-0020088,CUST-01708,2025-11-09,949.69
TX-0020089,CUST-01708,2026-05-04,1210.59
TX-0020090,CUST-01708,2025-12-04,1199.39
TX-0020091,CUST-01708,2025-11-23,1348.44
TX-0020092,CUST-01709,2026-06-16,1191.84
TX-0020093,CUST-01709,2026-04-02,1105.34
TX-0020094,CUST-01709,2026-01-07,990.77
TX-0020095,CUST-01709,2026-01-18,1020.86
TX-0020096,CUST-01709,2026-02-03,1182.18
TX-0020097,CUST-01709,2025-12-15,1369.32
TX-0020098,CUST-01709,2025-08-21,1411.9
TX-0020099,CUST-01710,2026-06-03,1234.67
TX-0020100,CUST-01710,2025-09-07,1326.26
TX-0020101,CUST-01710,2025-11-17,1362.22
TX-0020102,CUST-01711,2026-05-27,1441.45
TX-0020103,CUST-01711,2025-10-10,1183.71
TX-0020104,CUST-01711,2025-12-09,1472.09
TX-0020105,CUST-01711,2026-01-18,942.11
TX-0020106,CUST-01711,2026-02-28,1009.27
TX-0020107,CUST-01711,2025-12-04,908.75
TX-0020108,CUST-01711,2025-08-14,994.44
TX-0020109,CUST-01712,2026-06-16,999.33
TX-0020110,CUST-01712,2025-12-06,1244.92
TX-0020111,CUST-01712,2025-09-20,1297.89
TX-0020112,CUST-01712,2025-10-27,1296.29
TX-0020113,CUST-01712,2025-10-19,1050.05
TX-0020114,CUST-01713,2026-05-19,1124.11
TX-0020115,CUST-01713,2025-08-24,917.51
TX-0020116,CUST-01713,2026-01-16,1217.22
TX-0020117,CUST-01713,2025-08-31,1393.17
TX-0020118,CUST-01714,2026-06-04,1481.71
TX-0020119,CUST-01714,2025-10-18,1327.82
TX-0020120,CUST-01714,2026-04-04,921.85
TX-0020121,CUST-01714,2025-08-18,990.84
TX-0020122,CUST-01714,2026-03-24,936.83
TX-0020123,CUST-01714,2025-12-17,1172.07
TX-0020124,CUST-01714,2025-10-09,902.55
TX-0020125,CUST-01715,2026-06-23,1455.18
TX-0020126,CUST-01715,2026-05-23,991.19
TX-0020127,CUST-01715,2026-06-02,1187.62
TX-0020128,CUST-01715,2026-01-23,1421.12
TX-0020129,CUST-01715,2025-11-11,920.82
TX-0020130,CUST-01715,2025-08-28,1303.96
TX-0020131,CUST-01715,2025-10-18,1062.63
TX-0020132,CUST-01716,2026-05-28,1196.37
TX-0020133,CUST-01716,2026-02-09,1023.38
TX-0020134,CUST-01716,2025-08-30,1033.81
TX-0020135,CUST-01716,2026-02-23,1404.29
TX-0020136,CUST-01716,2025-10-26,1032.55
TX-0020137,CUST-01716,2025-09-27,1326.79
TX-0020138,CUST-01717,2026-07-02,1071.24
TX-0020139,CUST-01717,2026-04-11,1433.51
TX-0020140,CUST-01717,2026-06-12,1449.23
TX-0020141,CUST-01717,2026-04-01,1184.8
TX-0020142,CUST-01717,2026-04-13,1488.97
TX-0020143,CUST-01717,2025-12-10,941.83
TX-0020144,CUST-01717,2026-06-10,1134.86
TX-0020145,CUST-01718,2026-06-14,1211.95
TX-0020146,CUST-01718,2026-03-04,1341.61
TX-0020147,CUST-01718,2025-12-31,1314.9
TX-0020148,CUST-01718,2026-02-19,1341.98
TX-0020149,CUST-01719,2026-06-09,1361.71
TX-0020150,CUST-01719,2026-03-21,968.33
TX-0020151,CUST-01719,2026-01-30,1136.79
TX-0020152,CUST-01719,2025-12-21,1111.08
TX-0020153,CUST-01719,2025-11-08,1234.28
TX-0020154,CUST-01720,2026-05-31,1221.78
TX-0020155,CUST-01720,2025-09-26,1322.64
TX-0020156,CUST-01720,2025-11-05,1356.4
TX-0020157,CUST-01720,2025-12-24,1410.89
TX-0020158,CUST-01721,2026-05-30,1407.95
TX-0020159,CUST-01721,2026-03-25,1099.21
TX-0020160,CUST-01721,2025-12-08,1299.59
TX-0020161,CUST-01721,2025-08-06,1076.79
TX-0020162,CUST-01722,2026-07-01,1009.3
TX-0020163,CUST-01722,2025-12-14,1490.45
TX-0020164,CUST-01722,2026-02-15,1370.32
TX-0020165,CUST-01722,2026-02-04,929.54
TX-0020166,CUST-01723,2026-06-25,1389.38
TX-0020167,CUST-01723,2026-05-23,963.93
TX-0020168,CUST-01723,2025-09-13,1453.9
TX-0020169,CUST-01723,2025-12-03,1445.72
TX-0020170,CUST-01723,2026-06-03,1145.32
TX-0020171,CUST-01724,2026-06-09,1179.54
TX-0020172,CUST-01724,2026-05-18,1254.43
TX-0020173,CUST-01724,2025-12-17,960.35
TX-0020174,CUST-01724,2025-08-19,902.63
TX-0020175,CUST-01724,2025-12-03,1060.47
TX-0020176,CUST-01724,2025-12-01,1198.58
TX-0020177,CUST-01724,2026-04-04,1043.52
TX-0020178,CUST-01725,2026-05-19,1241.01
TX-0020179,CUST-01725,2026-03-12,969.53
TX-0020180,CUST-01725,2025-11-28,933.68
TX-0020181,CUST-01726,2026-06-11,1218.79
TX-0020182,CUST-01726,2025-10-10,1076.18
TX-0020183,CUST-01726,2025-09-02,910.04
TX-0020184,CUST-01726,2025-09-01,1027.13
TX-0020185,CUST-01726,2025-08-20,1244.74
TX-0020186,CUST-01726,2026-05-23,958.32
TX-0020187,CUST-01726,2026-05-16,1002.1
TX-0020188,CUST-01727,2026-06-28,1138.23
TX-0020189,CUST-01727,2026-01-13,1380.77
TX-0020190,CUST-01727,2025-11-12,969.72
TX-0020191,CUST-01727,2026-02-11,1156.95
TX-0020192,CUST-01727,2026-04-17,1038.49
TX-0020193,CUST-01727,2026-05-17,906.4
TX-0020194,CUST-01727,2025-10-27,911.3
TX-0020195,CUST-01728,2026-06-15,1136.73
TX-0020196,CUST-01728,2026-05-16,1162.45
TX-0020197,CUST-01728,2025-12-30,1167.23
TX-0020198,CUST-01728,2026-04-07,1199.23
TX-0020199,CUST-01728,2026-01-21,1135.39
TX-0020200,CUST-01728,2025-08-22,927.22
TX-0020201,CUST-01728,2025-09-24,932.33
TX-0020202,CUST-01729,2026-05-27,1010.27
TX-0020203,CUST-01729,2026-02-26,1424.69
TX-0020204,CUST-01729,2026-03-29,1219.64
TX-0020205,CUST-01729,2025-11-18,904.78
TX-0020206,CUST-01729,2025-12-31,1056.45
TX-0020207,CUST-01730,2026-06-22,1131.33
TX-0020208,CUST-01730,2025-11-03,1246.46
TX-0020209,CUST-01730,2025-10-04,1459.14
TX-0020210,CUST-01730,2025-08-31,976.4
TX-0020211,CUST-01730,2025-10-17,1233.52
TX-0020212,CUST-01730,2025-11-20,1369.23
TX-0020213,CUST-01730,2026-02-24,1452.06
TX-0020214,CUST-01731,2026-05-31,932.46
TX-0020215,CUST-01731,2025-11-01,1226.89
TX-0020216,CUST-01731,2025-12-08,1259.26
TX-0020217,CUST-01731,2025-10-30,1250.02
TX-0020218,CUST-01732,2026-05-31,1192.47
TX-0020219,CUST-01732,2025-09-07,1480.39
TX-0020220,CUST-01732,2026-02-12,1370.67
TX-0020221,CUST-01732,2025-10-07,1264.46
TX-0020222,CUST-01732,2026-01-10,1148.59
TX-0020223,CUST-01733,2026-06-05,1379.88
TX-0020224,CUST-01733,2026-03-13,973.29
TX-0020225,CUST-01733,2025-09-04,1364.49
TX-0020226,CUST-01733,2026-05-11,1109.42
TX-0020227,CUST-01733,2026-05-19,963.14
TX-0020228,CUST-01734,2026-05-30,962.15
TX-0020229,CUST-01734,2025-11-18,961.67
TX-0020230,CUST-01734,2025-08-15,1295.08
TX-0020231,CUST-01735,2026-05-23,1237.69
TX-0020232,CUST-01735,2026-04-08,1271.69
TX-0020233,CUST-01735,2025-08-30,1057.18
TX-0020234,CUST-01735,2025-09-07,1316.71
TX-0020235,CUST-01735,2025-08-25,1461.78
TX-0020236,CUST-01735,2026-03-27,1166.43
TX-0020237,CUST-01735,2025-09-06,1202.32
TX-0020238,CUST-01736,2026-06-26,1050.58
TX-0020239,CUST-01736,2025-12-18,1171.06
TX-0020240,CUST-01736,2026-03-30,917.99
TX-0020241,CUST-01736,2025-11-16,963.33
TX-0020242,CUST-01737,2026-05-25,1423.83
TX-0020243,CUST-01737,2025-09-01,1232.23
TX-0020244,CUST-01737,2025-10-21,1461.13
TX-0020245,CUST-01737,2025-12-19,1177.53
TX-0020246,CUST-01737,2025-09-22,1184.63
TX-0020247,CUST-01738,2026-06-22,1169.37
TX-0020248,CUST-01738,2025-12-15,1484.79
TX-0020249,CUST-01738,2025-10-19,1003.19
TX-0020250,CUST-01738,2026-05-17,1110.68
TX-0020251,CUST-01738,2025-11-19,1029.33
TX-0020252,CUST-01739,2026-05-19,1115.83
TX-0020253,CUST-01739,2025-11-26,1285.64
TX-0020254,CUST-01739,2025-12-05,1171.87
TX-0020255,CUST-01739,2026-03-06,1136.71
TX-0020256,CUST-01739,2025-08-22,1071.81
TX-0020257,CUST-01740,2026-06-04,1057.55
TX-0020258,CUST-01740,2025-09-30,1272.8
TX-0020259,CUST-01740,2025-08-25,1325.09
TX-0020260,CUST-01740,2026-02-04,1192.52
TX-0020261,CUST-01740,2026-02-11,1115.29
TX-0020262,CUST-01740,2026-02-03,1167.73
TX-0020263,CUST-01741,2026-06-12,1193.0
TX-0020264,CUST-01741,2025-09-20,1351.35
TX-0020265,CUST-01741,2026-02-05,1467.26
TX-0020266,CUST-01741,2026-02-19,1030.8
TX-0020267,CUST-01742,2026-06-13,1225.96
TX-0020268,CUST-01742,2025-12-09,1468.16
TX-0020269,CUST-01742,2026-04-14,1094.6
TX-0020270,CUST-01742,2026-02-11,1257.41
TX-0020271,CUST-01742,2026-02-23,1257.82
TX-0020272,CUST-01743,2026-05-28,906.52
TX-0020273,CUST-01743,2025-09-29,1358.52
TX-0020274,CUST-01743,2026-03-04,1330.72
TX-0020275,CUST-01743,2025-11-28,1090.19
TX-0020276,CUST-01744,2026-05-25,1342.93
TX-0020277,CUST-01744,2025-09-20,1054.37
TX-0020278,CUST-01744,2026-02-13,1326.27
TX-0020279,CUST-01744,2026-01-21,1450.59
TX-0020280,CUST-01744,2025-12-22,1427.52
TX-0020281,CUST-01744,2025-10-09,1129.27
TX-0020282,CUST-01744,2026-01-18,1311.56
TX-0020283,CUST-01745,2026-06-08,983.35
TX-0020284,CUST-01745,2026-03-31,1337.06
TX-0020285,CUST-01745,2026-03-17,1005.05
TX-0020286,CUST-01746,2026-05-25,1034.91
TX-0020287,CUST-01746,2026-03-18,1050.28
TX-0020288,CUST-01746,2026-02-02,1463.0
TX-0020289,CUST-01747,2026-05-28,1315.99
TX-0020290,CUST-01747,2025-12-13,979.65
TX-0020291,CUST-01747,2026-03-20,1439.2
TX-0020292,CUST-01747,2026-04-16,1280.59
TX-0020293,CUST-01747,2025-09-25,1114.48
TX-0020294,CUST-01747,2025-10-09,1246.32
TX-0020295,CUST-01748,2026-06-10,1394.86
TX-0020296,CUST-01748,2026-03-29,1100.25
TX-0020297,CUST-01748,2026-02-28,1180.13
TX-0020298,CUST-01748,2026-04-19,1283.01
TX-0020299,CUST-01748,2025-10-13,1374.68
TX-0020300,CUST-01748,2026-01-30,1486.88
TX-0020301,CUST-01748,2025-11-11,1054.55
TX-0020302,CUST-01749,2026-05-24,1456.36
TX-0020303,CUST-01749,2025-10-16,1344.39
TX-0020304,CUST-01749,2025-10-14,1196.91
TX-0020305,CUST-01749,2026-01-12,1397.64
TX-0020306,CUST-01749,2026-01-20,1404.22
TX-0020307,CUST-01750,2026-06-06,1177.71
TX-0020308,CUST-01750,2025-11-03,1031.02
TX-0020309,CUST-01750,2026-05-06,929.99
TX-0020310,CUST-01750,2025-11-17,1301.53
TX-0020311,CUST-01750,2026-01-23,1299.16
TX-0020312,CUST-01751,2026-06-08,1045.22
TX-0020313,CUST-01751,2026-02-16,939.42
TX-0020314,CUST-01751,2025-10-17,988.81
TX-0020315,CUST-01751,2025-11-26,1360.84
TX-0020316,CUST-01751,2025-08-21,1444.57
TX-0020317,CUST-01751,2026-05-01,1388.42
TX-0020318,CUST-01752,2026-06-22,1080.79
TX-0020319,CUST-01752,2026-03-25,1335.48
TX-0020320,CUST-01752,2025-08-30,1127.65
TX-0020321,CUST-01752,2026-03-25,1276.46
TX-0020322,CUST-01752,2026-03-25,1023.02
TX-0020323,CUST-01753,2026-06-27,919.29
TX-0020324,CUST-01753,2026-01-09,1334.29
TX-0020325,CUST-01753,2026-05-02,1305.76
TX-0020326,CUST-01754,2026-05-28,1407.96
TX-0020327,CUST-01754,2025-11-30,1079.38
TX-0020328,CUST-01754,2026-04-08,1165.84
TX-0020329,CUST-01754,2026-04-26,1008.77
TX-0020330,CUST-01754,2026-01-27,1241.29
TX-0020331,CUST-01754,2025-12-20,1286.61
TX-0020332,CUST-01754,2026-03-12,1036.38
TX-0020333,CUST-01755,2026-06-04,1466.93
TX-0020334,CUST-01755,2026-04-24,1285.47
TX-0020335,CUST-01755,2025-12-13,1294.84
TX-0020336,CUST-01755,2025-09-16,977.17
TX-0020337,CUST-01755,2025-09-07,1025.16
TX-0020338,CUST-01755,2025-09-08,1301.81
TX-0020339,CUST-01755,2026-03-18,1323.47
TX-0020340,CUST-01756,2026-06-13,1344.63
TX-0020341,CUST-01756,2026-02-06,1157.22
TX-0020342,CUST-01756,2025-12-07,1258.79
TX-0020343,CUST-01756,2025-12-08,1332.19
TX-0020344,CUST-01756,2026-01-07,1204.38
TX-0020345,CUST-01756,2025-09-08,1310.65
TX-0020346,CUST-01757,2026-06-26,988.94
TX-0020347,CUST-01757,2025-12-08,1334.9
TX-0020348,CUST-01757,2026-05-12,1133.35
TX-0020349,CUST-01758,2026-05-26,1176.31
TX-0020350,CUST-01758,2026-04-16,1000.33
TX-0020351,CUST-01758,2026-03-10,1421.32
TX-0020352,CUST-01758,2026-04-06,1191.12
TX-0020353,CUST-01758,2026-04-17,963.15
TX-0020354,CUST-01758,2025-09-26,1069.22
TX-0020355,CUST-01759,2026-05-29,1002.09
TX-0020356,CUST-01759,2025-08-06,1110.96
TX-0020357,CUST-01759,2026-04-12,1230.5
TX-0020358,CUST-01759,2025-09-20,902.07
TX-0020359,CUST-01759,2025-08-04,1149.77
TX-0020360,CUST-01760,2026-05-19,1072.07
TX-0020361,CUST-01760,2026-01-13,1051.95
TX-0020362,CUST-01760,2025-09-05,1354.91
TX-0020363,CUST-01760,2026-03-19,1285.98
TX-0020364,CUST-01760,2025-10-02,1005.19
TX-0020365,CUST-01760,2026-04-04,1460.46
TX-0020366,CUST-01761,2026-06-13,1341.63
TX-0020367,CUST-01761,2025-09-24,1071.55
TX-0020368,CUST-01761,2026-02-06,1241.59
TX-0020369,CUST-01761,2025-08-27,922.25
TX-0020370,CUST-01761,2025-12-03,1155.89
TX-0020371,CUST-01761,2025-12-04,1103.94
TX-0020372,CUST-01761,2025-08-27,1090.75
TX-0020373,CUST-01762,2026-05-30,1222.58
TX-0020374,CUST-01762,2025-08-27,1468.93
TX-0020375,CUST-01762,2026-01-13,960.77
TX-0020376,CUST-01762,2026-03-12,952.63
TX-0020377,CUST-01763,2026-06-12,1276.03
TX-0020378,CUST-01763,2025-10-12,1020.28
TX-0020379,CUST-01763,2026-01-21,1310.64
TX-0020380,CUST-01763,2025-10-25,1283.69
TX-0020381,CUST-01763,2025-11-30,1263.62
TX-0020382,CUST-01764,2026-06-16,1328.35
TX-0020383,CUST-01764,2025-09-07,1444.6
TX-0020384,CUST-01764,2025-09-03,1415.81
TX-0020385,CUST-01764,2025-09-13,957.1
TX-0020386,CUST-01764,2026-01-02,1128.91
TX-0020387,CUST-01764,2026-02-12,958.24
TX-0020388,CUST-01764,2025-12-23,1027.69
TX-0020389,CUST-01765,2026-06-05,1390.43
TX-0020390,CUST-01765,2025-09-22,1136.3
TX-0020391,CUST-01765,2025-08-24,1359.88
TX-0020392,CUST-01765,2026-01-14,1382.57
TX-0020393,CUST-01765,2026-04-19,1465.12
TX-0020394,CUST-01766,2026-05-29,1406.34
TX-0020395,CUST-01766,2026-01-11,917.79
TX-0020396,CUST-01766,2026-03-29,1089.21
TX-0020397,CUST-01767,2026-06-01,1439.65
TX-0020398,CUST-01767,2025-10-08,1299.9
TX-0020399,CUST-01767,2025-10-22,1073.86
TX-0020400,CUST-01767,2025-10-15,1485.23
TX-0020401,CUST-01767,2026-01-21,1447.75
TX-0020402,CUST-01767,2025-09-06,1367.55
TX-0020403,CUST-01768,2026-06-17,1307.69
TX-0020404,CUST-01768,2026-02-25,1464.28
TX-0020405,CUST-01768,2025-09-05,1303.41
TX-0020406,CUST-01768,2025-10-01,1479.77
TX-0020407,CUST-01769,2026-05-24,1223.09
TX-0020408,CUST-01769,2025-11-26,1265.46
TX-0020409,CUST-01769,2026-03-09,1378.53
TX-0020410,CUST-01769,2025-08-31,1057.05
TX-0020411,CUST-01770,2026-06-01,1402.0
TX-0020412,CUST-01770,2025-12-19,1206.93
TX-0020413,CUST-01770,2026-01-14,1252.0
TX-0020414,CUST-01770,2026-03-27,1384.91
TX-0020415,CUST-01770,2025-09-26,1141.27
TX-0020416,CUST-01771,2026-06-07,1187.63
TX-0020417,CUST-01771,2025-09-24,1064.68
TX-0020418,CUST-01771,2025-09-16,1059.24
TX-0020419,CUST-01772,2026-06-07,1103.13
TX-0020420,CUST-01772,2026-03-02,1040.88
TX-0020421,CUST-01772,2026-03-09,1167.77
TX-0020422,CUST-01772,2026-01-11,1215.55
TX-0020423,CUST-01773,2026-06-01,1252.74
TX-0020424,CUST-01773,2025-11-18,1120.35
TX-0020425,CUST-01773,2025-09-03,1206.99
TX-0020426,CUST-01773,2026-02-05,1399.27
TX-0020427,CUST-01773,2025-12-10,1122.37
TX-0020428,CUST-01774,2026-06-11,1006.18
TX-0020429,CUST-01774,2026-05-23,1481.81
TX-0020430,CUST-01774,2025-12-15,962.5
TX-0020431,CUST-01774,2025-12-07,1152.81
TX-0020432,CUST-01774,2025-11-05,940.87
TX-0020433,CUST-01774,2026-03-06,1056.83
TX-0020434,CUST-01775,2026-05-22,995.5
TX-0020435,CUST-01775,2026-01-26,959.03
TX-0020436,CUST-01775,2025-12-14,1271.44
TX-0020437,CUST-01775,2025-11-29,1288.64
TX-0020438,CUST-01775,2026-02-26,1474.82
TX-0020439,CUST-01775,2026-04-20,1018.6
TX-0020440,CUST-01776,2026-06-25,1156.25
TX-0020441,CUST-01776,2025-09-18,972.62
TX-0020442,CUST-01776,2026-02-14,1389.72
TX-0020443,CUST-01776,2026-04-03,998.19
TX-0020444,CUST-01777,2026-05-22,1207.79
TX-0020445,CUST-01777,2025-08-21,1416.09
TX-0020446,CUST-01777,2026-03-09,1326.9
TX-0020447,CUST-01778,2026-06-17,969.97
TX-0020448,CUST-01778,2025-12-24,1197.46
TX-0020449,CUST-01778,2026-02-08,1397.99
TX-0020450,CUST-01779,2026-06-07,1298.14
TX-0020451,CUST-01779,2026-02-04,1486.11
TX-0020452,CUST-01779,2025-12-22,940.49
TX-0020453,CUST-01779,2026-02-18,993.56
TX-0020454,CUST-01779,2026-02-16,1474.17
TX-0020455,CUST-01779,2025-12-19,977.8
TX-0020456,CUST-01780,2026-05-29,1200.25
TX-0020457,CUST-01780,2026-02-18,935.59
TX-0020458,CUST-01780,2025-09-10,1325.52
TX-0020459,CUST-01780,2025-08-17,903.14
TX-0020460,CUST-01780,2025-08-14,995.56
TX-0020461,CUST-01780,2025-12-20,900.16
TX-0020462,CUST-01781,2026-06-14,1242.09
TX-0020463,CUST-01781,2026-04-20,1086.86
TX-0020464,CUST-01781,2026-03-07,1011.11
TX-0020465,CUST-01781,2025-08-23,1099.64
TX-0020466,CUST-01781,2026-04-03,1148.84
TX-0020467,CUST-01781,2026-03-08,1402.19
TX-0020468,CUST-01782,2026-06-22,976.59
TX-0020469,CUST-01782,2026-02-10,1428.87
TX-0020470,CUST-01782,2026-04-16,1414.76
TX-0020471,CUST-01783,2026-06-13,1394.02
TX-0020472,CUST-01783,2026-05-08,942.09
TX-0020473,CUST-01783,2025-08-28,1079.86
TX-0020474,CUST-01783,2025-10-10,935.18
TX-0020475,CUST-01783,2025-10-24,1007.07
TX-0020476,CUST-01784,2026-06-22,1256.79
TX-0020477,CUST-01784,2026-05-06,941.17
TX-0020478,CUST-01784,2026-04-11,1193.44
TX-0020479,CUST-01784,2026-03-06,1153.14
TX-0020480,CUST-01785,2026-06-08,1111.8
TX-0020481,CUST-01785,2025-10-29,1142.64
TX-0020482,CUST-01785,2025-09-24,1063.43
TX-0020483,CUST-01786,2026-06-18,1248.07
TX-0020484,CUST-01786,2026-05-20,1003.67
TX-0020485,CUST-01786,2025-12-15,1329.77
TX-0020486,CUST-01786,2026-05-22,935.93
TX-0020487,CUST-01787,2026-06-18,1163.04
TX-0020488,CUST-01787,2025-08-24,1316.17
TX-0020489,CUST-01787,2025-11-18,1484.03
TX-0020490,CUST-01787,2026-05-22,1110.99
TX-0020491,CUST-01788,2026-07-01,1338.38
TX-0020492,CUST-01788,2025-10-14,940.87
TX-0020493,CUST-01788,2026-05-10,950.0
TX-0020494,CUST-01788,2026-02-01,1104.99
TX-0020495,CUST-01788,2026-06-01,1257.82
TX-0020496,CUST-01788,2026-04-15,1475.6
TX-0020497,CUST-01788,2026-02-14,1207.28
TX-0020498,CUST-01789,2026-05-30,1270.16
TX-0020499,CUST-01789,2026-04-10,1419.11
TX-0020500,CUST-01789,2026-01-31,913.79
TX-0020501,CUST-01789,2025-12-13,1048.06
TX-0020502,CUST-01789,2026-04-11,1187.03
TX-0020503,CUST-01789,2025-09-25,1314.04
TX-0020504,CUST-01789,2026-02-24,1352.7
TX-0020505,CUST-01790,2026-06-24,1268.4
TX-0020506,CUST-01790,2025-10-15,941.58
TX-0020507,CUST-01790,2026-03-19,1417.63
TX-0020508,CUST-01791,2026-07-01,1400.25
TX-0020509,CUST-01791,2026-06-08,907.81
TX-0020510,CUST-01791,2025-10-17,953.06
TX-0020511,CUST-01791,2026-06-12,1428.17
TX-0020512,CUST-01791,2026-05-22,926.82
TX-0020513,CUST-01791,2026-03-02,1030.2
TX-0020514,CUST-01791,2025-12-30,1105.0
TX-0020515,CUST-01792,2026-06-20,1361.22
TX-0020516,CUST-01792,2025-09-25,1431.01
TX-0020517,CUST-01792,2025-11-03,1332.03
TX-0020518,CUST-01792,2026-03-03,1011.51
TX-0020519,CUST-01793,2026-06-16,1114.0
TX-0020520,CUST-01793,2025-09-28,1286.05
TX-0020521,CUST-01793,2026-05-21,1327.79
TX-0020522,CUST-01793,2025-12-18,1079.74
TX-0020523,CUST-01793,2026-01-21,1487.17
TX-0020524,CUST-01794,2026-06-14,970.59
TX-0020525,CUST-01794,2026-04-29,1025.89
TX-0020526,CUST-01794,2026-02-19,1221.74
TX-0020527,CUST-01794,2025-09-13,1488.14
TX-0020528,CUST-01795,2026-05-24,1332.32
TX-0020529,CUST-01795,2025-10-18,1070.27
TX-0020530,CUST-01795,2026-03-14,1456.78
TX-0020531,CUST-01796,2026-06-09,1470.18
TX-0020532,CUST-01796,2026-04-09,1203.92
TX-0020533,CUST-01796,2026-03-29,993.31
TX-0020534,CUST-01796,2025-10-28,1040.27
TX-0020535,CUST-01797,2026-07-03,1060.55
TX-0020536,CUST-01797,2026-05-07,1246.97
TX-0020537,CUST-01797,2026-03-27,924.49
TX-0020538,CUST-01798,2026-05-30,1040.63
TX-0020539,CUST-01798,2026-02-24,1206.87
TX-0020540,CUST-01798,2026-01-05,946.85
TX-0020541,CUST-01798,2026-04-16,1047.19
TX-0020542,CUST-01799,2026-06-21,1393.33
TX-0020543,CUST-01799,2026-01-19,1031.16
TX-0020544,CUST-01799,2026-05-29,994.91
TX-0020545,CUST-01799,2026-06-06,1263.9
TX-0020546,CUST-01799,2026-03-16,1095.38
TX-0020547,CUST-01800,2026-06-03,926.82
TX-0020548,CUST-01800,2025-11-04,1151.05
TX-0020549,CUST-01800,2026-04-04,1480.79
TX-0020550,CUST-01800,2026-03-02,1217.73
TX-0020551,CUST-01800,2026-01-20,1222.69
TX-0020552,CUST-01800,2026-03-06,1367.55
TX-0020553,CUST-01801,2026-06-30,1036.07
TX-0020554,CUST-01801,2026-03-16,1255.52
TX-0020555,CUST-01801,2025-09-27,905.72
TX-0020556,CUST-01802,2026-06-25,902.02
TX-0020557,CUST-01802,2025-09-01,1273.69
TX-0020558,CUST-01802,2026-02-13,1160.67
TX-0020559,CUST-01802,2025-10-22,1480.51
TX-0020560,CUST-01802,2025-11-28,1017.85
TX-0020561,CUST-01802,2025-09-06,1498.4
TX-0020562,CUST-01803,2026-06-22,1308.18
TX-0020563,CUST-01803,2025-11-24,1409.84
TX-0020564,CUST-01803,2026-05-24,1139.32
TX-0020565,CUST-01803,2025-11-21,1275.56
TX-0020566,CUST-01803,2025-11-04,1161.85
TX-0020567,CUST-01804,2026-05-22,1034.56
TX-0020568,CUST-01804,2026-02-25,1278.23
TX-0020569,CUST-01804,2026-04-14,1014.16
TX-0020570,CUST-01804,2025-09-13,1103.81
TX-0020571,CUST-01805,2026-06-21,1309.39
TX-0020572,CUST-01805,2026-02-01,1431.06
TX-0020573,CUST-01805,2025-11-22,956.52
TX-0020574,CUST-01805,2026-06-01,1102.84
TX-0020575,CUST-01805,2025-11-05,1444.65
TX-0020576,CUST-01806,2026-06-22,1257.69
TX-0020577,CUST-01806,2026-03-21,1127.53
TX-0020578,CUST-01806,2026-01-22,1159.34
TX-0020579,CUST-01806,2025-12-26,933.11
TX-0020580,CUST-01806,2026-06-01,1270.44
TX-0020581,CUST-01806,2026-03-20,1205.9
TX-0020582,CUST-01807,2026-06-22,1023.96
TX-0020583,CUST-01807,2025-09-26,1320.3
TX-0020584,CUST-01807,2026-06-06,1373.02
TX-0020585,CUST-01807,2025-10-11,1403.72
TX-0020586,CUST-01807,2025-08-31,1376.51
TX-0020587,CUST-01807,2026-01-28,1274.35
TX-0020588,CUST-01807,2025-11-19,1414.63
TX-0020589,CUST-01808,2026-06-14,995.72
TX-0020590,CUST-01808,2025-11-20,1238.82
TX-0020591,CUST-01808,2026-05-01,984.63
TX-0020592,CUST-01808,2025-11-23,1126.1
TX-0020593,CUST-01809,2026-06-05,1116.45
TX-0020594,CUST-01809,2026-04-08,1320.85
TX-0020595,CUST-01809,2025-09-05,906.77
TX-0020596,CUST-01809,2026-04-08,1000.71
TX-0020597,CUST-01810,2026-06-01,1091.51
TX-0020598,CUST-01810,2025-12-06,1291.06
TX-0020599,CUST-01810,2025-12-01,1420.31
TX-0020600,CUST-01810,2026-03-05,1191.4
TX-0020601,CUST-01811,2026-06-01,1467.6
TX-0020602,CUST-01811,2026-03-11,1380.99
TX-0020603,CUST-01811,2025-12-25,1495.2
TX-0020604,CUST-01812,2026-06-06,1346.38
TX-0020605,CUST-01812,2025-08-14,1361.7
TX-0020606,CUST-01812,2025-09-28,1311.06
TX-0020607,CUST-01812,2026-02-23,1014.35
TX-0020608,CUST-01813,2026-06-29,1414.99
TX-0020609,CUST-01813,2026-04-24,1141.2
TX-0020610,CUST-01813,2026-06-07,1227.7
TX-0020611,CUST-01813,2026-06-07,1194.86
TX-0020612,CUST-01814,2026-05-30,1220.74
TX-0020613,CUST-01814,2026-02-19,1125.16
TX-0020614,CUST-01814,2026-04-24,926.38
TX-0020615,CUST-01814,2025-12-11,1469.88
TX-0020616,CUST-01814,2025-11-24,1286.04
TX-0020617,CUST-01815,2026-06-08,1230.52
TX-0020618,CUST-01815,2025-08-14,1269.33
TX-0020619,CUST-01815,2025-12-26,1005.58
TX-0020620,CUST-01815,2025-10-02,1086.91
TX-0020621,CUST-01815,2025-09-14,1166.32
TX-0020622,CUST-01815,2025-12-22,1022.49
TX-0020623,CUST-01815,2025-10-01,952.38
TX-0020624,CUST-01816,2026-06-17,1320.07
TX-0020625,CUST-01816,2026-01-20,1082.26
TX-0020626,CUST-01816,2026-04-16,1168.98
TX-0020627,CUST-01816,2025-09-08,1353.02
TX-0020628,CUST-01816,2025-09-23,1389.2
TX-0020629,CUST-01816,2026-02-12,965.72
TX-0020630,CUST-01817,2026-06-23,1325.95
TX-0020631,CUST-01817,2025-12-15,905.24
TX-0020632,CUST-01817,2026-06-07,985.54
TX-0020633,CUST-01817,2026-05-13,1104.67
TX-0020634,CUST-01818,2026-05-26,1465.92
TX-0020635,CUST-01818,2026-05-06,953.71
TX-0020636,CUST-01818,2025-12-18,1123.48
TX-0020637,CUST-01818,2025-08-10,1138.99
TX-0020638,CUST-01818,2026-04-22,1072.99
TX-0020639,CUST-01818,2026-03-02,1051.47
TX-0020640,CUST-01819,2026-05-31,1281.79
TX-0020641,CUST-01819,2025-11-15,1211.55
TX-0020642,CUST-01819,2026-02-14,1105.25
TX-0020643,CUST-01819,2026-03-08,906.77
TX-0020644,CUST-01819,2026-01-30,988.76
TX-0020645,CUST-01819,2026-03-15,1485.34
TX-0020646,CUST-01820,2026-06-14,1360.6
TX-0020647,CUST-01820,2025-10-28,1266.2
TX-0020648,CUST-01820,2025-11-21,1260.33
TX-0020649,CUST-01820,2026-02-19,1288.1
TX-0020650,CUST-01820,2026-03-29,1486.02
TX-0020651,CUST-01820,2026-03-28,1353.98
TX-0020652,CUST-01820,2026-03-25,1208.19
TX-0020653,CUST-01821,2026-06-23,1446.7
TX-0020654,CUST-01821,2026-01-31,1130.31
TX-0020655,CUST-01821,2026-01-22,1085.93
TX-0020656,CUST-01821,2026-04-25,1125.95
TX-0020657,CUST-01821,2026-04-05,917.95
TX-0020658,CUST-01821,2026-06-08,1149.8
TX-0020659,CUST-01822,2026-06-12,1213.57
TX-0020660,CUST-01822,2025-10-18,1095.84
TX-0020661,CUST-01822,2025-08-30,1177.95
TX-0020662,CUST-01822,2025-10-14,1188.57
TX-0020663,CUST-01822,2025-09-01,1233.11
TX-0020664,CUST-01822,2026-04-09,904.58
TX-0020665,CUST-01823,2026-06-05,1060.78
TX-0020666,CUST-01823,2025-11-16,1108.55
TX-0020667,CUST-01823,2026-04-19,1207.8
TX-0020668,CUST-01823,2026-01-14,1342.26
TX-0020669,CUST-01823,2025-11-07,1413.36
TX-0020670,CUST-01823,2025-09-13,1071.94
TX-0020671,CUST-01823,2026-02-21,1479.34
TX-0020672,CUST-01824,2026-06-08,1400.71
TX-0020673,CUST-01824,2025-10-07,1266.9
TX-0020674,CUST-01824,2026-04-03,1474.46
TX-0020675,CUST-01824,2026-03-19,1094.67
TX-0020676,CUST-01824,2025-11-23,1052.71
TX-0020677,CUST-01825,2026-06-24,1224.67
TX-0020678,CUST-01825,2025-12-29,1056.62
TX-0020679,CUST-01825,2025-09-01,984.41
TX-0020680,CUST-01825,2025-11-17,1165.81
TX-0020681,CUST-01825,2026-06-01,1309.63
TX-0020682,CUST-01826,2026-07-03,1236.06
TX-0020683,CUST-01826,2025-10-01,1319.1
TX-0020684,CUST-01826,2025-11-13,1479.5
TX-0020685,CUST-01826,2026-01-31,1418.4
TX-0020686,CUST-01826,2026-03-18,1336.36
TX-0020687,CUST-01827,2026-06-28,981.72
TX-0020688,CUST-01827,2026-02-08,1175.77
TX-0020689,CUST-01827,2026-02-03,1203.45
TX-0020690,CUST-01828,2026-05-25,1284.83
TX-0020691,CUST-01828,2025-08-18,1472.61
TX-0020692,CUST-01828,2026-03-22,1114.48
TX-0020693,CUST-01828,2025-09-22,944.56
TX-0020694,CUST-01828,2026-03-15,1492.38
TX-0020695,CUST-01829,2026-06-15,1028.21
TX-0020696,CUST-01829,2026-05-10,1155.9
TX-0020697,CUST-01829,2026-03-09,1227.13
TX-0020698,CUST-01830,2026-04-01,511.18
TX-0020699,CUST-01830,2026-03-09,421.76
TX-0020700,CUST-01830,2025-09-04,561.68
TX-0020701,CUST-01831,2026-02-16,515.08
TX-0020702,CUST-01832,2026-02-24,520.15
TX-0020703,CUST-01832,2025-09-09,325.25
TX-0020704,CUST-01833,2026-02-23,506.17
TX-0020705,CUST-01833,2025-06-29,359.17
TX-0020706,CUST-01833,2025-07-10,348.4
TX-0020707,CUST-01834,2026-02-23,595.09
TX-0020708,CUST-01834,2025-08-08,436.42
TX-0020709,CUST-01834,2025-08-04,368.79
TX-0020710,CUST-01835,2026-02-19,456.81
TX-0020711,CUST-01835,2025-07-06,523.81
TX-0020712,CUST-01836,2026-02-17,364.72
TX-0020713,CUST-01837,2026-04-30,387.14
TX-0020714,CUST-01838,2026-02-28,377.53
TX-0020715,CUST-01838,2025-11-07,565.03
TX-0020716,CUST-01839,2026-04-21,458.27
TX-0020717,CUST-01839,2025-09-23,363.46
TX-0020718,CUST-01839,2026-03-01,466.86
TX-0020719,CUST-01840,2026-01-29,387.48
TX-0020720,CUST-01840,2025-04-20,460.95
TX-0020721,CUST-01840,2025-10-18,345.26
TX-0020722,CUST-01841,2026-03-26,578.84
TX-0020723,CUST-01841,2025-12-10,489.8
TX-0020724,CUST-01842,2026-04-27,597.7
TX-0020725,CUST-01843,2026-04-15,340.4
TX-0020726,CUST-01843,2025-08-17,539.87
TX-0020727,CUST-01843,2025-10-24,420.08
TX-0020728,CUST-01844,2026-02-17,383.38
TX-0020729,CUST-01845,2026-04-27,541.01
TX-0020730,CUST-01846,2026-02-28,440.99
TX-0020731,CUST-01847,2026-04-04,598.37
TX-0020732,CUST-01847,2025-08-23,537.38
TX-0020733,CUST-01847,2025-08-05,583.45
TX-0020734,CUST-01848,2026-01-31,435.29
TX-0020735,CUST-01848,2025-04-18,318.09
TX-0020736,CUST-01848,2025-11-18,433.36
TX-0020737,CUST-01849,2026-03-02,398.75
TX-0020738,CUST-01850,2026-04-11,465.64
TX-0020739,CUST-01851,2026-03-29,377.65
TX-0020740,CUST-01851,2025-09-10,483.11
TX-0020741,CUST-01852,2026-04-17,373.92
TX-0020742,CUST-01852,2025-11-18,504.15
TX-0020743,CUST-01852,2026-02-17,556.25
TX-0020744,CUST-01853,2026-05-10,555.51
TX-0020745,CUST-01853,2025-09-04,589.48
TX-0020746,CUST-01853,2026-01-11,548.35
TX-0020747,CUST-01854,2026-03-16,322.33
TX-0020748,CUST-01855,2026-05-11,434.13
TX-0020749,CUST-01855,2026-03-01,586.63
TX-0020750,CUST-01856,2026-03-01,461.64
TX-0020751,CUST-01857,2026-02-18,304.13
TX-0020752,CUST-01857,2025-11-09,314.09
TX-0020753,CUST-01857,2025-11-19,367.54
TX-0020754,CUST-01858,2026-04-03,426.14
TX-0020755,CUST-01858,2025-12-24,475.09
TX-0020756,CUST-01859,2026-05-02,364.41
TX-0020757,CUST-01859,2025-10-04,435.6
TX-0020758,CUST-01859,2026-02-25,310.01
TX-0020759,CUST-01860,2026-02-16,362.63
TX-0020760,CUST-01860,2025-08-07,480.53
TX-0020761,CUST-01860,2025-12-21,431.1
TX-0020762,CUST-01861,2026-02-13,337.36
TX-0020763,CUST-01862,2026-01-25,377.41
TX-0020764,CUST-01863,2026-03-24,310.34
TX-0020765,CUST-01863,2025-08-08,463.37
TX-0020766,CUST-01863,2025-10-23,557.13
TX-0020767,CUST-01864,2026-04-04,344.07
TX-0020768,CUST-01864,2025-07-25,575.5
TX-0020769,CUST-01865,2026-02-15,417.33
TX-0020770,CUST-01865,2025-07-11,339.19
TX-0020771,CUST-01865,2025-09-05,501.13
TX-0020772,CUST-01866,2026-05-09,579.95
TX-0020773,CUST-01867,2026-01-31,585.49
TX-0020774,CUST-01867,2025-06-28,389.77
TX-0020775,CUST-01867,2025-09-15,372.03
TX-0020776,CUST-01868,2026-03-06,343.59
TX-0020777,CUST-01869,2026-04-20,501.24
TX-0020778,CUST-01870,2026-01-30,340.03
TX-0020779,CUST-01871,2026-02-15,511.2
TX-0020780,CUST-01871,2026-01-04,533.41
TX-0020781,CUST-01872,2026-03-13,471.97
TX-0020782,CUST-01873,2026-04-26,377.43
TX-0020783,CUST-01873,2025-10-15,343.35
TX-0020784,CUST-01874,2026-01-26,328.78
TX-0020785,CUST-01874,2025-07-30,383.15
TX-0020786,CUST-01874,2025-11-07,567.6
TX-0020787,CUST-01875,2026-02-08,586.97
TX-0020788,CUST-01875,2026-01-12,548.47
TX-0020789,CUST-01876,2026-02-21,403.31
TX-0020790,CUST-01876,2025-12-18,546.08
TX-0020791,CUST-01876,2025-12-22,595.06
TX-0020792,CUST-01877,2026-02-07,492.55
TX-0020793,CUST-01877,2025-04-28,444.85
TX-0020794,CUST-01877,2025-06-18,454.42
TX-0020795,CUST-01878,2026-03-27,391.73
TX-0020796,CUST-01879,2026-05-02,326.57
TX-0020797,CUST-01880,2026-05-09,499.84
TX-0020798,CUST-01880,2026-01-26,484.11
TX-0020799,CUST-01881,2026-04-30,524.68
TX-0020800,CUST-01881,2025-08-08,426.81
TX-0020801,CUST-01882,2026-03-29,319.98
TX-0020802,CUST-01883,2026-03-20,525.07
TX-0020803,CUST-01884,2026-03-13,556.44
TX-0020804,CUST-01885,2026-04-19,453.96
TX-0020805,CUST-01885,2026-01-19,562.34
TX-0020806,CUST-01886,2026-05-16,472.84
TX-0020807,CUST-01886,2025-11-12,486.82
TX-0020808,CUST-01886,2026-03-31,509.8
TX-0020809,CUST-01887,2026-03-01,325.36
TX-0020810,CUST-01887,2025-12-14,337.29
TX-0020811,CUST-01888,2026-01-27,568.73
TX-0020812,CUST-01888,2025-11-23,382.75
TX-0020813,CUST-01888,2025-08-11,418.84
TX-0020814,CUST-01889,2026-03-16,449.33
TX-0020815,CUST-01889,2025-09-04,404.53
TX-0020816,CUST-01890,2026-01-26,510.21
TX-0020817,CUST-01890,2025-09-27,418.94
TX-0020818,CUST-01891,2026-03-17,398.98
TX-0020819,CUST-01892,2026-04-06,367.19
TX-0020820,CUST-01892,2025-12-27,528.23
TX-0020821,CUST-01893,2026-04-02,308.7
TX-0020822,CUST-01893,2025-06-07,358.82
TX-0020823,CUST-01893,2025-06-17,402.53
TX-0020824,CUST-01894,2026-02-14,498.89
TX-0020825,CUST-01894,2025-05-10,405.81
TX-0020826,CUST-01895,2026-03-23,469.44
TX-0020827,CUST-01895,2025-06-25,500.06
TX-0020828,CUST-01896,2026-05-14,378.44
TX-0020829,CUST-01897,2026-01-25,575.27
TX-0020830,CUST-01897,2025-08-30,542.09
TX-0020831,CUST-01897,2025-12-07,545.56
TX-0020832,CUST-01898,2026-05-09,478.97
TX-0020833,CUST-01899,2026-03-20,427.92
TX-0020834,CUST-01899,2026-01-06,443.76
TX-0020835,CUST-01899,2025-08-06,568.46
TX-0020836,CUST-01900,2026-04-03,341.55
TX-0020837,CUST-01901,2026-01-25,369.23
TX-0020838,CUST-01901,2025-05-18,358.27
TX-0020839,CUST-01902,2026-04-26,443.14
TX-0020840,CUST-01903,2026-04-27,548.42
TX-0020841,CUST-01903,2025-07-12,463.0
TX-0020842,CUST-01904,2026-05-04,501.88
TX-0020843,CUST-01905,2026-03-14,533.51
TX-0020844,CUST-01905,2025-06-04,448.19
TX-0020845,CUST-01906,2026-03-03,549.96
TX-0020846,CUST-01906,2025-12-21,533.83
TX-0020847,CUST-01906,2026-01-16,412.2
TX-0020848,CUST-01907,2026-01-28,306.0
TX-0020849,CUST-01908,2026-05-01,480.17
TX-0020850,CUST-01909,2026-02-20,347.85
TX-0020851,CUST-01909,2026-01-05,339.26
TX-0020852,CUST-01910,2026-03-12,438.42
TX-0020853,CUST-01911,2026-05-18,455.82
TX-0020854,CUST-01912,2026-04-11,518.21
TX-0020855,CUST-01912,2026-01-28,583.81
TX-0020856,CUST-01913,2026-05-10,341.74
TX-0020857,CUST-01914,2026-05-15,457.61
TX-0020858,CUST-01914,2026-01-24,301.29
TX-0020859,CUST-01914,2025-09-07,507.71
TX-0020860,CUST-01915,2026-01-29,302.64
TX-0020861,CUST-01915,2025-11-04,525.97
TX-0020862,CUST-01915,2025-06-13,531.02
TX-0020863,CUST-01916,2026-05-14,372.85
TX-0020864,CUST-01916,2025-11-05,489.86
TX-0020865,CUST-01917,2026-02-10,366.82
TX-0020866,CUST-01917,2025-05-18,378.23
TX-0020867,CUST-01917,2025-08-05,474.68
TX-0020868,CUST-01918,2026-04-12,453.11
TX-0020869,CUST-01918,2025-12-06,539.93
TX-0020870,CUST-01918,2025-09-01,499.71
TX-0020871,CUST-01919,2026-05-06,382.91
TX-0020872,CUST-01920,2026-04-30,319.78
TX-0020873,CUST-01920,2026-03-23,313.51
TX-0020874,CUST-01921,2026-05-14,506.66
TX-0020875,CUST-01921,2025-08-10,551.03
TX-0020876,CUST-01922,2026-03-13,510.29
TX-0020877,CUST-01922,2026-01-27,454.6
TX-0020878,CUST-01922,2025-10-13,523.81
TX-0020879,CUST-01923,2026-02-26,548.88
TX-0020880,CUST-01923,2025-05-18,447.88
TX-0020881,CUST-01923,2025-07-06,442.98
TX-0020882,CUST-01924,2026-05-08,389.3
TX-0020883,CUST-01924,2025-12-15,316.36
TX-0020884,CUST-01925,2026-04-26,351.51
TX-0020885,CUST-01926,2026-02-24,323.57
TX-0020886,CUST-01926,2025-05-29,315.34
TX-0020887,CUST-01927,2026-03-09,366.8
TX-0020888,CUST-01927,2025-05-31,330.89
TX-0020889,CUST-01928,2026-05-13,377.84
TX-0020890,CUST-01929,2026-03-19,344.49
TX-0020891,CUST-01930,2026-03-16,308.18
TX-0020892,CUST-01930,2026-02-23,333.8
TX-0020893,CUST-01931,2026-04-28,434.55
TX-0020894,CUST-01931,2025-12-17,487.16
TX-0020895,CUST-01931,2025-08-07,363.78
TX-0020896,CUST-01932,2026-03-21,523.69
TX-0020897,CUST-01932,2026-01-19,518.71
TX-0020898,CUST-01932,2025-07-01,337.76
TX-0020899,CUST-01933,2026-03-21,445.06
TX-0020900,CUST-01933,2025-08-16,499.2
TX-0020901,CUST-01934,2026-04-22,592.03
TX-0020902,CUST-01934,2026-03-02,439.7
TX-0020903,CUST-01935,2026-03-23,338.6
TX-0020904,CUST-01936,2026-02-24,344.33
TX-0020905,CUST-01936,2025-11-13,354.91
TX-0020906,CUST-01937,2026-01-29,356.05
TX-0020907,CUST-01937,2026-01-06,501.37
TX-0020908,CUST-01938,2026-03-07,354.58
TX-0020909,CUST-01939,2026-03-22,508.79
TX-0020910,CUST-01939,2025-08-09,429.19
TX-0020911,CUST-01940,2026-02-18,486.93
TX-0020912,CUST-01940,2025-06-16,473.35
TX-0020913,CUST-01941,2026-03-08,304.51
TX-0020914,CUST-01941,2026-01-18,453.19
TX-0020915,CUST-01941,2026-01-16,366.47
TX-0020916,CUST-01942,2026-04-18,301.11
TX-0020917,CUST-01942,2025-11-26,392.1
TX-0020918,CUST-01942,2026-02-19,471.13
TX-0020919,CUST-01943,2026-03-20,417.27
TX-0020920,CUST-01943,2025-11-27,551.16
TX-0020921,CUST-01943,2025-10-31,572.71
TX-0020922,CUST-01944,2026-02-19,353.65
TX-0020923,CUST-01944,2025-09-30,565.52
TX-0020924,CUST-01944,2025-12-12,447.12
TX-0020925,CUST-01945,2026-03-16,415.94
TX-0020926,CUST-01946,2026-04-25,529.54
TX-0020927,CUST-01946,2026-01-13,466.22
TX-0020928,CUST-01946,2025-07-18,407.91
TX-0020929,CUST-01947,2026-05-16,548.69
TX-0020930,CUST-01948,2026-05-15,541.38
TX-0020931,CUST-01949,2026-02-20,385.31
TX-0020932,CUST-01950,2026-04-23,395.56
TX-0020933,CUST-01950,2026-03-06,373.03
TX-0020934,CUST-01951,2026-05-07,532.41
TX-0020935,CUST-01951,2026-04-22,437.07
TX-0020936,CUST-01952,2026-04-30,324.65
TX-0020937,CUST-01953,2026-03-15,406.31
TX-0020938,CUST-01954,2026-04-12,330.32
TX-0020939,CUST-01954,2026-02-26,593.98
TX-0020940,CUST-01955,2026-04-18,512.7
TX-0020941,CUST-01955,2025-11-29,393.06
TX-0020942,CUST-01956,2026-01-29,412.96
TX-0020943,CUST-01957,2026-04-09,552.53
TX-0020944,CUST-01957,2025-10-11,410.38
TX-0020945,CUST-01958,2026-02-05,515.25
TX-0020946,CUST-01958,2025-08-19,309.05
TX-0020947,CUST-01959,2026-04-01,364.03
TX-0020948,CUST-01959,2025-08-13,397.76
TX-0020949,CUST-01959,2025-10-19,587.95
TX-0020950,CUST-01960,2026-04-21,366.15
TX-0020951,CUST-01960,2025-11-20,588.22
TX-0020952,CUST-01961,2026-02-15,422.89
TX-0020953,CUST-01962,2026-03-04,585.2
TX-0020954,CUST-01963,2026-04-01,527.25
TX-0020955,CUST-01963,2026-02-26,480.35
TX-0020956,CUST-01964,2026-03-21,467.52
TX-0020957,CUST-01964,2025-08-03,384.16
TX-0020958,CUST-01964,2025-07-27,595.69
TX-0020959,CUST-01965,2026-04-15,388.42
TX-0020960,CUST-01965,2025-11-27,403.91
TX-0020961,CUST-01965,2025-08-28,479.46
TX-0020962,CUST-01966,2026-05-06,342.56
TX-0020963,CUST-01967,2026-05-07,353.62
TX-0020964,CUST-01968,2026-05-03,590.16
TX-0020965,CUST-01969,2026-03-06,316.43
TX-0020966,CUST-01969,2025-05-28,482.21
TX-0020967,CUST-01969,2025-10-18,526.21
TX-0020968,CUST-01970,2026-04-28,319.56
TX-0020969,CUST-01970,2025-12-11,593.98
TX-0020970,CUST-01970,2026-03-28,519.71
TX-0020971,CUST-01971,2026-05-13,525.52
TX-0020972,CUST-01971,2025-09-12,345.24
TX-0020973,CUST-01971,2026-02-28,312.35
TX-0020974,CUST-01972,2026-05-03,318.3
TX-0020975,CUST-01973,2026-03-05,468.63
TX-0020976,CUST-01974,2026-03-21,427.52
TX-0020977,CUST-01975,2026-05-03,304.54
TX-0020978,CUST-01975,2026-04-01,491.66
TX-0020979,CUST-01975,2025-09-15,461.0
TX-0020980,CUST-01976,2026-04-11,519.25
TX-0020981,CUST-01976,2025-08-16,458.92
TX-0020982,CUST-01977,2026-03-21,551.27
TX-0020983,CUST-01977,2025-07-21,410.53
TX-0020984,CUST-01978,2026-05-04,540.23
TX-0020985,CUST-01978,2025-10-11,463.46
TX-0020986,CUST-01979,2026-03-01,328.61
TX-0020987,CUST-01979,2026-01-24,459.54
TX-0020988,CUST-01979,2025-06-18,545.77
TX-0020989,CUST-01980,2026-04-13,528.1
TX-0020990,CUST-01980,2025-06-29,534.51
TX-0020991,CUST-01980,2025-10-17,550.21
TX-0020992,CUST-01981,2026-04-20,335.53
TX-0020993,CUST-01981,2026-01-01,414.11
TX-0020994,CUST-01981,2026-03-25,310.75
TX-0020995,CUST-01982,2026-02-21,364.09
TX-0020996,CUST-01983,2026-02-15,501.6
TX-0020997,CUST-01983,2025-09-14,522.76
TX-0020998,CUST-01983,2025-10-05,590.83
TX-0020999,CUST-01984,2026-04-26,556.16
TX-0021000,CUST-01985,2026-04-21,535.76
TX-0021001,CUST-01986,2026-05-08,439.34
TX-0021002,CUST-01987,2026-05-04,530.36
TX-0021003,CUST-01988,2026-03-12,547.22
TX-0021004,CUST-01988,2026-01-24,555.17
TX-0021005,CUST-01988,2025-09-07,538.05
TX-0021006,CUST-01989,2026-01-31,530.39
TX-0021007,CUST-01990,2026-02-07,542.59
TX-0021008,CUST-01990,2025-08-11,592.6
TX-0021009,CUST-01990,2025-08-10,491.2
TX-0021010,CUST-01991,2026-04-21,538.8
TX-0021011,CUST-01991,2026-01-26,596.83
TX-0021012,CUST-01991,2026-01-10,363.09
TX-0021013,CUST-01992,2026-01-27,423.84
TX-0021014,CUST-01992,2025-10-28,572.45
TX-0021015,CUST-01993,2026-05-02,470.09
TX-0021016,CUST-01993,2025-07-27,585.03
TX-0021017,CUST-01993,2025-08-20,559.92
TX-0021018,CUST-01994,2026-03-21,415.87
TX-0021019,CUST-01994,2026-02-05,309.2
TX-0021020,CUST-01994,2026-01-19,322.34
TX-0021021,CUST-01995,2026-04-23,316.59
TX-0021022,CUST-01996,2026-04-23,476.69
TX-0021023,CUST-01997,2026-04-13,394.72
TX-0021024,CUST-01998,2026-02-28,328.53
TX-0021025,CUST-01999,2026-02-12,567.91
TX-0021026,CUST-01999,2025-08-31,514.8
TX-0021027,CUST-01999,2025-07-17,594.91
TX-0021028,CUST-02000,2026-04-12,314.13
TX-0021029,CUST-02000,2026-03-24,365.47
TX-0021030,CUST-02000,2025-09-28,491.71
TX-0021031,CUST-02001,2026-03-28,347.65
TX-0021032,CUST-02001,2025-08-20,594.37
TX-0021033,CUST-02001,2025-10-17,576.12
TX-0021034,CUST-02002,2026-05-07,356.07
TX-0021035,CUST-02002,2025-07-20,405.31
TX-0021036,CUST-02003,2026-04-24,567.11
TX-0021037,CUST-02003,2026-01-24,413.22
TX-0021038,CUST-02004,2026-03-13,409.36
TX-0021039,CUST-02005,2026-05-15,360.27
TX-0021040,CUST-02005,2026-01-03,315.29
TX-0021041,CUST-02006,2026-02-07,580.91
TX-0021042,CUST-02007,2026-04-22,495.25
TX-0021043,CUST-02008,2026-05-14,346.81
TX-0021044,CUST-02008,2025-10-22,499.57
TX-0021045,CUST-02008,2025-12-28,416.29
TX-0021046,CUST-02009,2026-04-05,585.72
TX-0021047,CUST-02010,2026-02-07,505.23
TX-0021048,CUST-02010,2025-12-06,346.41
TX-0021049,CUST-02011,2026-01-24,344.86
TX-0021050,CUST-02012,2026-05-17,517.93
TX-0021051,CUST-02012,2026-03-16,452.11
TX-0021052,CUST-02013,2026-01-29,348.49
TX-0021053,CUST-02013,2025-06-11,362.38
TX-0021054,CUST-02014,2026-03-19,399.99
TX-0021055,CUST-02014,2025-06-07,300.27
TX-0021056,CUST-02015,2026-05-17,457.08
TX-0021057,CUST-02015,2026-01-06,496.0
TX-0021058,CUST-02015,2025-09-27,528.94
TX-0021059,CUST-02016,2026-01-27,406.78
TX-0021060,CUST-02017,2026-02-11,364.78
TX-0021061,CUST-02017,2025-08-28,590.63
TX-0021062,CUST-02018,2026-04-23,374.9
TX-0021063,CUST-02018,2025-11-23,517.21
TX-0021064,CUST-02019,2026-03-24,322.41
TX-0021065,CUST-02019,2025-05-29,400.64
TX-0021066,CUST-02020,2026-03-05,438.36
TX-0021067,CUST-02020,2025-12-05,393.54
TX-0021068,CUST-02020,2025-08-30,499.35
TX-0021069,CUST-02021,2026-04-21,377.82
TX-0021070,CUST-02022,2026-05-08,373.74
TX-0021071,CUST-02023,2026-03-19,400.41
TX-0021072,CUST-02023,2025-10-29,519.43
TX-0021073,CUST-02024,2026-03-11,360.0
TX-0021074,CUST-02025,2026-03-31,354.15
TX-0021075,CUST-02025,2025-11-17,585.64
TX-0021076,CUST-02025,2025-11-26,352.13
TX-0021077,CUST-02026,2026-02-09,543.25
TX-0021078,CUST-02026,2025-08-03,566.57
TX-0021079,CUST-02026,2025-08-13,541.2
TX-0021080,CUST-02027,2026-03-12,498.0
TX-0021081,CUST-02027,2025-12-11,301.45
TX-0021082,CUST-02027,2025-07-07,413.24
TX-0021083,CUST-02028,2026-02-09,378.19
TX-0021084,CUST-02029,2026-03-13,304.58
TX-0021085,CUST-02029,2025-06-17,564.88
TX-0021086,CUST-02029,2025-08-05,527.84
TX-0021087,CUST-02030,2026-05-03,585.37
TX-0021088,CUST-02031,2026-05-12,592.13
TX-0021089,CUST-02031,2026-04-08,426.19
TX-0021090,CUST-02031,2026-02-28,406.05
TX-0021091,CUST-02032,2026-03-05,417.01
TX-0021092,CUST-02032,2025-09-30,492.05
TX-0021093,CUST-02032,2025-11-10,405.02
TX-0021094,CUST-02033,2026-05-16,454.39
TX-0021095,CUST-02033,2025-09-08,506.01
TX-0021096,CUST-02034,2026-04-11,484.26
TX-0021097,CUST-02034,2026-02-25,365.68
TX-0021098,CUST-02035,2026-01-31,576.03
TX-0021099,CUST-02035,2025-09-11,542.08
TX-0021100,CUST-02035,2025-08-04,516.02
TX-0021101,CUST-02036,2026-03-27,394.56
TX-0021102,CUST-02036,2026-03-06,499.46
TX-0021103,CUST-02036,2026-01-21,399.2
TX-0021104,CUST-02037,2026-05-08,346.34
TX-0021105,CUST-02037,2025-11-27,391.87
TX-0021106,CUST-02037,2025-09-24,450.57
TX-0021107,CUST-02038,2026-05-06,363.03
TX-0021108,CUST-02038,2026-03-20,477.54
TX-0021109,CUST-02038,2026-02-04,579.96
TX-0021110,CUST-02039,2026-04-22,356.81
TX-0021111,CUST-02040,2026-02-25,341.32
TX-0021112,CUST-02040,2025-08-13,553.61
TX-0021113,CUST-02040,2025-11-09,522.75
TX-0021114,CUST-02041,2026-03-02,550.92
TX-0021115,CUST-02042,2026-05-18,460.05
TX-0021116,CUST-02042,2026-03-22,533.0
TX-0021117,CUST-02042,2025-08-09,489.5
TX-0021118,CUST-02043,2026-02-13,526.82
TX-0021119,CUST-02044,2026-02-26,413.73
TX-0021120,CUST-02045,2026-04-15,475.85
TX-0021121,CUST-02045,2025-11-09,507.5
TX-0021122,CUST-02046,2026-01-28,513.14
TX-0021123,CUST-02046,2025-08-07,345.23
TX-0021124,CUST-02047,2026-04-04,365.09
TX-0021125,CUST-02047,2025-07-03,343.1
TX-0021126,CUST-02047,2025-09-04,523.44
TX-0021127,CUST-02048,2026-04-27,513.55
TX-0021128,CUST-02048,2025-12-03,445.46
TX-0021129,CUST-02048,2025-11-17,570.45
TX-0021130,CUST-02049,2026-02-07,588.25
TX-0021131,CUST-02049,2025-09-02,387.53
TX-0021132,CUST-02050,2026-02-11,501.07
TX-0021133,CUST-02051,2026-02-22,375.33
TX-0021134,CUST-02051,2025-12-10,411.34
TX-0021135,CUST-02052,2026-04-22,410.27
TX-0021136,CUST-02053,2026-04-22,550.47
TX-0021137,CUST-02053,2025-07-18,453.73
TX-0021138,CUST-02054,2026-05-04,309.44
TX-0021139,CUST-02054,2025-12-12,438.69
TX-0021140,CUST-02055,2026-03-08,406.79
TX-0021141,CUST-02056,2026-02-18,552.06
TX-0021142,CUST-02056,2025-05-17,324.67
TX-0021143,CUST-02057,2026-03-22,366.85
TX-0021144,CUST-02057,2026-02-09,577.0
TX-0021145,CUST-02057,2025-09-09,423.58
TX-0021146,CUST-02058,2026-02-26,468.84
TX-0021147,CUST-02058,2025-05-18,553.16
TX-0021148,CUST-02059,2026-02-11,554.71
TX-0021149,CUST-02059,2025-10-01,441.59
TX-0021150,CUST-02060,2026-02-14,372.98
TX-0021151,CUST-02060,2025-11-21,548.38
TX-0021152,CUST-02061,2026-03-09,498.71
TX-0021153,CUST-02062,2026-03-30,359.35
TX-0021154,CUST-02062,2025-07-13,417.73
TX-0021155,CUST-02062,2025-07-21,414.09
TX-0021156,CUST-02063,2026-05-11,528.54
TX-0021157,CUST-02064,2026-04-11,543.27
TX-0021158,CUST-02064,2026-01-14,586.58
TX-0021159,CUST-02065,2026-04-11,422.9
TX-0021160,CUST-02066,2026-05-03,507.64
TX-0021161,CUST-02067,2026-03-22,476.61
TX-0021162,CUST-02067,2026-03-05,533.61
TX-0021163,CUST-02068,2026-02-18,564.7
TX-0021164,CUST-02068,2025-09-09,579.58
TX-0021165,CUST-02068,2026-02-01,489.21
TX-0021166,CUST-02069,2026-05-15,567.58
TX-0021167,CUST-02070,2026-02-18,510.11
TX-0021168,CUST-02070,2025-08-29,406.81
TX-0021169,CUST-02071,2026-02-28,539.43
TX-0021170,CUST-02071,2025-05-09,562.79
TX-0021171,CUST-02072,2026-05-06,412.08
TX-0021172,CUST-02072,2026-04-17,417.28
TX-0021173,CUST-02073,2026-04-07,302.58
TX-0021174,CUST-02073,2026-02-22,529.2
TX-0021175,CUST-02073,2025-10-22,509.35
TX-0021176,CUST-02074,2026-03-02,537.22
TX-0021177,CUST-02074,2025-10-19,431.12
TX-0021178,CUST-02075,2026-04-09,433.33
TX-0021179,CUST-02075,2025-09-25,391.03
TX-0021180,CUST-02076,2026-01-28,516.98
TX-0021181,CUST-02076,2025-04-20,359.06
TX-0021182,CUST-02076,2025-06-17,375.72
TX-0021183,CUST-02077,2026-03-03,365.23
TX-0021184,CUST-02077,2025-07-28,333.99
TX-0021185,CUST-02078,2026-04-03,390.64
TX-0021186,CUST-02079,2026-03-16,374.89
TX-0021187,CUST-02079,2026-02-08,373.7
TX-0021188,CUST-02079,2025-12-17,477.23
TX-0021189,CUST-02080,2026-04-17,441.1
TX-0021190,CUST-02081,2026-03-19,522.37
TX-0021191,CUST-02081,2025-12-19,500.28
TX-0021192,CUST-02081,2025-12-21,504.08
TX-0021193,CUST-02082,2026-03-30,477.22
TX-0021194,CUST-02082,2025-12-15,587.73
TX-0021195,CUST-02082,2025-11-19,430.19
TX-0021196,CUST-02083,2026-03-03,579.78
TX-0021197,CUST-02084,2026-03-29,437.52
TX-0021198,CUST-02084,2025-12-29,448.1
TX-0021199,CUST-02084,2025-07-23,518.59
TX-0021200,CUST-02085,2026-02-25,519.88
TX-0021201,CUST-02086,2026-02-23,346.67
TX-0021202,CUST-02086,2025-09-28,561.13
TX-0021203,CUST-02086,2025-09-19,397.45
TX-0021204,CUST-02087,2026-05-07,448.43
TX-0021205,CUST-02087,2026-03-17,427.78
TX-0021206,CUST-02087,2025-08-10,499.06
TX-0021207,CUST-02088,2026-03-10,389.02
TX-0021208,CUST-02089,2026-05-07,530.0
TX-0021209,CUST-02090,2026-02-05,306.6
TX-0021210,CUST-02090,2025-05-18,573.63
TX-0021211,CUST-02090,2025-08-01,558.32
TX-0021212,CUST-02091,2026-03-28,381.6
TX-0021213,CUST-02092,2026-03-02,539.63
TX-0021214,CUST-02092,2025-08-12,445.07
TX-0021215,CUST-02092,2025-09-28,308.48
TX-0021216,CUST-02093,2026-04-01,511.13
TX-0021217,CUST-02094,2026-02-24,595.71
TX-0021218,CUST-02094,2025-09-24,335.11
TX-0021219,CUST-02094,2025-08-16,347.49
TX-0021220,CUST-02095,2026-04-20,528.85
TX-0021221,CUST-02095,2025-08-19,531.83
TX-0021222,CUST-02096,2026-02-04,432.87
TX-0021223,CUST-02096,2025-07-30,395.57
TX-0021224,CUST-02096,2025-08-02,422.96
TX-0021225,CUST-02097,2026-02-24,342.07
TX-0021226,CUST-02097,2025-07-16,418.91
TX-0021227,CUST-02098,2026-03-26,598.35
TX-0021228,CUST-02098,2026-02-15,311.34
TX-0021229,CUST-02099,2026-03-28,324.06
TX-0021230,CUST-02099,2025-12-18,557.79
TX-0021231,CUST-02099,2025-10-08,358.9
TX-0021232,CUST-02100,2026-02-09,405.48
TX-0021233,CUST-02101,2026-03-09,344.14
TX-0021234,CUST-02101,2025-08-10,372.67
TX-0021235,CUST-02101,2025-08-09,484.2
TX-0021236,CUST-02102,2026-03-27,318.16
TX-0021237,CUST-02102,2025-12-29,467.55
TX-0021238,CUST-02103,2026-04-23,382.35
TX-0021239,CUST-02104,2026-03-09,477.18
TX-0021240,CUST-02104,2025-05-19,471.39
TX-0021241,CUST-02105,2026-04-04,597.95
TX-0021242,CUST-02105,2025-10-29,533.75
TX-0021243,CUST-02105,2025-10-02,559.06
TX-0021244,CUST-02106,2026-02-15,529.27
TX-0021245,CUST-02107,2026-05-05,468.98
TX-0021246,CUST-02107,2026-01-06,560.03
TX-0021247,CUST-02107,2025-09-30,515.02
TX-0021248,CUST-02108,2026-05-04,509.82
TX-0021249,CUST-02108,2025-08-24,376.63
TX-0021250,CUST-02108,2026-02-26,453.96
TX-0021251,CUST-02109,2026-03-26,509.89
TX-0021252,CUST-02110,2026-02-24,387.54
TX-0021253,CUST-02110,2025-09-01,574.04
TX-0021254,CUST-02110,2025-07-12,596.44
TX-0021255,CUST-02111,2026-04-10,438.46
TX-0021256,CUST-02112,2026-04-27,528.88
TX-0021257,CUST-02112,2026-04-01,573.58
TX-0021258,CUST-02113,2026-02-05,426.74
TX-0021259,CUST-02114,2026-04-22,339.69
TX-0021260,CUST-02115,2026-02-25,524.09
TX-0021261,CUST-02116,2026-01-28,572.23
TX-0021262,CUST-02116,2025-05-22,353.39
TX-0021263,CUST-02117,2026-02-04,495.5
TX-0021264,CUST-02117,2025-12-08,546.74
TX-0021265,CUST-02118,2026-02-23,493.7
TX-0021266,CUST-02118,2026-01-05,388.22
TX-0021267,CUST-02118,2025-10-25,421.95
TX-0021268,CUST-02119,2026-01-24,331.31
TX-0021269,CUST-02119,2025-11-26,422.74
TX-0021270,CUST-02120,2026-03-02,348.66
TX-0021271,CUST-02120,2025-08-16,323.99
TX-0021272,CUST-02120,2025-10-19,489.69
TX-0021273,CUST-02121,2026-03-30,541.38
TX-0021274,CUST-02122,2026-05-03,456.78
TX-0021275,CUST-02122,2026-02-13,309.14
TX-0021276,CUST-02122,2025-11-22,364.25
TX-0021277,CUST-02123,2026-02-15,527.92
TX-0021278,CUST-02123,2025-11-01,316.33
TX-0021279,CUST-02124,2026-05-19,313.61
TX-0021280,CUST-02124,2026-03-27,378.13
TX-0021281,CUST-02125,2026-03-11,533.91
TX-0021282,CUST-02125,2025-05-27,309.1
TX-0021283,CUST-02126,2026-04-09,472.91
TX-0021284,CUST-02126,2025-07-04,548.03
TX-0021285,CUST-02127,2026-04-27,329.17
TX-0021286,CUST-02127,2026-03-18,356.08
TX-0021287,CUST-02128,2026-02-21,440.26
TX-0021288,CUST-02128,2025-06-05,447.74
TX-0021289,CUST-02128,2026-01-02,435.04
TX-0021290,CUST-02129,2026-05-17,597.57
TX-0021291,CUST-02129,2026-04-05,312.6
TX-0021292,CUST-02129,2025-11-06,404.69
TX-0021293,CUST-02130,2026-02-28,594.8
TX-0021294,CUST-02131,2026-03-31,562.37
TX-0021295,CUST-02132,2026-05-16,361.45
TX-0021296,CUST-02132,2026-03-24,458.49
TX-0021297,CUST-02132,2025-11-06,561.44
TX-0021298,CUST-02133,2026-04-01,420.5
TX-0021299,CUST-02133,2025-12-24,328.3
TX-0021300,CUST-02134,2026-02-22,574.56
TX-0021301,CUST-02134,2025-12-12,502.73
TX-0021302,CUST-02134,2025-10-04,484.25
TX-0021303,CUST-02135,2026-03-30,315.47
TX-0021304,CUST-02135,2025-08-17,418.33
TX-0021305,CUST-02136,2026-03-04,407.69
TX-0021306,CUST-02136,2025-06-21,545.78
TX-0021307,CUST-02136,2025-12-10,527.07
TX-0021308,CUST-02137,2026-02-01,312.52
TX-0021309,CUST-02137,2025-04-11,431.24
TX-0021310,CUST-02138,2026-05-04,546.95
TX-0021311,CUST-02138,2026-01-30,324.86
TX-0021312,CUST-02138,2025-10-29,569.54
TX-0021313,CUST-02139,2026-04-27,404.21
TX-0021314,CUST-02140,2026-03-10,418.36
TX-0021315,CUST-02140,2025-12-13,468.51
TX-0021316,CUST-02141,2026-05-12,336.86
TX-0021317,CUST-02142,2026-02-18,305.13
TX-0021318,CUST-02142,2025-06-17,536.11
TX-0021319,CUST-02143,2026-05-06,496.76
TX-0021320,CUST-02143,2026-01-11,353.75
TX-0021321,CUST-02144,2026-03-18,301.18
TX-0021322,CUST-02145,2026-04-15,339.35
TX-0021323,CUST-02145,2025-09-06,581.91
TX-0021324,CUST-02145,2026-03-07,463.12
TX-0021325,CUST-02146,2026-05-19,339.84
TX-0021326,CUST-02146,2025-08-08,550.18
TX-0021327,CUST-02146,2026-05-01,398.78
TX-0021328,CUST-02147,2026-03-15,315.05
TX-0021329,CUST-02147,2025-07-05,504.02
TX-0021330,CUST-02147,2025-06-28,344.57
TX-0021331,CUST-02148,2026-02-25,306.58
TX-0021332,CUST-02148,2025-12-27,346.63
TX-0021333,CUST-02148,2025-05-23,487.72
TX-0021334,CUST-02149,2026-01-25,523.71
TX-0021335,CUST-02150,2026-01-27,562.19
TX-0021336,CUST-02151,2026-02-13,368.58
TX-0021337,CUST-02151,2025-09-01,498.33
TX-0021338,CUST-02152,2026-05-03,549.71
TX-0021339,CUST-02153,2026-04-09,379.95
TX-0021340,CUST-02153,2025-10-29,553.04
TX-0021341,CUST-02154,2026-05-07,585.12
TX-0021342,CUST-02155,2026-01-26,513.64
TX-0021343,CUST-02155,2025-07-22,311.14
TX-0021344,CUST-02156,2026-02-10,565.38
TX-0021345,CUST-02156,2025-12-16,303.46
TX-0021346,CUST-02157,2026-04-16,502.52
TX-0021347,CUST-02158,2026-04-08,319.56
TX-0021348,CUST-02159,2026-02-27,547.65
TX-0021349,CUST-02159,2025-12-13,357.55
TX-0021350,CUST-02160,2026-01-24,348.67
TX-0021351,CUST-02161,2026-05-01,308.13
TX-0021352,CUST-02161,2025-07-09,390.57
TX-0021353,CUST-02161,2025-11-16,301.81
TX-0021354,CUST-02162,2026-05-01,560.79
TX-0021355,CUST-02162,2026-01-01,494.19
TX-0021356,CUST-02162,2025-12-12,346.59
TX-0021357,CUST-02163,2026-04-10,371.76
TX-0021358,CUST-02163,2026-03-09,491.41
TX-0021359,CUST-02164,2026-05-03,396.87
TX-0021360,CUST-02165,2026-02-25,348.55
TX-0021361,CUST-02166,2026-03-22,435.06
TX-0021362,CUST-02167,2026-04-20,599.93
TX-0021363,CUST-02167,2025-11-26,400.63
TX-0021364,CUST-02168,2026-03-21,457.27
TX-0021365,CUST-02169,2026-02-28,563.33
TX-0021366,CUST-02170,2026-03-13,556.7
TX-0021367,CUST-02171,2026-02-28,356.4
TX-0021368,CUST-02171,2025-12-10,421.57
TX-0021369,CUST-02172,2026-03-23,419.13
TX-0021370,CUST-02173,2026-03-20,515.02
TX-0021371,CUST-02173,2025-09-20,451.86
TX-0021372,CUST-02173,2026-02-28,480.73
TX-0021373,CUST-02174,2026-02-09,424.89
TX-0021374,CUST-02175,2026-03-23,339.41
TX-0021375,CUST-02176,2026-04-21,421.85
TX-0021376,CUST-02176,2026-01-13,529.28
TX-0021377,CUST-02176,2025-08-29,365.23
TX-0021378,CUST-02177,2026-02-27,347.52
TX-0021379,CUST-02177,2026-01-21,397.9
TX-0021380,CUST-02177,2025-05-04,440.95
TX-0021381,CUST-02178,2026-04-29,469.75
TX-0021382,CUST-02178,2026-03-14,423.6
TX-0021383,CUST-02178,2026-03-26,424.77
TX-0021384,CUST-02179,2026-04-14,355.22
TX-0021385,CUST-02179,2025-12-15,381.18
TX-0021386,CUST-02179,2025-12-13,462.68
TX-0021387,CUST-02180,2026-03-20,549.76
TX-0021388,CUST-02180,2025-06-20,302.13
TX-0021389,CUST-02180,2025-07-30,368.93
TX-0021390,CUST-02181,2026-02-06,443.31
TX-0021391,CUST-02181,2025-10-25,502.5
TX-0021392,CUST-02182,2026-04-12,301.46
TX-0021393,CUST-02182,2025-10-31,361.97
TX-0021394,CUST-02183,2026-05-08,344.21
TX-0021395,CUST-02183,2026-03-07,486.83
TX-0021396,CUST-02184,2026-03-03,319.97
TX-0021397,CUST-02184,2025-08-02,324.69
TX-0021398,CUST-02185,2026-01-29,376.15
TX-0021399,CUST-02185,2025-12-01,472.29
TX-0021400,CUST-02185,2025-08-16,356.13
TX-0021401,CUST-02186,2026-04-27,594.25
TX-0021402,CUST-02186,2026-03-23,481.82
TX-0021403,CUST-02186,2025-11-18,458.92
TX-0021404,CUST-02187,2026-02-05,378.92
TX-0021405,CUST-02188,2026-03-12,443.27
TX-0021406,CUST-02188,2025-10-14,419.42
TX-0021407,CUST-02189,2026-04-17,332.9
TX-0021408,CUST-02189,2025-11-16,347.76
TX-0021409,CUST-02189,2025-12-17,321.35
TX-0021410,CUST-02190,2026-02-07,448.74
TX-0021411,CUST-02190,2025-08-02,315.03
TX-0021412,CUST-02190,2025-08-03,534.33
TX-0021413,CUST-02191,2026-05-19,444.16
TX-0021414,CUST-02191,2025-11-18,510.18
TX-0021415,CUST-02192,2026-04-22,489.28
TX-0021416,CUST-02192,2025-10-19,541.39
TX-0021417,CUST-02193,2026-04-04,582.27
TX-0021418,CUST-02193,2026-01-17,337.9
TX-0021419,CUST-02193,2025-07-31,502.63
TX-0021420,CUST-02194,2026-05-17,576.84
TX-0021421,CUST-02194,2026-01-18,558.04
TX-0021422,CUST-02195,2026-02-19,353.1
TX-0021423,CUST-02196,2026-05-13,594.67
TX-0021424,CUST-02197,2026-02-02,383.22
TX-0021425,CUST-02197,2025-10-31,483.09
TX-0021426,CUST-02198,2026-02-22,478.59
TX-0021427,CUST-02199,2026-03-24,389.09
TX-0021428,CUST-02199,2025-11-13,522.82
TX-0021429,CUST-02199,2025-10-11,386.19
TX-0021430,CUST-02200,2026-05-08,465.32
TX-0021431,CUST-02200,2025-09-28,528.48
TX-0021432,CUST-02201,2026-03-18,335.08
TX-0021433,CUST-02201,2025-06-13,587.31
TX-0021434,CUST-02201,2025-09-02,465.2
TX-0021435,CUST-02202,2026-04-04,388.87
TX-0021436,CUST-02202,2026-02-27,431.38
TX-0021437,CUST-02202,2025-11-02,581.12
TX-0021438,CUST-02203,2026-02-21,398.37
TX-0021439,CUST-02204,2026-05-13,555.03
TX-0021440,CUST-02204,2025-12-09,532.93
TX-0021441,CUST-02204,2026-04-18,364.84
TX-0021442,CUST-02205,2026-05-14,450.99
TX-0021443,CUST-02205,2026-03-23,326.96
TX-0021444,CUST-02205,2026-01-22,374.93
TX-0021445,CUST-02206,2026-02-13,598.84
TX-0021446,CUST-02206,2025-10-07,526.79
TX-0021447,CUST-02207,2026-03-30,302.27
TX-0021448,CUST-02208,2026-02-05,511.76
TX-0021449,CUST-02208,2025-09-19,440.9
TX-0021450,CUST-02209,2026-02-03,456.08
TX-0021451,CUST-02209,2025-06-15,305.68
TX-0021452,CUST-02209,2025-06-22,401.47
TX-0021453,CUST-02210,2026-03-23,551.3
TX-0021454,CUST-02210,2025-12-27,427.34
TX-0021455,CUST-02210,2025-11-15,361.14
TX-0021456,CUST-02211,2026-02-18,359.12
TX-0021457,CUST-02211,2025-08-14,459.82
TX-0021458,CUST-02211,2025-05-22,508.36
TX-0021459,CUST-02212,2026-03-28,506.9
TX-0021460,CUST-02213,2026-04-14,305.08
TX-0021461,CUST-02214,2026-03-01,493.89
TX-0021462,CUST-02214,2025-12-10,367.24
TX-0021463,CUST-02215,2026-03-25,348.84
TX-0021464,CUST-02215,2025-12-16,524.46
TX-0021465,CUST-02215,2025-05-30,403.97
TX-0021466,CUST-02216,2026-01-30,331.71
TX-0021467,CUST-02216,2025-05-13,486.55
TX-0021468,CUST-02217,2026-01-25,423.53
TX-0021469,CUST-02217,2025-04-08,546.19
TX-0021470,CUST-02217,2025-05-25,547.98
TX-0021471,CUST-02218,2026-04-12,348.72
TX-0021472,CUST-02218,2025-08-06,593.66
TX-0021473,CUST-02219,2026-04-01,453.18
TX-0021474,CUST-02219,2025-07-09,415.6
TX-0021475,CUST-02219,2025-06-21,321.34
TX-0021476,CUST-02220,2026-01-28,446.08
TX-0021477,CUST-02220,2025-07-04,414.4
TX-0021478,CUST-02221,2026-05-06,594.94
TX-0021479,CUST-02221,2026-02-09,542.39
TX-0021480,CUST-02222,2026-04-12,452.86
TX-0021481,CUST-02222,2025-08-15,498.55
TX-0021482,CUST-02222,2025-11-05,503.21
TX-0021483,CUST-02223,2026-03-08,372.78
TX-0021484,CUST-02223,2026-01-19,585.27
TX-0021485,CUST-02223,2025-06-06,425.79
TX-0021486,CUST-02224,2026-05-03,564.76
TX-0021487,CUST-02224,2025-11-18,312.02
TX-0021488,CUST-02224,2026-04-06,512.19
TX-0021489,CUST-02225,2026-03-24,374.61
TX-0021490,CUST-02225,2025-11-17,449.62
TX-0021491,CUST-02225,2025-10-07,433.68
TX-0021492,CUST-02226,2026-02-20,365.67
TX-0021493,CUST-02227,2026-02-08,321.93
TX-0021494,CUST-02227,2025-10-20,486.64
TX-0021495,CUST-02227,2025-07-28,586.95
TX-0021496,CUST-02228,2026-04-03,583.51
TX-0021497,CUST-02228,2025-09-09,462.4
TX-0021498,CUST-02228,2026-03-08,383.19
TX-0021499,CUST-02229,2026-02-14,311.74
TX-0021500,CUST-02229,2025-09-14,311.13
TX-0021501,CUST-02230,2026-04-12,474.25
TX-0021502,CUST-02231,2026-04-05,417.35
TX-0021503,CUST-02231,2025-06-29,314.43
TX-0021504,CUST-02232,2026-02-22,407.39
TX-0021505,CUST-02232,2025-10-17,570.33
TX-0021506,CUST-02233,2026-03-30,517.16
TX-0021507,CUST-02234,2026-04-12,466.53
TX-0021508,CUST-02234,2025-11-08,345.62
TX-0021509,CUST-02234,2026-02-26,412.56
TX-0021510,CUST-02235,2026-05-14,373.67
TX-0021511,CUST-02235,2025-09-26,336.15
TX-0021512,CUST-02236,2026-02-11,473.83
TX-0021513,CUST-02236,2025-08-29,394.74
TX-0021514,CUST-02237,2026-01-28,577.92
TX-0021515,CUST-02237,2025-07-16,390.18
TX-0021516,CUST-02237,2025-07-05,465.54
TX-0021517,CUST-02238,2026-04-02,314.33
TX-0021518,CUST-02238,2025-11-21,365.89
TX-0021519,CUST-02238,2025-09-21,560.8
TX-0021520,CUST-02239,2026-02-10,305.44
TX-0021521,CUST-02240,2026-05-07,491.64
TX-0021522,CUST-02241,2026-05-08,528.79
TX-0021523,CUST-02241,2026-02-14,301.75
TX-0021524,CUST-02241,2025-10-14,514.73
TX-0021525,CUST-02242,2026-02-06,560.22
TX-0021526,CUST-02242,2026-01-10,575.36
TX-0021527,CUST-02243,2026-04-17,385.36
TX-0021528,CUST-02243,2025-07-15,468.84
TX-0021529,CUST-02244,2026-04-13,463.09
TX-0021530,CUST-02244,2025-07-07,539.61
TX-0021531,CUST-02245,2026-02-21,386.52
TX-0021532,CUST-02245,2025-10-27,450.04
TX-0021533,CUST-02246,2026-02-06,402.4
TX-0021534,CUST-02246,2025-10-05,586.93
TX-0021535,CUST-02247,2026-01-24,557.85
TX-0021536,CUST-02247,2025-08-06,353.48
TX-0021537,CUST-02248,2026-02-17,336.06
TX-0021538,CUST-02248,2025-08-11,319.18
TX-0021539,CUST-02249,2026-05-06,497.24
TX-0021540,CUST-02250,2026-03-20,381.35
TX-0021541,CUST-02250,2025-08-20,474.56
TX-0021542,CUST-02251,2026-01-29,493.37
TX-0021543,CUST-02252,2026-05-05,462.33
TX-0021544,CUST-02253,2026-02-03,479.37
TX-0021545,CUST-02254,2026-01-28,537.38
TX-0021546,CUST-02255,2026-03-02,468.06
TX-0021547,CUST-02255,2025-12-21,484.28
TX-0021548,CUST-02256,2026-02-01,436.65
TX-0021549,CUST-02257,2026-04-29,312.21
TX-0021550,CUST-02257,2025-09-25,424.05
TX-0021551,CUST-02257,2026-03-04,352.72
TX-0021552,CUST-02258,2026-01-29,308.84
TX-0021553,CUST-02258,2025-08-24,427.49
TX-0021554,CUST-02259,2026-05-17,564.89
TX-0021555,CUST-02259,2025-08-12,363.49
TX-0021556,CUST-02260,2026-04-07,375.19
TX-0021557,CUST-02261,2026-03-03,520.44
TX-0021558,CUST-02262,2026-03-02,463.15
TX-0021559,CUST-02262,2025-08-05,555.59
TX-0021560,CUST-02263,2026-02-15,483.1
TX-0021561,CUST-02263,2025-10-07,432.54
TX-0021562,CUST-02264,2026-03-16,345.46
TX-0021563,CUST-02264,2026-01-14,390.02
TX-0021564,CUST-02265,2026-04-20,424.15
TX-0021565,CUST-02265,2026-02-17,517.95
TX-0021566,CUST-02265,2025-08-23,418.82
TX-0021567,CUST-02266,2026-01-26,584.44
TX-0021568,CUST-02266,2025-10-17,358.07
TX-0021569,CUST-02266,2025-11-28,396.23
TX-0021570,CUST-02267,2026-04-30,347.13
TX-0021571,CUST-02267,2026-02-07,487.45
TX-0021572,CUST-02268,2026-03-30,325.54
TX-0021573,CUST-02269,2026-04-16,503.52
TX-0021574,CUST-02270,2026-04-30,346.85
TX-0021575,CUST-02270,2026-01-17,319.04
TX-0021576,CUST-02271,2026-02-24,438.46
TX-0021577,CUST-02272,2026-02-27,372.15
TX-0021578,CUST-02272,2025-09-15,445.6
TX-0021579,CUST-02272,2025-11-04,518.58
TX-0021580,CUST-02273,2026-02-19,503.66
TX-0021581,CUST-02274,2026-04-10,521.8
TX-0021582,CUST-02275,2026-03-24,525.11
TX-0021583,CUST-02275,2025-08-25,349.47
TX-0021584,CUST-02276,2026-05-07,379.5
TX-0021585,CUST-02277,2026-03-25,439.47
TX-0021586,CUST-02277,2026-01-24,500.19
TX-0021587,CUST-02278,2026-03-14,489.9
TX-0021588,CUST-02279,2026-03-13,367.84
TX-0021589,CUST-02279,2025-12-11,364.56
TX-0021590,CUST-02280,2026-03-19,329.18
TX-0021591,CUST-02280,2025-09-18,394.83
TX-0021592,CUST-02280,2025-12-15,477.58
TX-0021593,CUST-02281,2026-02-05,563.58
TX-0021594,CUST-02281,2025-08-21,331.62
TX-0021595,CUST-02281,2025-08-21,311.16
TX-0021596,CUST-02282,2026-05-07,412.42
TX-0021597,CUST-02282,2026-01-25,364.46
TX-0021598,CUST-02282,2025-12-06,430.53
TX-0021599,CUST-02283,2026-03-30,309.96
TX-0021600,CUST-02283,2025-11-21,585.0
TX-0021601,CUST-02283,2026-01-08,343.51
TX-0021602,CUST-02284,2026-02-05,456.77
TX-0021603,CUST-02284,2025-10-12,568.69
TX-0021604,CUST-02284,2025-08-20,451.64
TX-0021605,CUST-02285,2026-04-25,584.93
TX-0021606,CUST-02286,2026-04-18,480.47
TX-0021607,CUST-02286,2025-08-23,537.02
TX-0021608,CUST-02287,2026-05-08,450.14
TX-0021609,CUST-02287,2025-08-20,540.66
TX-0021610,CUST-02288,2026-04-05,435.38
TX-0021611,CUST-02288,2025-09-18,530.91
TX-0021612,CUST-02288,2025-08-28,301.12
TX-0021613,CUST-02289,2026-02-13,452.64
TX-0021614,CUST-02289,2025-05-06,551.84
TX-0021615,CUST-02289,2025-06-13,351.19
TX-0021616,CUST-02290,2026-02-08,358.9
TX-0021617,CUST-02291,2026-05-15,561.41
TX-0021618,CUST-02291,2025-10-29,510.17
TX-0021619,CUST-02291,2025-09-09,476.17
TX-0021620,CUST-02292,2026-04-09,591.11
TX-0021621,CUST-02292,2025-11-13,324.18
TX-0021622,CUST-02293,2026-04-01,336.62
TX-0021623,CUST-02293,2025-12-28,481.67
TX-0021624,CUST-02293,2026-02-22,378.98
TX-0021625,CUST-02294,2026-03-27,417.0
TX-0021626,CUST-02295,2026-05-04,569.08
TX-0021627,CUST-02296,2026-04-26,539.86
TX-0021628,CUST-02296,2025-11-14,445.72
TX-0021629,CUST-02297,2026-04-05,508.37
TX-0021630,CUST-02298,2026-03-03,418.51
TX-0021631,CUST-02299,2026-05-01,533.95
TX-0021632,CUST-02299,2025-12-16,569.58
TX-0021633,CUST-02300,2026-04-26,441.07
TX-0021634,CUST-02300,2025-10-04,530.25
TX-0021635,CUST-02301,2026-03-10,459.89
TX-0021636,CUST-02301,2025-07-15,386.03
TX-0021637,CUST-02301,2025-07-11,458.02
TX-0021638,CUST-02302,2026-03-11,469.82
TX-0021639,CUST-02302,2025-12-19,581.14
TX-0021640,CUST-02302,2026-02-20,521.69
TX-0021641,CUST-02303,2026-02-04,500.59
TX-0021642,CUST-02303,2025-09-29,582.7
TX-0021643,CUST-02304,2026-03-05,347.42
TX-0021644,CUST-02304,2025-07-21,351.16
TX-0021645,CUST-02304,2026-02-11,472.03
TX-0021646,CUST-02305,2026-03-31,518.5
TX-0021647,CUST-02306,2026-05-07,327.47
TX-0021648,CUST-02306,2025-10-05,314.6
TX-0021649,CUST-02306,2026-03-02,413.64
TX-0021650,CUST-02307,2026-03-07,430.35
TX-0021651,CUST-02307,2025-06-11,325.23
TX-0021652,CUST-02307,2025-05-17,552.14
TX-0021653,CUST-02308,2026-05-05,424.04
TX-0021654,CUST-02308,2025-10-21,572.87
TX-0021655,CUST-02309,2026-05-10,300.04
TX-0021656,CUST-02309,2025-12-22,411.83
TX-0021657,CUST-02309,2026-03-05,385.06
TX-0021658,CUST-02310,2026-05-02,462.42
TX-0021659,CUST-02310,2025-07-12,539.51
TX-0021660,CUST-02311,2026-05-09,555.22
TX-0021661,CUST-02312,2026-03-29,455.79
TX-0021662,CUST-02312,2025-11-11,533.58
TX-0021663,CUST-02312,2026-01-05,513.87
TX-0021664,CUST-02313,2026-03-21,310.86
TX-0021665,CUST-02313,2025-06-04,316.35
TX-0021666,CUST-02313,2025-07-21,428.21
TX-0021667,CUST-02314,2026-05-01,345.02
TX-0021668,CUST-02315,2026-04-24,426.38
TX-0021669,CUST-02315,2025-09-24,550.25
TX-0021670,CUST-02315,2025-07-28,375.12
TX-0021671,CUST-02316,2026-03-08,304.35
TX-0021672,CUST-02316,2025-12-23,506.68
TX-0021673,CUST-02317,2026-03-23,508.14
TX-0021674,CUST-02318,2026-02-11,500.44
TX-0021675,CUST-02318,2025-08-12,477.59
TX-0021676,CUST-02318,2025-05-20,322.69
TX-0021677,CUST-02319,2026-05-19,319.79
TX-0021678,CUST-02319,2025-08-24,448.6
TX-0021679,CUST-02319,2025-08-14,380.68
TX-0021680,CUST-02320,2026-02-26,477.96
TX-0021681,CUST-02320,2025-08-21,558.36
TX-0021682,CUST-02320,2026-01-29,466.78
TX-0021683,CUST-02321,2026-03-31,305.42
TX-0021684,CUST-02322,2026-04-29,524.91
TX-0021685,CUST-02322,2025-10-03,520.89
TX-0021686,CUST-02322,2025-09-19,539.98
TX-0021687,CUST-02323,2026-04-07,404.27
TX-0021688,CUST-02323,2025-07-09,531.29
TX-0021689,CUST-02324,2026-03-03,430.59
TX-0021690,CUST-02325,2026-04-26,533.67
TX-0021691,CUST-02325,2026-02-19,374.14
TX-0021692,CUST-02325,2025-10-14,486.81
TX-0021693,CUST-02326,2026-02-23,429.94
TX-0021694,CUST-02326,2025-05-02,561.74
TX-0021695,CUST-02326,2025-11-11,499.31
TX-0021696,CUST-02327,2026-05-19,418.24
TX-0021697,CUST-02327,2026-01-13,335.89
TX-0021698,CUST-02328,2026-04-29,334.94
TX-0021699,CUST-02328,2025-08-18,550.62
TX-0021700,CUST-02329,2026-04-08,480.55
TX-0021701,CUST-02329,2026-01-31,557.27
TX-0021702,CUST-02330,2026-02-04,568.29
TX-0021703,CUST-02330,2025-12-13,564.62
TX-0021704,CUST-02330,2025-10-13,451.63
TX-0021705,CUST-02331,2026-04-24,576.68
TX-0021706,CUST-02331,2026-02-21,327.85
TX-0021707,CUST-02332,2026-03-16,555.11
TX-0021708,CUST-02333,2026-04-21,559.11
TX-0021709,CUST-02334,2026-04-10,351.59
TX-0021710,CUST-02334,2025-07-05,526.28
TX-0021711,CUST-02334,2025-08-12,404.99
TX-0021712,CUST-02335,2026-04-03,485.0
TX-0021713,CUST-02336,2026-04-18,522.18
TX-0021714,CUST-02337,2026-04-10,418.54
TX-0021715,CUST-02337,2025-08-17,301.42
TX-0021716,CUST-02338,2026-05-16,382.14
TX-0021717,CUST-02339,2026-03-19,418.14
TX-0021718,CUST-02339,2026-02-04,523.27
TX-0021719,CUST-02339,2025-06-11,402.5
TX-0021720,CUST-02340,2026-01-29,555.7
TX-0021721,CUST-02340,2025-08-12,484.44
TX-0021722,CUST-02341,2026-05-06,571.23
TX-0021723,CUST-02342,2026-02-19,525.76
TX-0021724,CUST-02342,2025-06-30,526.71
TX-0021725,CUST-02342,2025-09-16,483.76
TX-0021726,CUST-02343,2026-04-21,338.67
TX-0021727,CUST-02343,2025-07-21,548.19
TX-0021728,CUST-02344,2026-03-21,502.15
TX-0021729,CUST-02344,2025-11-23,541.53
TX-0021730,CUST-02345,2026-02-16,483.28
TX-0021731,CUST-02345,2025-12-18,364.37
TX-0021732,CUST-02345,2025-11-18,333.63
TX-0021733,CUST-02346,2026-03-21,594.5
TX-0021734,CUST-02346,2025-05-29,472.02
TX-0021735,CUST-02347,2026-02-14,374.9
TX-0021736,CUST-02347,2025-11-01,367.31
TX-0021737,CUST-02347,2025-07-13,535.8
TX-0021738,CUST-02348,2026-02-25,331.35
TX-0021739,CUST-02348,2025-06-22,406.88
TX-0021740,CUST-02348,2026-01-29,535.85
TX-0021741,CUST-02349,2026-04-07,428.92
TX-0021742,CUST-02350,2026-03-09,300.17
TX-0021743,CUST-02350,2025-11-03,406.24
TX-0021744,CUST-02351,2026-02-24,471.14
TX-0021745,CUST-02352,2026-04-16,335.45
TX-0021746,CUST-02352,2025-06-27,380.47
TX-0021747,CUST-02352,2026-01-04,505.19
TX-0021748,CUST-02353,2026-03-11,310.38
TX-0021749,CUST-02354,2026-01-26,446.56
TX-0021750,CUST-02354,2025-05-06,368.07
TX-0021751,CUST-02355,2026-03-05,423.66
TX-0021752,CUST-02355,2025-11-27,353.8
TX-0021753,CUST-02356,2026-04-24,465.66
TX-0021754,CUST-02356,2026-01-17,324.93
TX-0021755,CUST-02357,2026-05-05,399.52
TX-0021756,CUST-02358,2026-05-14,593.49
TX-0021757,CUST-02358,2025-10-12,303.6
TX-0021758,CUST-02358,2025-07-26,505.81
TX-0021759,CUST-02359,2026-05-03,460.9
TX-0021760,CUST-02359,2025-11-18,438.88
TX-0021761,CUST-02359,2025-09-07,465.33
TX-0021762,CUST-02360,2026-02-18,567.92
TX-0021763,CUST-02360,2025-08-03,459.14
TX-0021764,CUST-02360,2025-08-24,436.88
TX-0021765,CUST-02361,2026-05-04,504.71
TX-0021766,CUST-02361,2026-01-01,495.18
TX-0021767,CUST-02361,2026-04-02,589.07
TX-0021768,CUST-02362,2026-02-18,373.86
TX-0021769,CUST-02362,2025-07-16,363.31
TX-0021770,CUST-02363,2026-05-11,312.47
TX-0021771,CUST-02363,2025-12-17,348.27
TX-0021772,CUST-02363,2025-08-12,301.58
TX-0021773,CUST-02364,2026-04-29,462.44
TX-0021774,CUST-02364,2025-07-05,320.14
TX-0021775,CUST-02365,2026-03-15,480.24
TX-0021776,CUST-02365,2025-12-09,464.32
TX-0021777,CUST-02366,2026-04-11,342.78
TX-0021778,CUST-02366,2025-09-21,365.87
TX-0021779,CUST-02366,2025-12-22,598.42
TX-0021780,CUST-02367,2026-04-01,365.11
TX-0021781,CUST-02367,2026-02-03,517.24
TX-0021782,CUST-02367,2025-12-25,334.88
TX-0021783,CUST-02368,2026-04-08,368.39
TX-0021784,CUST-02368,2025-12-21,443.05
TX-0021785,CUST-02368,2026-02-12,333.04
TX-0021786,CUST-02369,2026-03-28,591.1
TX-0021787,CUST-02370,2026-05-16,322.52
TX-0021788,CUST-02370,2025-11-10,357.22
TX-0021789,CUST-02371,2026-05-07,519.5
TX-0021790,CUST-02371,2026-01-10,409.5
TX-0021791,CUST-02371,2026-03-11,460.78
TX-0021792,CUST-02372,2026-04-26,329.04
TX-0021793,CUST-02373,2026-03-12,525.3
TX-0021794,CUST-02373,2025-09-28,406.24
TX-0021795,CUST-02374,2026-05-15,478.9
TX-0021796,CUST-02375,2026-05-06,502.46
TX-0021797,CUST-02376,2026-03-20,449.17
TX-0021798,CUST-02376,2025-09-24,442.54
TX-0021799,CUST-02377,2026-04-09,558.69
TX-0021800,CUST-02377,2025-06-25,414.86
TX-0021801,CUST-02377,2025-09-20,306.13
TX-0021802,CUST-02378,2026-05-07,395.57
TX-0021803,CUST-02379,2026-05-15,577.64
TX-0021804,CUST-02379,2025-11-05,504.89
TX-0021805,CUST-02379,2025-10-11,309.64
TX-0021806,CUST-02380,2026-04-30,326.04
TX-0021807,CUST-02380,2025-12-09,584.07
TX-0021808,CUST-02380,2026-03-06,310.02
TX-0021809,CUST-02381,2026-04-08,334.09
TX-0021810,CUST-02381,2025-11-12,308.64
TX-0021811,CUST-02382,2026-03-03,387.88
TX-0021812,CUST-02383,2026-02-23,475.81
TX-0021813,CUST-02383,2025-09-09,348.25
TX-0021814,CUST-02383,2025-05-27,432.02
TX-0021815,CUST-02384,2026-03-07,425.66
TX-0021816,CUST-02385,2026-02-06,450.5
TX-0021817,CUST-02385,2025-07-07,512.13
TX-0021818,CUST-02386,2026-05-11,459.17
TX-0021819,CUST-02386,2025-08-11,318.33
TX-0021820,CUST-02386,2025-08-20,480.3
TX-0021821,CUST-02387,2026-04-22,452.84
TX-0021822,CUST-02387,2025-11-29,352.19
TX-0021823,CUST-02388,2026-03-24,415.13
TX-0021824,CUST-02388,2025-10-08,344.73
TX-0021825,CUST-02388,2026-01-12,528.67
TX-0021826,CUST-02389,2026-03-28,314.09
TX-0021827,CUST-02389,2025-08-26,451.31
TX-0021828,CUST-02389,2025-08-26,322.13
TX-0021829,CUST-02390,2026-02-23,435.42
TX-0021830,CUST-02390,2025-08-27,591.85
TX-0021831,CUST-02390,2025-08-09,397.8
TX-0021832,CUST-02391,2026-03-31,457.52
TX-0021833,CUST-02391,2025-08-18,497.56
TX-0021834,CUST-02391,2025-12-09,592.88
TX-0021835,CUST-02392,2026-02-28,362.8
TX-0021836,CUST-02393,2026-05-02,314.39
TX-0021837,CUST-02393,2025-08-13,452.75
TX-0021838,CUST-02393,2025-07-16,571.79
TX-0021839,CUST-02394,2026-02-18,522.14
TX-0021840,CUST-02395,2026-05-06,570.39
TX-0021841,CUST-02395,2026-01-03,471.84
TX-0021842,CUST-02395,2025-12-28,464.63
TX-0021843,CUST-02396,2026-05-18,423.83
TX-0021844,CUST-02396,2026-02-21,517.18
TX-0021845,CUST-02397,2026-04-07,555.76
TX-0021846,CUST-02397,2025-07-19,310.31
TX-0021847,CUST-02398,2026-04-12,497.63
TX-0021848,CUST-02398,2025-10-09,450.72
TX-0021849,CUST-02398,2025-10-24,419.66
TX-0021850,CUST-02399,2026-05-11,571.12
TX-0021851,CUST-02400,2026-02-28,510.37
TX-0021852,CUST-02400,2025-06-28,490.25
TX-0021853,CUST-02401,2026-04-13,533.02
TX-0021854,CUST-02401,2026-03-12,302.08
TX-0021855,CUST-02401,2025-12-18,560.42
TX-0021856,CUST-02402,2026-03-30,512.99
TX-0021857,CUST-02402,2025-09-06,392.72
TX-0021858,CUST-02402,2025-07-31,369.47
TX-0021859,CUST-02403,2026-02-17,460.72
TX-0021860,CUST-02404,2026-02-07,405.4
TX-0021861,CUST-02404,2025-08-20,481.13
TX-0021862,CUST-02405,2026-02-26,386.58
TX-0021863,CUST-02405,2025-12-22,509.95
TX-0021864,CUST-02406,2026-01-26,565.33
TX-0021865,CUST-02406,2025-07-28,338.89
TX-0021866,CUST-02406,2025-08-02,540.05
TX-0021867,CUST-02407,2026-01-25,492.96
TX-0021868,CUST-02408,2026-05-07,498.82
TX-0021869,CUST-02408,2025-10-03,309.63
TX-0021870,CUST-02409,2026-04-13,425.6
TX-0021871,CUST-02410,2026-04-14,430.99
TX-0021872,CUST-02410,2026-02-26,462.45
TX-0021873,CUST-02410,2025-09-25,308.0
TX-0021874,CUST-02411,2026-04-15,591.65
TX-0021875,CUST-02411,2026-02-09,339.06
TX-0021876,CUST-02411,2025-10-21,488.22
TX-0021877,CUST-02412,2026-04-03,556.22
TX-0021878,CUST-02413,2026-04-16,486.09
TX-0021879,CUST-02414,2026-03-03,377.69
TX-0021880,CUST-02415,2026-05-09,430.31
TX-0021881,CUST-02416,2026-04-17,421.1
TX-0021882,CUST-02417,2026-02-02,321.28
TX-0021883,CUST-02417,2025-10-17,415.49
TX-0021884,CUST-02418,2026-02-28,409.56
TX-0021885,CUST-02419,2026-05-15,466.82
TX-0021886,CUST-02419,2026-03-21,362.66
TX-0021887,CUST-02419,2026-02-04,471.33
TX-0021888,CUST-02420,2026-04-22,569.87
TX-0021889,CUST-02421,2026-04-22,447.69
TX-0021890,CUST-02421,2025-11-01,514.87
TX-0021891,CUST-02422,2026-04-26,484.57
TX-0021892,CUST-02422,2026-04-05,348.0
TX-0021893,CUST-02422,2026-01-31,303.67
TX-0021894,CUST-02423,2026-02-01,334.26
TX-0021895,CUST-02424,2026-02-17,320.27
TX-0021896,CUST-02424,2025-05-23,540.9
TX-0021897,CUST-02425,2026-04-13,455.45
TX-0021898,CUST-02425,2025-06-26,500.5
TX-0021899,CUST-02426,2026-05-08,343.09
TX-0021900,CUST-02426,2025-08-08,582.48
TX-0021901,CUST-02426,2026-04-03,327.44
TX-0021902,CUST-02427,2026-04-30,419.34
TX-0021903,CUST-02427,2026-03-30,477.26
TX-0021904,CUST-02427,2026-03-29,487.52
TX-0021905,CUST-02428,2026-02-12,453.03
TX-0021906,CUST-02429,2026-03-19,495.33
TX-0021907,CUST-02429,2025-12-02,572.56
TX-0021908,CUST-02430,2026-03-12,406.91
TX-0021909,CUST-02430,2025-10-12,403.0
TX-0021910,CUST-02431,2026-04-23,331.67
TX-0021911,CUST-02432,2026-03-15,341.33
TX-0021912,CUST-02432,2025-07-06,352.18
TX-0021913,CUST-02432,2025-10-08,320.57
TX-0021914,CUST-02433,2026-04-05,573.03
TX-0021915,CUST-02433,2025-08-18,430.28
TX-0021916,CUST-02434,2026-04-05,517.7
TX-0021917,CUST-02435,2026-03-28,504.49
TX-0021918,CUST-02435,2025-09-05,433.03
TX-0021919,CUST-02435,2025-10-03,318.59
TX-0021920,CUST-02436,2026-04-19,578.08
TX-0021921,CUST-02437,2026-03-10,390.48
TX-0021922,CUST-02438,2026-01-25,339.07
TX-0021923,CUST-02439,2026-04-05,337.77
TX-0021924,CUST-02439,2025-10-17,446.81
TX-0021925,CUST-02439,2025-07-25,301.16
TX-0021926,CUST-02440,2026-02-25,402.57
TX-0021927,CUST-02441,2026-04-04,354.8
TX-0021928,CUST-02442,2026-05-19,351.19
TX-0021929,CUST-02442,2025-10-02,491.65
TX-0021930,CUST-02443,2026-02-02,363.69
TX-0021931,CUST-02443,2025-11-14,303.42
TX-0021932,CUST-02443,2026-01-08,304.4
TX-0021933,CUST-02444,2026-04-03,354.84
TX-0021934,CUST-02444,2025-10-31,396.9
TX-0021935,CUST-02444,2025-08-08,342.09
TX-0021936,CUST-02445,2026-03-01,520.3
TX-0021937,CUST-02445,2025-10-26,465.09
TX-0021938,CUST-02446,2026-02-23,487.91
TX-0021939,CUST-02446,2026-01-29,302.15
TX-0021940,CUST-02447,2026-02-28,454.07
TX-0021941,CUST-02447,2025-10-31,457.02
TX-0021942,CUST-02447,2026-01-07,467.52
TX-0021943,CUST-02448,2026-02-27,446.69
TX-0021944,CUST-02448,2026-01-12,324.95
TX-0021945,CUST-02448,2025-12-22,370.25
TX-0021946,CUST-02449,2026-04-28,481.83
TX-0021947,CUST-02449,2025-10-25,549.27
TX-0021948,CUST-02450,2026-02-24,523.4
TX-0021949,CUST-02450,2025-07-21,566.72
TX-0021950,CUST-02451,2026-05-04,398.38
TX-0021951,CUST-02451,2025-09-26,383.42
TX-0021952,CUST-02452,2026-04-06,361.94
TX-0021953,CUST-02452,2026-02-21,574.37
TX-0021954,CUST-02452,2025-07-31,563.59
TX-0021955,CUST-02453,2026-03-23,475.41
TX-0021956,CUST-02453,2025-12-19,420.77
TX-0021957,CUST-02454,2026-04-03,416.33
TX-0021958,CUST-02455,2026-02-10,598.92
TX-0021959,CUST-02455,2025-09-10,406.29
TX-0021960,CUST-02455,2025-09-06,546.78
TX-0021961,CUST-02456,2026-04-17,478.03
TX-0021962,CUST-02456,2026-03-26,443.8
TX-0021963,CUST-02457,2026-05-16,301.25
TX-0021964,CUST-02457,2026-01-11,321.17
TX-0021965,CUST-02457,2025-08-29,444.25
TX-0021966,CUST-02458,2026-03-21,367.53
TX-0021967,CUST-02458,2026-01-24,577.78
TX-0021968,CUST-02459,2026-02-02,365.35
TX-0021969,CUST-02460,2026-03-21,567.74
TX-0021970,CUST-02460,2025-05-30,456.42
TX-0021971,CUST-02460,2025-12-25,487.92
TX-0021972,CUST-02461,2026-03-29,504.44
TX-0021973,CUST-02461,2026-01-15,500.74
TX-0021974,CUST-02461,2025-09-22,464.2
TX-0021975,CUST-02462,2026-02-14,558.28
TX-0021976,CUST-02462,2025-09-24,365.11
TX-0021977,CUST-02463,2026-05-07,361.52
TX-0021978,CUST-02463,2026-04-04,348.04
TX-0021979,CUST-02463,2025-11-02,327.92
TX-0021980,CUST-02464,2026-03-05,518.71
TX-0021981,CUST-02465,2026-03-31,540.04
TX-0021982,CUST-02466,2026-02-11,415.59
TX-0021983,CUST-02467,2026-04-30,444.12
TX-0021984,CUST-02467,2025-09-22,423.12
TX-0021985,CUST-02468,2026-04-05,304.55
TX-0021986,CUST-02468,2025-12-18,484.98
TX-0021987,CUST-02469,2026-05-08,411.98
TX-0021988,CUST-02469,2025-11-28,363.42
TX-0021989,CUST-02470,2026-02-05,576.28
TX-0021990,CUST-02470,2025-11-15,365.18
TX-0021991,CUST-02471,2026-04-30,425.95
TX-0021992,CUST-02471,2025-08-05,459.82
TX-0021993,CUST-02471,2026-01-20,581.75
TX-0021994,CUST-02472,2026-04-15,519.06
TX-0021995,CUST-02473,2026-04-18,467.62
TX-0021996,CUST-02474,2026-05-17,441.26
TX-0021997,CUST-02474,2025-10-01,493.0
TX-0021998,CUST-02474,2025-09-26,450.07
TX-0021999,CUST-02475,2026-04-20,419.03
TX-0022000,CUST-02476,2026-04-18,381.33
TX-0022001,CUST-02476,2025-07-16,489.61
TX-0022002,CUST-02476,2026-02-20,579.09
TX-0022003,CUST-02477,2026-02-24,440.48
TX-0022004,CUST-02477,2025-09-20,543.46
TX-0022005,CUST-02478,2026-02-16,392.12
TX-0022006,CUST-02478,2026-01-05,437.57
TX-0022007,CUST-02478,2025-07-19,402.16
TX-0022008,CUST-02479,2026-04-13,342.61
TX-0022009,CUST-02479,2025-12-19,335.83
TX-0022010,CUST-02480,2026-03-16,321.02
TX-0022011,CUST-02481,2026-03-31,345.94
TX-0022012,CUST-02481,2025-12-24,320.27
TX-0022013,CUST-02482,2026-02-11,569.51
TX-0022014,CUST-02482,2025-08-13,595.02
TX-0022015,CUST-02483,2026-04-22,538.79
TX-0022016,CUST-02483,2026-01-27,347.86
TX-0022017,CUST-02484,2026-02-27,502.92
TX-0022018,CUST-02484,2025-09-09,331.42
TX-0022019,CUST-02485,2026-02-28,425.25
TX-0022020,CUST-02485,2025-08-02,532.74
TX-0022021,CUST-02485,2025-05-07,561.99
TX-0022022,CUST-02486,2026-03-20,420.59
TX-0022023,CUST-02487,2026-03-04,461.41
TX-0022024,CUST-02487,2025-08-14,423.09
TX-0022025,CUST-02488,2026-03-05,392.85
TX-0022026,CUST-02489,2026-02-03,502.72
TX-0022027,CUST-02489,2025-12-14,476.88
TX-0022028,CUST-02490,2026-04-17,522.8
TX-0022029,CUST-02490,2026-03-28,419.13
TX-0022030,CUST-02490,2025-10-04,558.71
TX-0022031,CUST-02491,2026-02-09,304.15
TX-0022032,CUST-02491,2025-10-29,487.9
TX-0022033,CUST-02492,2026-05-16,350.46
TX-0022034,CUST-02493,2026-01-31,583.89
TX-0022035,CUST-02493,2025-10-02,323.98
TX-0022036,CUST-02494,2026-01-30,331.09
TX-0022037,CUST-02495,2026-04-18,591.52
TX-0022038,CUST-02495,2025-07-10,415.38
TX-0022039,CUST-02495,2025-09-04,520.78
TX-0022040,CUST-02496,2026-03-25,370.54
TX-0022041,CUST-02497,2026-03-26,349.71
TX-0022042,CUST-02497,2025-11-21,456.26
TX-0022043,CUST-02497,2026-01-01,467.28
TX-0022044,CUST-02498,2026-03-31,364.72
TX-0022045,CUST-02499,2026-03-09,597.05
TX-0022046,CUST-02500,2026-04-18,424.69
TX-0022047,CUST-02501,2026-05-19,391.09
TX-0022048,CUST-02501,2026-01-05,538.2
TX-0022049,CUST-02502,2026-04-10,462.9
TX-0022050,CUST-02502,2025-09-29,559.21
TX-0022051,CUST-02503,2026-04-11,365.38
TX-0022052,CUST-02503,2025-12-16,525.03
TX-0022053,CUST-02503,2025-08-14,575.76
TX-0022054,CUST-02504,2026-02-04,521.09
TX-0022055,CUST-02504,2025-12-04,434.98
TX-0022056,CUST-02504,2025-10-29,559.4
TX-0022057,CUST-02505,2026-02-02,329.27
TX-0022058,CUST-02505,2025-12-21,466.3
TX-0022059,CUST-02505,2025-12-13,375.47
TX-0022060,CUST-02506,2026-05-07,393.35
TX-0022061,CUST-02506,2025-12-30,514.8
TX-0022062,CUST-02507,2026-05-10,474.42
TX-0022063,CUST-02508,2026-03-09,329.0
TX-0022064,CUST-02508,2025-07-13,399.78
TX-0022065,CUST-02508,2025-06-30,509.13
TX-0022066,CUST-02509,2026-02-26,438.53
TX-0022067,CUST-02510,2026-03-28,397.87
TX-0022068,CUST-02510,2025-06-11,345.03
TX-0022069,CUST-02510,2025-07-05,585.85
TX-0022070,CUST-02511,2026-02-15,557.18
TX-0022071,CUST-02511,2025-11-25,375.69
TX-0022072,CUST-02511,2025-09-13,548.23
TX-0022073,CUST-02512,2026-03-08,578.42
TX-0022074,CUST-02512,2025-10-07,542.81
TX-0022075,CUST-02513,2026-02-25,511.67
TX-0022076,CUST-02514,2026-02-09,462.34
TX-0022077,CUST-02514,2025-12-15,382.82
TX-0022078,CUST-02514,2025-11-20,592.24
TX-0022079,CUST-02515,2026-02-20,455.65
TX-0022080,CUST-02515,2025-05-13,479.45
TX-0022081,CUST-02516,2026-05-08,359.44
TX-0022082,CUST-02516,2026-03-31,319.6
TX-0022083,CUST-02517,2026-03-25,344.41
TX-0022084,CUST-02517,2025-08-15,367.97
TX-0022085,CUST-02517,2025-10-08,568.86
TX-0022086,CUST-02518,2026-04-08,364.79
TX-0022087,CUST-02519,2026-05-05,455.75
TX-0022088,CUST-02519,2025-08-07,478.36
TX-0022089,CUST-02519,2026-04-16,560.04
TX-0022090,CUST-02520,2026-05-01,550.31
TX-0022091,CUST-02520,2026-01-21,589.12
TX-0022092,CUST-02521,2026-02-24,513.46
TX-0022093,CUST-02521,2026-02-01,469.04
TX-0022094,CUST-02521,2025-10-21,331.06
TX-0022095,CUST-02522,2026-04-18,577.45
TX-0022096,CUST-02522,2026-02-14,538.58
TX-0022097,CUST-02522,2025-07-14,510.26
TX-0022098,CUST-02523,2026-02-20,556.58
TX-0022099,CUST-02524,2026-03-11,375.15
TX-0022100,CUST-02525,2026-04-23,543.04
TX-0022101,CUST-02525,2025-10-22,550.74
TX-0022102,CUST-02525,2025-10-20,592.88
TX-0022103,CUST-02526,2026-02-20,369.2
TX-0022104,CUST-02527,2026-04-23,495.05
TX-0022105,CUST-02528,2026-03-29,320.24
TX-0022106,CUST-02528,2025-10-19,444.57
TX-0022107,CUST-02529,2026-02-28,372.09
TX-0022108,CUST-02529,2025-12-22,490.51
TX-0022109,CUST-02529,2025-11-29,466.7
TX-0022110,CUST-02530,2026-02-03,362.17
TX-0022111,CUST-02530,2025-08-03,521.86
TX-0022112,CUST-02530,2025-07-11,393.83
TX-0022113,CUST-02531,2026-02-13,534.15
TX-0022114,CUST-02531,2025-11-02,456.34
TX-0022115,CUST-02531,2026-01-06,432.19
TX-0022116,CUST-02532,2026-05-10,378.73
TX-0022117,CUST-02533,2026-04-04,576.52
TX-0022118,CUST-02533,2026-02-17,343.97
TX-0022119,CUST-02534,2026-02-22,500.11
TX-0022120,CUST-02534,2025-08-14,553.56
TX-0022121,CUST-02534,2025-08-24,412.64
TX-0022122,CUST-02535,2026-03-13,385.26
TX-0022123,CUST-02536,2026-04-17,302.19
TX-0022124,CUST-02536,2025-11-07,374.43
TX-0022125,CUST-02537,2026-04-09,335.96
TX-0022126,CUST-02538,2026-04-23,331.31
TX-0022127,CUST-02538,2025-09-26,346.29
TX-0022128,CUST-02539,2026-03-03,583.51
TX-0022129,CUST-02540,2026-03-05,562.18
TX-0022130,CUST-02541,2026-02-02,379.98
TX-0022131,CUST-02542,2026-02-28,584.83
TX-0022132,CUST-02542,2025-12-25,587.89
TX-0022133,CUST-02542,2025-11-12,451.33
TX-0022134,CUST-02543,2026-03-17,344.58
TX-0022135,CUST-02543,2026-03-01,463.8
TX-0022136,CUST-02543,2026-02-17,354.54
TX-0022137,CUST-02544,2026-03-25,540.23
TX-0022138,CUST-02544,2025-07-27,558.5
TX-0022139,CUST-02544,2026-03-10,370.71
TX-0022140,CUST-02545,2026-03-30,474.33
TX-0022141,CUST-02546,2026-03-08,382.88
TX-0022142,CUST-02546,2025-05-13,321.4
TX-0022143,CUST-02547,2026-02-14,455.4
TX-0022144,CUST-02547,2025-07-31,416.17
TX-0022145,CUST-02548,2026-04-12,428.25
TX-0022146,CUST-02548,2026-01-14,506.76
TX-0022147,CUST-02548,2025-12-23,344.66
TX-0022148,CUST-02549,2026-02-08,332.21
TX-0022149,CUST-02549,2025-07-26,307.06
TX-0022150,CUST-02549,2025-10-19,315.41
TX-0022151,CUST-02550,2026-05-09,582.26
TX-0022152,CUST-02551,2026-03-06,385.3
TX-0022153,CUST-02551,2026-01-13,559.76
TX-0022154,CUST-02551,2025-07-21,451.7
TX-0022155,CUST-02552,2026-03-31,330.34
TX-0022156,CUST-02553,2026-03-26,588.61
TX-0022157,CUST-02554,2026-04-24,385.89
TX-0022158,CUST-02554,2025-10-08,584.09
TX-0022159,CUST-02554,2026-01-20,419.25
TX-0022160,CUST-02555,2026-05-03,499.78
TX-0022161,CUST-02556,2026-01-28,306.75
TX-0022162,CUST-02556,2025-06-13,384.94
TX-0022163,CUST-02556,2025-11-08,583.63
TX-0022164,CUST-02557,2026-05-01,531.14
TX-0022165,CUST-02557,2025-08-11,413.56
TX-0022166,CUST-02557,2025-07-07,566.02
TX-0022167,CUST-02558,2026-02-01,422.24
TX-0022168,CUST-02558,2025-05-15,476.14
TX-0022169,CUST-02559,2026-05-19,338.99
TX-0022170,CUST-02560,2026-05-10,594.35
TX-0022171,CUST-02560,2026-03-27,317.58
TX-0022172,CUST-02560,2025-10-11,584.77
TX-0022173,CUST-02561,2026-04-20,314.13
TX-0022174,CUST-02561,2025-08-21,304.47
TX-0022175,CUST-02562,2026-03-22,383.66
TX-0022176,CUST-02563,2026-01-30,538.8
TX-0022177,CUST-02563,2025-10-08,540.5
TX-0022178,CUST-02564,2026-05-10,551.6
TX-0022179,CUST-02564,2025-07-25,478.18
TX-0022180,CUST-02564,2025-08-01,484.33
TX-0022181,CUST-02565,2026-05-16,304.65
TX-0022182,CUST-02565,2025-09-24,436.64
TX-0022183,CUST-02566,2026-05-15,303.14
TX-0022184,CUST-02567,2026-02-04,598.52
TX-0022185,CUST-02567,2025-10-25,538.52
TX-0022186,CUST-02567,2025-10-08,527.3
TX-0022187,CUST-02568,2026-02-26,386.46
TX-0022188,CUST-02568,2026-01-28,539.54
TX-0022189,CUST-02569,2026-02-07,405.02
TX-0022190,CUST-02569,2025-07-24,377.82
TX-0022191,CUST-02569,2025-11-17,464.42
TX-0022192,CUST-02570,2026-02-08,306.4
TX-0022193,CUST-02571,2026-02-28,466.12
TX-0022194,CUST-02571,2026-02-01,490.27
TX-0022195,CUST-02572,2026-04-10,385.16
TX-0022196,CUST-02573,2026-04-13,385.09
TX-0022197,CUST-02574,2026-03-08,384.51
TX-0022198,CUST-02574,2025-06-05,537.28
TX-0022199,CUST-02575,2026-05-08,490.42
TX-0022200,CUST-02576,2026-03-14,352.31
TX-0022201,CUST-02576,2026-02-02,413.99
TX-0022202,CUST-02576,2026-01-22,453.2
TX-0022203,CUST-02577,2026-04-16,478.87
TX-0022204,CUST-02577,2025-09-06,510.5
TX-0022205,CUST-02577,2026-01-11,440.47
TX-0022206,CUST-02578,2026-04-15,339.39
TX-0022207,CUST-02578,2026-02-14,336.51
TX-0022208,CUST-02578,2026-01-27,371.04
TX-0022209,CUST-02579,2026-02-04,347.58
TX-0022210,CUST-02579,2025-07-02,331.55
TX-0022211,CUST-02579,2025-12-12,360.87
TX-0022212,CUST-02580,2026-03-25,359.15
TX-0022213,CUST-02580,2026-02-27,326.34
TX-0022214,CUST-02581,2026-05-04,456.02
TX-0022215,CUST-02582,2026-02-17,353.01
TX-0022216,CUST-02582,2025-07-05,391.55
TX-0022217,CUST-02582,2026-01-13,594.69
TX-0022218,CUST-02583,2026-05-10,388.73
TX-0022219,CUST-02584,2026-03-30,465.74
TX-0022220,CUST-02584,2026-03-13,465.0
TX-0022221,CUST-02584,2026-01-25,396.14
TX-0022222,CUST-02585,2026-03-26,439.26
TX-0022223,CUST-02585,2025-11-20,554.41
TX-0022224,CUST-02585,2025-12-02,514.19
TX-0022225,CUST-02586,2026-04-17,517.57
TX-0022226,CUST-02586,2026-01-24,367.35
TX-0022227,CUST-02587,2026-03-08,549.84
TX-0022228,CUST-02587,2026-02-01,375.76
TX-0022229,CUST-02587,2025-07-08,357.4
TX-0022230,CUST-02588,2026-02-04,588.34
TX-0022231,CUST-02589,2026-04-09,446.71
TX-0022232,CUST-02589,2025-11-21,552.96
TX-0022233,CUST-02589,2026-03-04,521.9
TX-0022234,CUST-02590,2026-03-28,545.58
TX-0022235,CUST-02590,2026-02-14,429.5
TX-0022236,CUST-02590,2025-12-05,567.72
TX-0022237,CUST-02591,2026-03-27,581.23
TX-0022238,CUST-02592,2026-05-03,337.5
TX-0022239,CUST-02593,2026-01-27,455.84
TX-0022240,CUST-02594,2026-04-06,413.99
TX-0022241,CUST-02595,2026-04-18,328.17
TX-0022242,CUST-02595,2026-02-27,484.36
TX-0022243,CUST-02595,2025-12-09,494.24
TX-0022244,CUST-02596,2026-03-14,563.01
TX-0022245,CUST-02596,2025-07-01,420.75
TX-0022246,CUST-02597,2026-03-22,447.09
TX-0022247,CUST-02598,2026-05-04,474.94
TX-0022248,CUST-02598,2026-03-18,428.22
TX-0022249,CUST-02598,2026-01-15,535.01
TX-0022250,CUST-02599,2026-04-01,317.7
TX-0022251,CUST-02599,2025-09-19,513.01
TX-0022252,CUST-02599,2025-07-18,587.23
TX-0022253,CUST-02600,2026-03-29,481.09
TX-0022254,CUST-02601,2026-05-18,440.39
TX-0022255,CUST-02601,2026-03-23,309.74
TX-0022256,CUST-02602,2026-04-01,562.35
TX-0022257,CUST-02602,2026-02-07,340.62
TX-0022258,CUST-02603,2026-03-23,378.31
TX-0022259,CUST-02603,2025-12-26,492.99
TX-0022260,CUST-02603,2025-10-01,524.48
TX-0022261,CUST-02604,2026-02-07,321.23
TX-0022262,CUST-02604,2025-11-05,432.68
TX-0022263,CUST-02604,2025-12-08,475.38
TX-0022264,CUST-02605,2026-02-23,559.09
TX-0022265,CUST-02605,2025-07-08,309.35
TX-0022266,CUST-02606,2026-03-11,590.04
TX-0022267,CUST-02606,2025-09-23,310.66
TX-0022268,CUST-02606,2025-11-27,529.66
TX-0022269,CUST-02607,2026-04-06,301.39
TX-0022270,CUST-02607,2025-07-15,406.41
TX-0022271,CUST-02608,2026-03-13,548.78
TX-0022272,CUST-02608,2025-06-21,583.9
TX-0022273,CUST-02609,2026-03-15,539.48
TX-0022274,CUST-02609,2025-05-29,330.22
TX-0022275,CUST-02610,2026-03-20,551.65
TX-0022276,CUST-02611,2026-02-02,344.76
TX-0022277,CUST-02612,2026-03-04,503.6
TX-0022278,CUST-02613,2026-04-28,398.83
TX-0022279,CUST-02613,2026-01-11,554.29
TX-0022280,CUST-02613,2025-09-26,306.14
TX-0022281,CUST-02614,2026-04-04,308.13
TX-0022282,CUST-02615,2026-04-22,355.27
TX-0022283,CUST-02615,2026-02-05,451.34
TX-0022284,CUST-02615,2025-09-25,430.56
TX-0022285,CUST-02616,2026-03-26,448.33
TX-0022286,CUST-02616,2025-07-04,491.7
TX-0022287,CUST-02617,2026-01-31,455.06
TX-0022288,CUST-02617,2025-08-14,391.43
TX-0022289,CUST-02618,2026-02-04,471.34
TX-0022290,CUST-02619,2026-03-30,548.29
TX-0022291,CUST-02619,2025-10-07,460.39
TX-0022292,CUST-02620,2026-03-10,438.02
TX-0022293,CUST-02620,2025-08-11,533.98
TX-0022294,CUST-02621,2026-04-11,553.98
TX-0022295,CUST-02621,2025-07-04,341.5
TX-0022296,CUST-02622,2026-04-28,571.69
TX-0022297,CUST-02623,2026-04-04,395.3
TX-0022298,CUST-02624,2026-03-30,316.32
TX-0022299,CUST-02625,2026-03-15,526.46
TX-0022300,CUST-02625,2026-01-28,498.0
TX-0022301,CUST-02626,2026-05-16,399.09
TX-0022302,CUST-02627,2026-03-20,421.55
TX-0022303,CUST-02627,2025-09-04,594.16
TX-0022304,CUST-02628,2026-02-18,510.11
TX-0022305,CUST-02628,2025-08-28,454.7
TX-0022306,CUST-02628,2025-08-19,432.64
TX-0022307,CUST-02629,2026-04-11,572.47
TX-0022308,CUST-02629,2025-09-25,599.73
TX-0022309,CUST-02629,2025-10-08,504.57
TX-0022310,CUST-02630,2026-03-13,302.54
TX-0022311,CUST-02630,2025-06-10,510.97
TX-0022312,CUST-02631,2026-01-31,563.59
TX-0022313,CUST-02631,2025-05-17,420.64
TX-0022314,CUST-02632,2026-05-14,491.53
TX-0022315,CUST-02632,2025-08-10,462.28
TX-0022316,CUST-02632,2026-03-17,472.63
TX-0022317,CUST-02633,2026-02-28,511.08
TX-0022318,CUST-02634,2026-03-01,518.3
TX-0022319,CUST-02634,2025-08-12,377.86
TX-0022320,CUST-02634,2025-10-05,469.46
TX-0022321,CUST-02635,2026-02-20,344.35
TX-0022322,CUST-02635,2025-11-10,457.68
TX-0022323,CUST-02635,2025-06-05,308.28
TX-0022324,CUST-02636,2026-02-24,564.13
TX-0022325,CUST-02636,2025-10-21,538.73
TX-0022326,CUST-02636,2025-05-20,534.81
TX-0022327,CUST-02637,2026-02-11,443.08
TX-0022328,CUST-02637,2025-10-23,309.55
TX-0022329,CUST-02638,2026-05-17,382.62
TX-0022330,CUST-02638,2025-11-01,392.13
TX-0022331,CUST-02639,2026-03-18,333.38
TX-0022332,CUST-02639,2026-01-01,385.15
TX-0022333,CUST-02639,2025-08-20,309.17
TX-0022334,CUST-02640,2026-02-02,325.64
TX-0022335,CUST-02640,2025-06-19,528.5
TX-0022336,CUST-02641,2026-03-07,366.39
TX-0022337,CUST-02641,2025-08-31,517.41
TX-0022338,CUST-02641,2025-10-20,390.5
TX-0022339,CUST-02642,2026-03-14,328.83
TX-0022340,CUST-02643,2026-05-09,364.8
TX-0022341,CUST-02644,2026-04-27,335.47
TX-0022342,CUST-02644,2026-03-07,563.71
TX-0022343,CUST-02644,2025-12-27,466.39
TX-0022344,CUST-02645,2026-03-08,316.65
TX-0022345,CUST-02645,2025-12-01,590.48
TX-0022346,CUST-02646,2026-02-04,546.79
TX-0022347,CUST-02647,2026-04-25,422.26
TX-0022348,CUST-02647,2026-01-27,523.98
TX-0022349,CUST-02648,2026-02-20,463.48
TX-0022350,CUST-02649,2026-02-07,471.77
TX-0022351,CUST-02650,2026-04-25,412.87
TX-0022352,CUST-02651,2026-05-08,375.57
TX-0022353,CUST-02651,2025-11-01,559.52
TX-0022354,CUST-02652,2026-02-02,322.77
TX-0022355,CUST-02652,2025-10-28,361.77
TX-0022356,CUST-02652,2025-09-06,311.38
TX-0022357,CUST-02653,2026-03-05,570.19
TX-0022358,CUST-02654,2026-05-05,374.25
TX-0022359,CUST-02655,2026-04-21,306.14
TX-0022360,CUST-02655,2025-12-10,543.18
TX-0022361,CUST-02656,2026-02-12,360.54
TX-0022362,CUST-02656,2025-10-08,567.71
TX-0022363,CUST-02656,2025-11-02,503.57
TX-0022364,CUST-02657,2026-03-20,461.78
TX-0022365,CUST-02657,2025-11-14,374.85
TX-0022366,CUST-02658,2026-03-04,505.77
TX-0022367,CUST-02658,2025-05-12,423.41
TX-0022368,CUST-02659,2026-03-01,526.11
TX-0022369,CUST-02660,2026-02-23,355.32
TX-0022370,CUST-02660,2025-08-30,510.17
TX-0022371,CUST-02661,2026-05-11,328.29
TX-0022372,CUST-02661,2026-04-07,568.79
TX-0022373,CUST-02661,2025-08-01,500.47
TX-0022374,CUST-02662,2026-04-19,496.11
TX-0022375,CUST-02663,2026-04-20,391.09
TX-0022376,CUST-02663,2025-06-28,311.03
TX-0022377,CUST-02664,2026-02-24,435.24
TX-0022378,CUST-02664,2025-09-01,416.61
TX-0022379,CUST-02665,2026-02-14,435.93
TX-0022380,CUST-02665,2025-07-21,443.25
TX-0022381,CUST-02666,2026-05-08,319.21
TX-0022382,CUST-02667,2026-04-05,456.67
TX-0022383,CUST-02668,2026-02-18,428.8
TX-0022384,CUST-02669,2026-02-16,389.87
TX-0022385,CUST-02669,2025-12-20,370.16
TX-0022386,CUST-02670,2026-04-07,536.67
TX-0022387,CUST-02670,2026-01-19,334.99
TX-0022388,CUST-02671,2026-04-03,417.44
TX-0022389,CUST-02672,2026-05-09,320.69
TX-0022390,CUST-02672,2025-11-09,319.99
TX-0022391,CUST-02672,2025-12-22,519.15
TX-0022392,CUST-02673,2026-04-02,505.9
TX-0022393,CUST-02673,2025-12-08,325.43
TX-0022394,CUST-02674,2026-03-30,532.63
TX-0022395,CUST-02674,2025-08-13,416.89
TX-0022396,CUST-02674,2025-11-02,419.31
TX-0022397,CUST-02675,2026-05-05,308.7
TX-0022398,CUST-02675,2026-03-09,501.42
TX-0022399,CUST-02675,2026-01-24,533.86
TX-0022400,CUST-02676,2026-02-07,383.69
TX-0022401,CUST-02676,2025-08-23,433.76
TX-0022402,CUST-02676,2025-08-20,465.31
TX-0022403,CUST-02677,2026-02-18,474.97
TX-0022404,CUST-02678,2026-03-16,583.21
TX-0022405,CUST-02678,2026-01-12,517.61
TX-0022406,CUST-02678,2025-09-11,369.98
TX-0022407,CUST-02679,2026-04-04,490.3
TX-0022408,CUST-02680,2026-05-01,551.81
TX-0022409,CUST-02680,2025-08-24,433.83
TX-0022410,CUST-02681,2026-04-30,442.92
TX-0022411,CUST-02681,2026-02-10,393.62
TX-0022412,CUST-02682,2026-03-04,332.36
TX-0022413,CUST-02683,2026-03-25,401.26
TX-0022414,CUST-02683,2025-09-16,589.58
TX-0022415,CUST-02684,2026-02-09,526.01
TX-0022416,CUST-02684,2025-12-04,444.06
TX-0022417,CUST-02685,2026-03-20,482.46
TX-0022418,CUST-02685,2025-09-16,361.2
TX-0022419,CUST-02685,2026-01-09,590.19
TX-0022420,CUST-02686,2026-04-28,444.86
TX-0022421,CUST-02686,2025-11-27,469.18
TX-0022422,CUST-02686,2025-11-09,529.04
TX-0022423,CUST-02687,2026-01-30,336.79
TX-0022424,CUST-02687,2025-07-09,397.29
TX-0022425,CUST-02688,2026-03-15,544.06
TX-0022426,CUST-02689,2026-04-09,372.6
TX-0022427,CUST-02690,2026-01-30,514.71
TX-0022428,CUST-02691,2026-02-05,339.12
TX-0022429,CUST-02691,2025-08-07,423.29
TX-0022430,CUST-02691,2025-12-16,598.61
TX-0022431,CUST-02692,2026-03-05,310.69
TX-0022432,CUST-02693,2026-03-12,446.45
TX-0022433,CUST-02693,2025-11-26,492.5
TX-0022434,CUST-02694,2026-04-26,437.42
TX-0022435,CUST-02694,2026-02-12,382.34
TX-0022436,CUST-02694,2026-01-21,341.34
TX-0022437,CUST-02695,2026-04-14,391.6
TX-0022438,CUST-02696,2026-02-14,423.97
TX-0022439,CUST-02696,2025-07-11,557.87
TX-0022440,CUST-02696,2025-05-05,322.63
TX-0022441,CUST-02697,2026-04-22,325.58
TX-0022442,CUST-02697,2025-09-30,321.52
TX-0022443,CUST-02697,2026-01-19,330.48
TX-0022444,CUST-02698,2026-03-28,514.84
TX-0022445,CUST-02698,2025-09-22,491.78
TX-0022446,CUST-02699,2026-03-14,531.77
TX-0022447,CUST-02699,2025-07-20,561.08
TX-0022448,CUST-02699,2025-08-01,507.96
TX-0022449,CUST-02700,2026-04-08,447.18
TX-0022450,CUST-02700,2025-10-26,332.36
TX-0022451,CUST-02700,2025-08-04,543.52
TX-0022452,CUST-02701,2026-02-03,374.39
TX-0022453,CUST-02701,2025-04-14,328.69
TX-0022454,CUST-02702,2026-02-27,541.29
TX-0022455,CUST-02703,2026-04-02,526.84
TX-0022456,CUST-02703,2026-03-07,571.56
TX-0022457,CUST-02704,2026-04-23,537.71
TX-0022458,CUST-02705,2026-04-07,451.81
TX-0022459,CUST-02706,2026-04-19,478.59
TX-0022460,CUST-02707,2026-03-29,331.11
TX-0022461,CUST-02707,2025-06-06,445.39
TX-0022462,CUST-02707,2025-11-07,587.7
TX-0022463,CUST-02708,2026-04-09,578.78
TX-0022464,CUST-02708,2025-08-26,372.18
TX-0022465,CUST-02708,2025-07-22,324.41
TX-0022466,CUST-02709,2026-05-11,405.16
TX-0022467,CUST-02709,2026-04-06,337.86
TX-0022468,CUST-02709,2025-12-27,421.51
TX-0022469,CUST-02710,2026-02-21,443.83
TX-0022470,CUST-02710,2025-11-14,338.21
TX-0022471,CUST-02710,2025-07-28,509.49
TX-0022472,CUST-02711,2026-04-13,586.4
TX-0022473,CUST-02711,2026-02-19,530.89
TX-0022474,CUST-02712,2026-04-17,516.9
TX-0022475,CUST-02712,2025-07-30,427.65
TX-0022476,CUST-02713,2026-04-15,547.58
TX-0022477,CUST-02713,2025-11-09,589.14
TX-0022478,CUST-02713,2026-01-18,481.58
TX-0022479,CUST-02714,2026-04-06,509.12
TX-0022480,CUST-02715,2026-02-25,430.65
TX-0022481,CUST-02715,2025-12-02,340.2
TX-0022482,CUST-02716,2026-03-11,528.82
TX-0022483,CUST-02716,2025-08-20,394.17
TX-0022484,CUST-02717,2026-03-07,344.13
TX-0022485,CUST-02718,2026-04-11,476.79
TX-0022486,CUST-02718,2025-08-28,547.64
TX-0022487,CUST-02719,2026-04-23,545.16
TX-0022488,CUST-02719,2026-03-25,346.48
TX-0022489,CUST-02719,2025-10-15,410.21
TX-0022490,CUST-02720,2026-03-27,474.03
TX-0022491,CUST-02720,2025-08-27,316.25
TX-0022492,CUST-02720,2025-10-11,523.29
TX-0022493,CUST-02721,2026-05-08,496.36
TX-0022494,CUST-02722,2026-01-25,319.55
TX-0022495,CUST-02722,2025-09-30,473.41
TX-0022496,CUST-02722,2025-05-03,337.93
TX-0022497,CUST-02723,2026-03-23,487.78
TX-0022498,CUST-02724,2026-04-14,538.02
TX-0022499,CUST-02724,2026-01-08,488.72
TX-0022500,CUST-02725,2026-03-14,323.47
TX-0022501,CUST-02725,2025-10-22,477.33
TX-0022502,CUST-02726,2026-05-11,598.75
TX-0022503,CUST-02727,2026-04-30,322.71
TX-0022504,CUST-02728,2026-02-05,330.35
TX-0022505,CUST-02728,2025-07-08,421.52
TX-0022506,CUST-02728,2025-05-02,536.36
TX-0022507,CUST-02729,2026-04-11,375.31
TX-0022508,CUST-02730,2026-05-03,445.93
TX-0022509,CUST-02730,2025-09-15,335.02
TX-0022510,CUST-02731,2026-05-01,403.44
TX-0022511,CUST-02732,2026-02-15,356.95
TX-0022512,CUST-02732,2025-06-18,479.83
TX-0022513,CUST-02732,2025-07-04,451.53
TX-0022514,CUST-02733,2026-04-12,337.36
TX-0022515,CUST-02733,2025-10-06,556.94
TX-0022516,CUST-02734,2026-03-19,386.09
TX-0022517,CUST-02734,2025-10-19,474.05
TX-0022518,CUST-02734,2025-06-20,426.69
TX-0022519,CUST-02735,2026-05-14,539.68
TX-0022520,CUST-02735,2025-08-24,300.36
TX-0022521,CUST-02736,2026-03-01,508.27
TX-0022522,CUST-02737,2026-04-24,306.09
TX-0022523,CUST-02738,2026-03-30,463.96
TX-0022524,CUST-02738,2025-07-09,394.08
TX-0022525,CUST-02739,2026-03-18,448.78
TX-0022526,CUST-02739,2026-01-02,310.48
TX-0022527,CUST-02739,2025-08-30,590.86
TX-0022528,CUST-02740,2026-02-10,558.88
TX-0022529,CUST-02741,2026-04-01,323.37
TX-0022530,CUST-02741,2025-10-06,518.99
TX-0022531,CUST-02742,2026-03-29,490.72
TX-0022532,CUST-02742,2025-07-31,300.84
TX-0022533,CUST-02743,2026-04-11,405.73
TX-0022534,CUST-02744,2026-04-21,579.64
TX-0022535,CUST-02744,2026-02-04,546.59
TX-0022536,CUST-02745,2026-02-16,327.86
TX-0022537,CUST-02745,2025-09-01,523.74
TX-0022538,CUST-02746,2026-04-26,327.43
TX-0022539,CUST-02747,2026-03-13,576.77
TX-0022540,CUST-02748,2026-02-11,323.0
TX-0022541,CUST-02748,2026-01-10,575.67
TX-0022542,CUST-02748,2025-06-18,481.09
TX-0022543,CUST-02749,2026-04-21,396.04
TX-0022544,CUST-02750,2026-04-09,492.01
TX-0022545,CUST-02751,2026-03-27,383.17
TX-0022546,CUST-02751,2026-01-17,393.33
TX-0022547,CUST-02752,2026-03-20,337.87
TX-0022548,CUST-02752,2025-07-08,517.72
TX-0022549,CUST-02753,2026-04-13,524.92
TX-0022550,CUST-02753,2025-12-20,432.47
TX-0022551,CUST-02753,2025-09-02,558.21
TX-0022552,CUST-02754,2026-04-11,303.83
TX-0022553,CUST-02754,2026-02-19,339.45
TX-0022554,CUST-02754,2026-02-25,309.55
TX-0022555,CUST-02755,2026-03-22,380.21
TX-0022556,CUST-02755,2025-12-01,516.59
TX-0022557,CUST-02755,2025-08-30,457.08
TX-0022558,CUST-02756,2026-04-06,391.59
TX-0022559,CUST-02757,2026-03-28,573.01
TX-0022560,CUST-02758,2026-02-07,328.48
TX-0022561,CUST-02759,2026-04-05,483.45
TX-0022562,CUST-02760,2026-05-15,598.48
TX-0022563,CUST-02760,2025-10-28,386.58
TX-0022564,CUST-02761,2026-05-14,391.37
TX-0022565,CUST-02762,2026-02-18,572.32
TX-0022566,CUST-02762,2025-11-01,472.61
TX-0022567,CUST-02763,2026-02-24,585.17
TX-0022568,CUST-02763,2026-02-03,379.59
TX-0022569,CUST-02764,2026-05-17,313.24
TX-0022570,CUST-02764,2026-02-26,422.32
TX-0022571,CUST-02764,2025-11-21,549.32
TX-0022572,CUST-02765,2026-01-26,577.83
TX-0022573,CUST-02765,2025-06-26,422.56
TX-0022574,CUST-02765,2025-04-20,390.81
TX-0022575,CUST-02766,2026-05-02,398.08
TX-0022576,CUST-02767,2026-03-22,579.57
TX-0022577,CUST-02767,2026-02-05,337.11
TX-0022578,CUST-02768,2026-05-08,320.42
TX-0022579,CUST-02768,2025-11-05,458.13
TX-0022580,CUST-02768,2025-10-13,370.36
TX-0022581,CUST-02769,2026-03-20,478.01
TX-0022582,CUST-02770,2026-01-30,393.59
TX-0022583,CUST-02770,2025-07-03,412.86
TX-0022584,CUST-02771,2026-05-14,564.78
TX-0022585,CUST-02771,2026-02-04,351.39
TX-0022586,CUST-02771,2025-07-24,440.42
TX-0022587,CUST-02772,2026-03-02,324.34
TX-0022588,CUST-02772,2025-07-02,477.55
TX-0022589,CUST-02773,2026-04-20,359.21
TX-0022590,CUST-02773,2025-10-29,309.25
TX-0022591,CUST-02774,2026-02-11,318.23
TX-0022592,CUST-02774,2025-09-24,473.41
TX-0022593,CUST-02774,2025-11-05,413.07
TX-0022594,CUST-02775,2026-05-10,398.05
TX-0022595,CUST-02776,2026-04-16,421.0
TX-0022596,CUST-02777,2026-03-14,490.6
TX-0022597,CUST-02777,2026-01-28,518.64
TX-0022598,CUST-02777,2026-02-23,452.19
TX-0022599,CUST-02778,2026-05-12,583.39
TX-0022600,CUST-02779,2026-05-08,392.25
TX-0022601,CUST-02779,2026-03-01,506.25
TX-0022602,CUST-02780,2026-03-30,573.31
TX-0022603,CUST-02780,2026-02-17,418.56
TX-0022604,CUST-02780,2025-06-06,331.17
TX-0022605,CUST-02781,2026-03-10,381.63
TX-0022606,CUST-02781,2025-11-10,581.13
TX-0022607,CUST-02781,2025-06-21,528.68
TX-0022608,CUST-02782,2026-04-21,364.34
TX-0022609,CUST-02782,2025-10-02,438.58
TX-0022610,CUST-02783,2026-05-15,334.76
TX-0022611,CUST-02784,2026-02-26,373.51
TX-0022612,CUST-02785,2026-04-20,420.19
TX-0022613,CUST-02785,2025-08-24,460.36
TX-0022614,CUST-02785,2025-11-02,362.59
TX-0022615,CUST-02786,2026-04-11,358.26
TX-0022616,CUST-02786,2025-11-02,506.94
TX-0022617,CUST-02787,2026-02-03,595.1
TX-0022618,CUST-02787,2025-06-12,373.96
TX-0022619,CUST-02788,2026-04-04,565.8
TX-0022620,CUST-02788,2025-06-30,445.25
TX-0022621,CUST-02788,2026-03-16,337.08
TX-0022622,CUST-02789,2026-04-02,376.27
TX-0022623,CUST-02789,2025-10-02,357.34
TX-0022624,CUST-02790,2026-03-28,352.81
TX-0022625,CUST-02790,2025-06-16,562.36
TX-0022626,CUST-02791,2026-05-11,461.38
TX-0022627,CUST-02792,2026-01-25,525.45
TX-0022628,CUST-02793,2026-01-25,368.23
TX-0022629,CUST-02794,2026-05-02,518.73
TX-0022630,CUST-02794,2026-03-18,350.6
TX-0022631,CUST-02795,2026-02-11,557.85
TX-0022632,CUST-02795,2025-09-20,423.51
TX-0022633,CUST-02795,2025-07-23,568.56
TX-0022634,CUST-02796,2026-05-05,339.23
TX-0022635,CUST-02796,2025-07-27,387.75
TX-0022636,CUST-02796,2025-11-19,379.28
TX-0022637,CUST-02797,2026-05-03,585.85
TX-0022638,CUST-02797,2026-01-02,435.95
TX-0022639,CUST-02798,2026-04-19,570.33
TX-0022640,CUST-02798,2026-02-22,368.94
TX-0022641,CUST-02799,2026-03-16,465.34
TX-0022642,CUST-02800,2026-05-11,415.7
TX-0022643,CUST-02800,2025-12-16,473.6
TX-0022644,CUST-02801,2026-03-14,424.48
TX-0022645,CUST-02801,2026-02-08,516.3
TX-0022646,CUST-02802,2026-03-14,599.3
TX-0022647,CUST-02802,2025-12-10,370.62
TX-0022648,CUST-02803,2026-03-23,464.36
TX-0022649,CUST-02803,2025-08-28,311.72
TX-0022650,CUST-02804,2026-04-24,589.93
TX-0022651,CUST-02804,2025-10-24,422.0
TX-0022652,CUST-02805,2026-05-06,423.68
TX-0022653,CUST-02805,2026-04-15,355.59
TX-0022654,CUST-02806,2026-02-05,585.68
TX-0022655,CUST-02806,2025-09-02,582.16
TX-0022656,CUST-02806,2025-10-07,436.43
TX-0022657,CUST-02807,2026-03-11,338.72
TX-0022658,CUST-02808,2026-04-25,355.86
TX-0022659,CUST-02808,2025-11-17,317.82
TX-0022660,CUST-02809,2026-02-10,577.88
TX-0022661,CUST-02809,2025-06-13,398.22
TX-0022662,CUST-02810,2026-04-19,419.54
TX-0022663,CUST-02810,2026-02-11,321.83
TX-0022664,CUST-02810,2025-11-25,466.14
TX-0022665,CUST-02811,2026-04-09,535.63
TX-0022666,CUST-02811,2025-09-24,405.55
TX-0022667,CUST-02812,2026-02-02,516.12
TX-0022668,CUST-02812,2025-12-28,578.69
TX-0022669,CUST-02813,2026-02-28,563.6
TX-0022670,CUST-02813,2025-07-19,507.55
TX-0022671,CUST-02814,2026-05-18,496.97
TX-0022672,CUST-02814,2025-10-24,300.01
TX-0022673,CUST-02815,2026-04-14,311.64
TX-0022674,CUST-02815,2025-07-31,387.9
TX-0022675,CUST-02816,2026-01-25,505.46
TX-0022676,CUST-02816,2025-04-18,410.06
TX-0022677,CUST-02816,2025-10-26,418.94
TX-0022678,CUST-02817,2026-05-15,535.32
TX-0022679,CUST-02817,2026-01-24,455.81
TX-0022680,CUST-02818,2026-02-04,327.33
TX-0022681,CUST-02818,2025-06-30,575.7
TX-0022682,CUST-02819,2026-04-17,399.21
TX-0022683,CUST-02819,2025-12-14,398.62
TX-0022684,CUST-02819,2025-08-15,479.8
TX-0022685,CUST-02820,2026-03-08,320.55
TX-0022686,CUST-02821,2026-03-11,514.2
TX-0022687,CUST-02822,2026-01-27,347.9
TX-0022688,CUST-02823,2026-02-06,516.5
TX-0022689,CUST-02823,2025-05-02,450.21
TX-0022690,CUST-02823,2025-10-31,306.94
TX-0022691,CUST-02824,2026-04-20,413.75
TX-0022692,CUST-02824,2025-08-09,503.48
TX-0022693,CUST-02824,2025-09-20,519.24
TX-0022694,CUST-02825,2026-02-19,572.95
TX-0022695,CUST-02825,2025-10-19,387.66
TX-0022696,CUST-02825,2025-05-19,550.82
TX-0022697,CUST-02826,2026-03-31,403.03
TX-0022698,CUST-02827,2026-04-22,484.46
TX-0022699,CUST-02827,2025-08-23,341.0
TX-0022700,CUST-02827,2026-04-03,337.19
TX-0022701,CUST-02828,2026-03-01,362.6
TX-0022702,CUST-02829,2026-04-22,396.8
TX-0022703,CUST-02830,2026-02-22,427.45
TX-0022704,CUST-02830,2026-01-19,470.75
TX-0022705,CUST-02831,2026-05-15,317.55
TX-0022706,CUST-02831,2026-04-11,436.07
TX-0022707,CUST-02832,2026-04-08,312.51
TX-0022708,CUST-02832,2025-11-17,388.68
TX-0022709,CUST-02832,2025-11-10,493.04
TX-0022710,CUST-02833,2026-05-05,598.17
TX-0022711,CUST-02833,2025-07-21,408.13
TX-0022712,CUST-02834,2026-05-13,490.6
TX-0022713,CUST-02834,2025-10-14,350.15
TX-0022714,CUST-02834,2026-01-08,594.19
TX-0022715,CUST-02835,2026-04-17,472.55
TX-0022716,CUST-02836,2026-04-03,350.26
TX-0022717,CUST-02836,2025-08-02,460.57
TX-0022718,CUST-02837,2026-02-02,356.92
TX-0022719,CUST-02838,2026-05-06,525.29
TX-0022720,CUST-02838,2026-02-08,473.18
TX-0022721,CUST-02839,2026-04-13,537.62
TX-0022722,CUST-02839,2025-07-07,593.48
TX-0022723,CUST-02840,2026-04-27,411.03
TX-0022724,CUST-02840,2025-08-24,343.8
TX-0022725,CUST-02841,2026-04-20,419.79
TX-0022726,CUST-02842,2026-03-01,443.52
TX-0022727,CUST-02842,2025-10-10,484.29
TX-0022728,CUST-02842,2026-02-05,319.2
TX-0022729,CUST-02843,2026-03-10,551.5
TX-0022730,CUST-02843,2025-09-27,446.89
TX-0022731,CUST-02843,2025-12-28,312.05
TX-0022732,CUST-02844,2026-01-25,301.7
TX-0022733,CUST-02844,2025-10-28,371.29
TX-0022734,CUST-02844,2025-06-30,581.37
TX-0022735,CUST-02845,2026-03-23,532.17
TX-0022736,CUST-02846,2026-03-14,503.92
TX-0022737,CUST-02847,2026-04-19,559.45
TX-0022738,CUST-02848,2026-04-14,586.68
TX-0022739,CUST-02848,2026-01-25,450.73
TX-0022740,CUST-02848,2025-07-21,462.12
TX-0022741,CUST-02849,2026-04-19,328.38
TX-0022742,CUST-02849,2025-09-17,544.25
TX-0022743,CUST-02850,2026-04-02,495.21
TX-0022744,CUST-02851,2026-03-11,472.6
TX-0022745,CUST-02851,2025-07-19,485.97
TX-0022746,CUST-02852,2026-02-28,484.19
TX-0022747,CUST-02852,2026-01-09,433.27
TX-0022748,CUST-02853,2026-02-18,455.13
TX-0022749,CUST-02854,2026-02-14,412.05
TX-0022750,CUST-02854,2025-12-20,551.98
TX-0022751,CUST-02855,2026-02-02,380.12
TX-0022752,CUST-02855,2025-04-19,582.33
TX-0022753,CUST-02855,2025-11-01,575.66
TX-0022754,CUST-02856,2026-02-10,451.45
TX-0022755,CUST-02856,2025-04-21,585.17
TX-0022756,CUST-02856,2025-08-23,413.67
TX-0022757,CUST-02857,2026-03-10,332.56
TX-0022758,CUST-02857,2026-01-25,365.0
TX-0022759,CUST-02857,2025-12-25,486.62
TX-0022760,CUST-02858,2026-05-08,551.23
TX-0022761,CUST-02858,2025-09-21,569.96
TX-0022762,CUST-02858,2025-08-17,504.6
TX-0022763,CUST-02859,2026-04-26,382.66
TX-0022764,CUST-02859,2025-08-03,517.58
TX-0022765,CUST-02859,2026-03-21,337.57
TX-0022766,CUST-02860,2026-03-10,330.8
TX-0022767,CUST-02861,2026-05-16,439.87
TX-0022768,CUST-02861,2025-09-20,572.01
TX-0022769,CUST-02861,2025-12-17,509.9
TX-0022770,CUST-02862,2026-04-26,585.2
TX-0022771,CUST-02863,2026-04-24,509.22
TX-0022772,CUST-02864,2026-03-04,536.44
TX-0022773,CUST-02864,2025-06-05,548.28
TX-0022774,CUST-02864,2025-11-24,435.55
TX-0022775,CUST-02865,2026-04-09,412.92
TX-0022776,CUST-02866,2026-02-21,533.63
TX-0022777,CUST-02867,2026-05-04,510.25
TX-0022778,CUST-02867,2025-12-26,543.09
TX-0022779,CUST-02867,2025-11-24,357.5
TX-0022780,CUST-02868,2026-05-12,389.79
TX-0022781,CUST-02868,2025-11-16,437.86
TX-0022782,CUST-02868,2025-08-14,411.88
TX-0022783,CUST-02869,2026-02-16,309.51
TX-0022784,CUST-02870,2026-02-11,364.57
TX-0022785,CUST-02870,2025-09-12,491.82
TX-0022786,CUST-02870,2025-10-15,536.3
TX-0022787,CUST-02871,2026-04-27,370.71
TX-0022788,CUST-02871,2026-04-11,537.69
TX-0022789,CUST-02871,2026-02-28,342.28
TX-0022790,CUST-02872,2026-04-05,397.35
TX-0022791,CUST-02872,2025-11-10,596.15
TX-0022792,CUST-02873,2026-02-15,340.8
TX-0022793,CUST-02874,2026-02-05,481.29
TX-0022794,CUST-02874,2025-07-02,329.77
TX-0022795,CUST-02874,2025-10-31,538.1
TX-0022796,CUST-02875,2026-02-09,581.95
TX-0022797,CUST-02875,2025-05-10,332.34
TX-0022798,CUST-02875,2025-11-03,564.65
TX-0022799,CUST-02876,2026-01-30,355.16
TX-0022800,CUST-02876,2025-07-03,420.25
TX-0022801,CUST-02876,2025-09-07,327.03
TX-0022802,CUST-02877,2026-05-19,591.7
TX-0022803,CUST-02878,2026-02-02,376.19
TX-0022804,CUST-02878,2025-05-02,486.33
TX-0022805,CUST-02878,2025-11-22,449.91
TX-0022806,CUST-02879,2026-03-23,582.35
TX-0022807,CUST-02879,2025-11-06,537.27
TX-0022808,CUST-02879,2026-02-15,554.06
TX-0022809,CUST-02880,2026-05-15,479.39
TX-0022810,CUST-02880,2026-01-03,497.62
TX-0022811,CUST-02881,2026-01-28,350.1
TX-0022812,CUST-02881,2025-06-07,327.01
TX-0022813,CUST-02881,2025-05-04,451.99
TX-0022814,CUST-02882,2026-05-05,567.0
TX-0022815,CUST-02882,2025-10-15,524.94
TX-0022816,CUST-02883,2026-02-24,486.42
TX-0022817,CUST-02883,2025-12-18,435.02
TX-0022818,CUST-02883,2026-02-06,483.31
TX-0022819,CUST-02884,2026-03-14,403.16
TX-0022820,CUST-02884,2026-02-20,437.34
TX-0022821,CUST-02884,2026-02-06,450.07
TX-0022822,CUST-02885,2026-05-08,400.29
TX-0022823,CUST-02885,2025-08-10,446.83
TX-0022824,CUST-02886,2026-05-15,515.72
TX-0022825,CUST-02886,2025-12-26,413.41
TX-0022826,CUST-02887,2026-05-05,349.52
TX-0022827,CUST-02888,2026-04-25,481.09
TX-0022828,CUST-02889,2026-04-21,350.59
TX-0022829,CUST-02889,2025-11-05,504.45
TX-0022830,CUST-02890,2026-01-30,572.88
TX-0022831,CUST-02891,2026-02-17,477.13
TX-0022832,CUST-02891,2025-10-13,385.77
TX-0022833,CUST-02892,2026-03-21,585.22
TX-0022834,CUST-02893,2026-03-31,437.62
TX-0022835,CUST-02893,2026-02-23,537.46
TX-0022836,CUST-02893,2025-07-07,463.37
TX-0022837,CUST-02894,2026-03-15,412.71
TX-0022838,CUST-02894,2025-06-14,300.62
TX-0022839,CUST-02895,2026-03-25,309.92
TX-0022840,CUST-02895,2025-07-03,539.22
TX-0022841,CUST-02895,2026-01-30,306.21
TX-0022842,CUST-02896,2026-05-15,559.22
TX-0022843,CUST-02896,2025-08-24,311.08
TX-0022844,CUST-02897,2026-04-19,328.44
TX-0022845,CUST-02897,2026-01-15,327.77
TX-0022846,CUST-02897,2026-02-21,572.45
TX-0022847,CUST-02898,2026-02-28,371.5
TX-0022848,CUST-02898,2025-11-17,312.86
TX-0022849,CUST-02899,2026-04-08,390.34
TX-0022850,CUST-02899,2025-09-15,575.12
TX-0022851,CUST-02900,2026-04-24,504.6
TX-0022852,CUST-02900,2025-12-15,396.35
TX-0022853,CUST-02900,2025-11-25,534.54
TX-0022854,CUST-02901,2026-02-24,556.75
TX-0022855,CUST-02901,2026-01-30,409.17
TX-0022856,CUST-02902,2026-02-28,509.5
TX-0022857,CUST-02903,2026-05-15,321.3
TX-0022858,CUST-02903,2025-10-29,406.18
TX-0022859,CUST-02903,2025-08-18,500.83
TX-0022860,CUST-02904,2026-04-28,451.23
TX-0022861,CUST-02904,2026-01-05,482.52
TX-0022862,CUST-02905,2026-03-05,400.24
TX-0022863,CUST-02905,2026-01-30,458.0
TX-0022864,CUST-02906,2026-03-21,522.83
TX-0022865,CUST-02906,2025-06-05,481.65
TX-0022866,CUST-02906,2025-09-20,410.33
TX-0022867,CUST-02907,2026-03-02,574.92
TX-0022868,CUST-02907,2025-11-08,553.9
TX-0022869,CUST-02907,2025-06-12,572.64
TX-0022870,CUST-02908,2026-04-24,454.16
TX-0022871,CUST-02909,2026-05-01,445.63
TX-0022872,CUST-02909,2026-02-24,554.55
TX-0022873,CUST-02910,2026-04-12,382.29
TX-0022874,CUST-02910,2026-02-11,342.94
TX-0022875,CUST-02910,2026-03-05,421.44
TX-0022876,CUST-02911,2026-05-06,435.3
TX-0022877,CUST-02911,2026-03-28,480.34
TX-0022878,CUST-02912,2026-02-21,327.69
TX-0022879,CUST-02912,2025-10-26,591.47
TX-0022880,CUST-02913,2026-05-05,566.59
TX-0022881,CUST-02914,2026-03-04,453.64
TX-0022882,CUST-02914,2025-06-10,383.24
TX-0022883,CUST-02915,2026-04-07,483.78
TX-0022884,CUST-02915,2025-06-20,537.31
TX-0022885,CUST-02915,2025-11-30,574.03
TX-0022886,CUST-02916,2026-03-25,521.2
TX-0022887,CUST-02916,2025-12-22,582.77
TX-0022888,CUST-02916,2025-11-01,358.34
TX-0022889,CUST-02917,2026-03-20,496.01
TX-0022890,CUST-02917,2025-06-14,447.4
TX-0022891,CUST-02918,2026-04-19,354.23
TX-0022892,CUST-02918,2025-10-09,525.99
TX-0022893,CUST-02919,2026-03-19,349.99
TX-0022894,CUST-02919,2025-12-11,546.08
TX-0022895,CUST-02919,2026-01-07,450.13
TX-0022896,CUST-02920,2026-04-05,324.81
TX-0022897,CUST-02920,2025-08-29,326.93
TX-0022898,CUST-02920,2025-06-21,347.65
TX-0022899,CUST-02921,2026-05-12,437.7
TX-0022900,CUST-02921,2025-10-20,302.01
TX-0022901,CUST-02922,2026-04-28,455.66
TX-0022902,CUST-02922,2025-08-20,418.17
TX-0022903,CUST-02922,2026-02-19,504.59
TX-0022904,CUST-02923,2026-04-12,598.12
TX-0022905,CUST-02923,2025-11-24,532.29
TX-0022906,CUST-02923,2025-07-02,466.19
TX-0022907,CUST-02924,2026-03-19,480.26
TX-0022908,CUST-02924,2025-07-07,401.78
TX-0022909,CUST-02924,2025-12-24,425.34
TX-0022910,CUST-02925,2026-04-28,495.66
TX-0022911,CUST-02925,2025-07-14,419.57
TX-0022912,CUST-02926,2026-04-02,572.1
TX-0022913,CUST-02926,2026-03-13,408.09
TX-0022914,CUST-02927,2026-02-21,572.94
TX-0022915,CUST-02927,2025-06-13,411.92
TX-0022916,CUST-02927,2025-12-06,529.6
TX-0022917,CUST-02928,2026-04-12,303.35
TX-0022918,CUST-02929,2026-01-30,452.99
TX-0022919,CUST-02930,2026-03-14,364.89
TX-0022920,CUST-02931,2026-02-07,553.93
TX-0022921,CUST-02931,2025-12-30,405.03
TX-0022922,CUST-02932,2026-01-24,331.59
TX-0022923,CUST-02933,2026-02-07,489.89
TX-0022924,CUST-02933,2025-10-08,507.66
TX-0022925,CUST-02933,2025-05-13,553.16
TX-0022926,CUST-02934,2026-02-01,347.93
TX-0022927,CUST-02934,2025-08-02,501.69
TX-0022928,CUST-02935,2026-03-05,569.82
TX-0022929,CUST-02936,2026-05-14,428.63
TX-0022930,CUST-02936,2026-01-24,454.13
TX-0022931,CUST-02937,2026-02-28,351.15
TX-0022932,CUST-02937,2025-12-31,410.61
TX-0022933,CUST-02937,2025-09-24,597.57
TX-0022934,CUST-02938,2026-02-18,419.56
TX-0022935,CUST-02938,2025-07-12,580.51
TX-0022936,CUST-02939,2026-03-04,352.74
TX-0022937,CUST-02939,2026-01-02,493.34
TX-0022938,CUST-02939,2025-11-14,440.12
TX-0022939,CUST-02940,2026-05-18,581.91
TX-0022940,CUST-02941,2026-03-28,467.58
TX-0022941,CUST-02941,2025-08-12,358.56
TX-0022942,CUST-02942,2026-03-01,598.99
TX-0022943,CUST-02942,2025-07-06,497.72
TX-0022944,CUST-02943,2026-04-17,327.41
TX-0022945,CUST-02943,2025-09-04,411.17
TX-0022946,CUST-02943,2026-01-04,368.74
TX-0022947,CUST-02944,2026-02-05,449.25
TX-0022948,CUST-02944,2025-06-26,422.34
TX-0022949,CUST-02944,2025-06-09,557.58
TX-0022950,CUST-02945,2026-04-27,555.53
TX-0022951,CUST-02945,2026-03-22,556.95
TX-0022952,CUST-02945,2025-08-20,372.92
TX-0022953,CUST-02946,2026-04-27,343.02
TX-0022954,CUST-02946,2025-09-19,486.59
TX-0022955,CUST-02947,2026-02-03,486.59
TX-0022956,CUST-02947,2025-04-30,428.08
TX-0022957,CUST-02947,2025-06-01,579.0
TX-0022958,CUST-02948,2026-04-22,425.69
TX-0022959,CUST-02948,2025-08-24,598.71
TX-0022960,CUST-02948,2025-11-30,334.88
TX-0022961,CUST-02949,2026-03-19,404.38
TX-0022962,CUST-02950,2026-03-14,533.49
TX-0022963,CUST-02951,2026-05-02,421.76
TX-0022964,CUST-02952,2026-04-27,335.32
TX-0022965,CUST-02952,2026-01-20,472.83
TX-0022966,CUST-02952,2025-07-20,321.48
TX-0022967,CUST-02953,2026-04-09,311.3
TX-0022968,CUST-02953,2026-01-14,504.66
TX-0022969,CUST-02954,2026-04-01,507.39
TX-0022970,CUST-02955,2026-01-30,573.1
TX-0022971,CUST-02956,2026-03-11,535.03
TX-0022972,CUST-02956,2026-01-19,518.94
TX-0022973,CUST-02957,2026-04-11,491.42
TX-0022974,CUST-02957,2025-08-02,337.31
TX-0022975,CUST-02957,2025-08-07,490.55
TX-0022976,CUST-02958,2026-03-06,562.83
TX-0022977,CUST-02958,2025-09-05,462.73
TX-0022978,CUST-02958,2025-05-23,332.76
TX-0022979,CUST-02959,2026-02-11,398.98
TX-0022980,CUST-02960,2026-05-17,466.08
TX-0022981,CUST-02961,2026-02-06,506.44
TX-0022982,CUST-02962,2026-03-02,530.78
TX-0022983,CUST-02962,2025-06-22,426.08
TX-0022984,CUST-02962,2025-05-11,531.35
TX-0022985,CUST-02963,2026-03-08,361.42
TX-0022986,CUST-02963,2025-06-11,506.07
TX-0022987,CUST-02963,2026-02-01,370.59
TX-0022988,CUST-02964,2026-03-12,511.57
TX-0022989,CUST-02965,2026-02-03,434.75
TX-0022990,CUST-02966,2026-02-19,391.5
TX-0022991,CUST-02966,2025-07-23,410.18
TX-0022992,CUST-02967,2026-02-08,557.61
TX-0022993,CUST-02967,2025-05-13,524.98
TX-0022994,CUST-02968,2026-01-29,322.4
TX-0022995,CUST-02969,2026-02-10,577.32
TX-0022996,CUST-02969,2025-04-28,367.01
TX-0022997,CUST-02970,2026-04-25,477.6
TX-0022998,CUST-02970,2025-08-31,421.29
TX-0022999,CUST-02970,2025-11-24,558.8
TX-0023000,CUST-02971,2026-03-13,410.45
TX-0023001,CUST-02971,2025-06-09,433.22
TX-0023002,CUST-02971,2025-12-30,322.29
TX-0023003,CUST-02972,2026-04-07,309.85
TX-0023004,CUST-02972,2026-01-31,376.73
TX-0023005,CUST-02973,2026-03-05,374.21
TX-0023006,CUST-02973,2025-08-09,332.73
TX-0023007,CUST-02974,2026-03-28,325.8
TX-0023008,CUST-02974,2026-01-30,588.05
TX-0023009,CUST-02974,2025-06-24,442.79
TX-0023010,CUST-02975,2026-02-15,438.46
TX-0023011,CUST-02976,2026-04-30,423.54
TX-0023012,CUST-02977,2026-05-09,567.82
TX-0023013,CUST-02978,2026-02-13,385.92
TX-0023014,CUST-02979,2026-03-20,491.68
TX-0023015,CUST-02979,2025-08-08,441.14
TX-0023016,CUST-02980,2026-04-06,447.96
TX-0023017,CUST-02980,2026-01-12,401.77
TX-0023018,CUST-02981,2026-03-20,471.06
TX-0023019,CUST-02982,2026-05-13,426.17
TX-0023020,CUST-02983,2026-03-23,486.53
TX-0023021,CUST-02983,2025-12-06,445.49
TX-0023022,CUST-02984,2026-02-26,412.34
TX-0023023,CUST-02985,2026-03-22,413.75
TX-0023024,CUST-02986,2026-04-29,417.31
TX-0023025,CUST-02986,2025-08-21,402.49
TX-0023026,CUST-02987,2026-04-17,320.79
TX-0023027,CUST-02987,2025-12-15,598.17
TX-0023028,CUST-02987,2025-11-23,466.6
TX-0023029,CUST-02988,2026-03-07,577.02
TX-0023030,CUST-02989,2026-04-28,424.31
TX-0023031,CUST-02989,2025-11-02,513.96
TX-0023032,CUST-02990,2026-03-29,580.39
TX-0023033,CUST-02991,2026-05-05,549.93
TX-0023034,CUST-02992,2026-03-01,447.52
TX-0023035,CUST-02992,2025-08-08,563.0
TX-0023036,CUST-02992,2026-01-25,486.18
TX-0023037,CUST-02993,2026-03-09,409.29
TX-0023038,CUST-02993,2026-02-05,435.11
TX-0023039,CUST-02994,2026-03-11,383.48
TX-0023040,CUST-02995,2026-03-09,374.86
TX-0023041,CUST-02996,2026-04-05,330.61
TX-0023042,CUST-02996,2025-09-22,427.07
TX-0023043,CUST-02997,2026-03-08,596.63
TX-0023044,CUST-02997,2026-02-14,455.39
TX-0023045,CUST-02997,2025-12-13,475.05
TX-0023046,CUST-02998,2026-02-28,312.75
TX-0023047,CUST-02998,2026-02-04,596.73
TX-0023048,CUST-02999,2026-04-12,454.07
TX-0023049,CUST-02999,2025-12-05,564.11
TX-0023050,CUST-02999,2025-11-18,539.74
TX-0023051,CUST-03000,2026-04-26,562.37
